date_confirm,province,new_cases,imported_cases,new_cases_wo_imported
2020-01-16T00:00:00Z,hubei,4,0,4
2020-01-17T00:00:00Z,hubei,17,0,17
2020-01-18T00:00:00Z,hubei,59,0,59
2020-01-19T00:00:00Z,hubei,77,0,77
2020-01-20T00:00:00Z,hubei,72,0,72
2020-01-21T00:00:00Z,hubei,105,0,105
2020-01-22T00:00:00Z,hubei,69,0,69
2020-01-23T00:00:00Z,hubei,105,0,105
2020-01-24T00:00:00Z,hubei,180,0,180
2020-01-25T00:00:00Z,hubei,323,0,323
2020-01-26T00:00:00Z,hubei,371,0,371
2020-01-27T00:00:00Z,hubei,1291,0,1291
2020-01-28T00:00:00Z,hubei,840,0,840
2020-01-29T00:00:00Z,hubei,1032,0,1032
2020-01-30T00:00:00Z,hubei,1220,0,1220
2020-01-31T00:00:00Z,hubei,1347,0,1347
2020-02-01T00:00:00Z,hubei,1921,0,1921
2020-02-02T00:00:00Z,hubei,2103,0,2103
2020-02-03T00:00:00Z,hubei,2345,0,2345
2020-02-04T00:00:00Z,hubei,3156,0,3156
2020-02-05T00:00:00Z,hubei,2987,0,2987
2020-02-06T00:00:00Z,hubei,2447,0,2447
2020-02-07T00:00:00Z,hubei,2841,0,2841
2020-02-08T00:00:00Z,hubei,2147,0,2147
2020-02-09T00:00:00Z,hubei,2618,0,2618
2020-02-10T00:00:00Z,hubei,2097,0,2097
2020-02-11T00:00:00Z,hubei,1638,0,1638
2020-02-12T00:00:00Z,hubei,14840,0,14840
2020-02-13T00:00:00Z,hubei,4823,0,4823
2020-02-14T00:00:00Z,hubei,2420,0,2420
2020-02-15T00:00:00Z,hubei,1843,0,1843
2020-02-16T00:00:00Z,hubei,1933,0,1933
2020-02-17T00:00:00Z,hubei,1807,0,1807
2020-02-18T00:00:00Z,hubei,1693,0,1693
2020-02-19T00:00:00Z,hubei,775,0,775
2020-02-20T00:00:00Z,hubei,631,0,631
2020-02-21T00:00:00Z,hubei,366,0,366
2020-02-22T00:00:00Z,hubei,630,0,630
2020-02-23T00:00:00Z,hubei,398,0,398
2020-02-24T00:00:00Z,hubei,499,0,499
2020-02-25T00:00:00Z,hubei,401,0,401
2020-02-26T00:00:00Z,hubei,409,0,409
2020-02-27T00:00:00Z,hubei,318,0,318
2020-02-28T00:00:00Z,hubei,423,0,423
2020-02-29T00:00:00Z,hubei,570,0,570
2020-03-01T00:00:00Z,hubei,196,0,196
2020-03-02T00:00:00Z,hubei,114,0,114
2020-03-03T00:00:00Z,hubei,115,0,115
2020-03-04T00:00:00Z,hubei,134,0,134
2020-03-05T00:00:00Z,hubei,126,0,126
2020-03-06T00:00:00Z,hubei,74,0,74
2020-03-07T00:00:00Z,hubei,41,0,41
2020-03-08T00:00:00Z,hubei,36,0,36
2020-03-09T00:00:00Z,hubei,17,0,17
2020-03-10T00:00:00Z,hubei,13,0,13
2020-03-11T00:00:00Z,hubei,8,0,8
2020-03-12T00:00:00Z,hubei,5,0,5
2020-03-13T00:00:00Z,hubei,4,0,4
2020-03-14T00:00:00Z,hubei,4,0,4
2020-03-15T00:00:00Z,hubei,4,0,4
2020-03-16T00:00:00Z,hubei,1,0,1
2020-03-17T00:00:00Z,hubei,1,0,1
2020-03-18T00:00:00Z,hubei,0,0,0
2020-03-19T00:00:00Z,hubei,0,0,0
2020-03-20T00:00:00Z,hubei,0,0,0
2020-03-21T00:00:00Z,hubei,0,0,0
2020-03-22T00:00:00Z,hubei,0,0,0
2020-03-23T00:00:00Z,hubei,1,0,1
2020-03-24T00:00:00Z,hubei,0,0,0
2020-03-25T00:00:00Z,hubei,NA,0,NA
2020-03-26T00:00:00Z,hubei,NA,0,NA
2020-03-27T00:00:00Z,hubei,NA,0,NA
2020-03-28T00:00:00Z,hubei,NA,0,NA
2020-03-29T00:00:00Z,hubei,NA,0,NA
2020-03-30T00:00:00Z,hubei,NA,0,NA
2020-03-31T00:00:00Z,hubei,NA,0,NA
2020-04-01T00:00:00Z,hubei,NA,0,NA
2020-04-02T00:00:00Z,hubei,NA,0,NA
2020-01-16T00:00:00Z,guangdong,0,0,0
2020-01-17T00:00:00Z,guangdong,0,0,0
2020-01-18T00:00:00Z,guangdong,0,0,0
2020-01-19T00:00:00Z,guangdong,0,0,0
2020-01-20T00:00:00Z,guangdong,0,0,0
2020-01-21T00:00:00Z,guangdong,12,0,12
2020-01-22T00:00:00Z,guangdong,6,0,6
2020-01-23T00:00:00Z,guangdong,21,0,21
2020-01-24T00:00:00Z,guangdong,25,0,25
2020-01-25T00:00:00Z,guangdong,20,0,20
2020-01-26T00:00:00Z,guangdong,48,0,48
2020-01-27T00:00:00Z,guangdong,42,0,42
2020-01-28T00:00:00Z,guangdong,53,0,53
2020-01-29T00:00:00Z,guangdong,70,0,70
2020-01-30T00:00:00Z,guangdong,82,0,82
2020-01-31T00:00:00Z,guangdong,127,0,127
2020-02-01T00:00:00Z,guangdong,85,0,85
2020-02-02T00:00:00Z,guangdong,79,0,79
2020-02-03T00:00:00Z,guangdong,114,0,114
2020-02-04T00:00:00Z,guangdong,73,0,73
2020-02-05T00:00:00Z,guangdong,74,0,74
2020-02-06T00:00:00Z,guangdong,74,0,74
2020-02-07T00:00:00Z,guangdong,57,0,57
2020-02-08T00:00:00Z,guangdong,45,0,45
2020-02-09T00:00:00Z,guangdong,31,0,31
2020-02-10T00:00:00Z,guangdong,26,0,26
2020-02-11T00:00:00Z,guangdong,42,0,42
2020-02-12T00:00:00Z,guangdong,22,0,22
2020-02-13T00:00:00Z,guangdong,20,0,20
2020-02-14T00:00:00Z,guangdong,33,0,33
2020-02-15T00:00:00Z,guangdong,22,0,22
2020-02-16T00:00:00Z,guangdong,6,0,6
2020-02-17T00:00:00Z,guangdong,6,0,6
2020-02-18T00:00:00Z,guangdong,3,0,3
2020-02-19T00:00:00Z,guangdong,1,0,1
2020-02-20T00:00:00Z,guangdong,1,0,1
2020-02-21T00:00:00Z,guangdong,6,0,6
2020-02-22T00:00:00Z,guangdong,3,0,3
2020-02-23T00:00:00Z,guangdong,3,0,3
2020-02-24T00:00:00Z,guangdong,2,0,2
2020-02-25T00:00:00Z,guangdong,0,0,0
2020-02-26T00:00:00Z,guangdong,0,0,0
2020-02-27T00:00:00Z,guangdong,1,0,1
2020-02-28T00:00:00Z,guangdong,1,0,1
2020-02-29T00:00:00Z,guangdong,0,0,0
2020-03-01T00:00:00Z,guangdong,1,1,0
2020-03-02T00:00:00Z,guangdong,0,0,0
2020-03-03T00:00:00Z,guangdong,0,0,0
2020-03-04T00:00:00Z,guangdong,0,0,0
2020-03-05T00:00:00Z,guangdong,1,0,1
2020-03-06T00:00:00Z,guangdong,1,1,0
2020-03-07T00:00:00Z,guangdong,0,0,0
2020-03-08T00:00:00Z,guangdong,0,0,0
2020-03-09T00:00:00Z,guangdong,1,1,0
2020-03-10T00:00:00Z,guangdong,0,0,0
2020-03-11T00:00:00Z,guangdong,3,3,0
2020-03-12T00:00:00Z,guangdong,0,0,0
2020-03-13T00:00:00Z,guangdong,0,0,0
2020-03-14T00:00:00Z,guangdong,1,1,0
2020-03-15T00:00:00Z,guangdong,4,4,0
2020-03-16T00:00:00Z,guangdong,3,3,0
2020-03-17T00:00:00Z,guangdong,5,5,0
2020-03-18T00:00:00Z,guangdong,9,9,0
2020-03-19T00:00:00Z,guangdong,14,14,0
2020-03-20T00:00:00Z,guangdong,7,7,0
2020-03-21T00:00:00Z,guangdong,8,7,1
2020-03-22T00:00:00Z,guangdong,6,6,0
2020-03-23T00:00:00Z,guangdong,15,14,1
2020-03-24T00:00:00Z,guangdong,5,5,0
2020-03-25T00:00:00Z,guangdong,NA,0,NA
2020-03-26T00:00:00Z,guangdong,NA,0,NA
2020-03-27T00:00:00Z,guangdong,NA,0,NA
2020-03-28T00:00:00Z,guangdong,NA,0,NA
2020-03-29T00:00:00Z,guangdong,NA,0,NA
2020-03-30T00:00:00Z,guangdong,NA,0,NA
2020-03-31T00:00:00Z,guangdong,NA,0,NA
2020-04-01T00:00:00Z,guangdong,NA,0,NA
2020-04-02T00:00:00Z,guangdong,NA,0,NA
2020-01-16T00:00:00Z,zhejiang,0,0,0
2020-01-17T00:00:00Z,zhejiang,0,0,0
2020-01-18T00:00:00Z,zhejiang,0,0,0
2020-01-19T00:00:00Z,zhejiang,0,0,0
2020-01-20T00:00:00Z,zhejiang,0,0,0
2020-01-21T00:00:00Z,zhejiang,5,0,5
2020-01-22T00:00:00Z,zhejiang,5,0,5
2020-01-23T00:00:00Z,zhejiang,20,0,20
2020-01-24T00:00:00Z,zhejiang,19,0,19
2020-01-25T00:00:00Z,zhejiang,42,0,42
2020-01-26T00:00:00Z,zhejiang,24,0,24
2020-01-27T00:00:00Z,zhejiang,45,0,45
2020-01-28T00:00:00Z,zhejiang,123,0,123
2020-01-29T00:00:00Z,zhejiang,132,0,132
2020-01-30T00:00:00Z,zhejiang,109,0,109
2020-01-31T00:00:00Z,zhejiang,62,0,62
2020-02-01T00:00:00Z,zhejiang,62,0,62
2020-02-02T00:00:00Z,zhejiang,63,0,63
2020-02-03T00:00:00Z,zhejiang,105,0,105
2020-02-04T00:00:00Z,zhejiang,66,0,66
2020-02-05T00:00:00Z,zhejiang,59,0,59
2020-02-06T00:00:00Z,zhejiang,52,0,52
2020-02-07T00:00:00Z,zhejiang,42,0,42
2020-02-08T00:00:00Z,zhejiang,27,0,27
2020-02-09T00:00:00Z,zhejiang,29,0,29
2020-02-10T00:00:00Z,zhejiang,25,0,25
2020-02-11T00:00:00Z,zhejiang,14,0,14
2020-02-12T00:00:00Z,zhejiang,14,0,14
2020-02-13T00:00:00Z,zhejiang,10,0,10
2020-02-14T00:00:00Z,zhejiang,7,0,7
2020-02-15T00:00:00Z,zhejiang,5,0,5
2020-02-16T00:00:00Z,zhejiang,4,0,4
2020-02-17T00:00:00Z,zhejiang,1,0,1
2020-02-18T00:00:00Z,zhejiang,1,0,1
2020-02-19T00:00:00Z,zhejiang,2,0,2
2020-02-20T00:00:00Z,zhejiang,28,0,28
2020-02-21T00:00:00Z,zhejiang,2,0,2
2020-02-22T00:00:00Z,zhejiang,0,0,0
2020-02-23T00:00:00Z,zhejiang,0,0,0
2020-02-24T00:00:00Z,zhejiang,0,0,0
2020-02-25T00:00:00Z,zhejiang,0,0,0
2020-02-26T00:00:00Z,zhejiang,0,0,0
2020-02-27T00:00:00Z,zhejiang,0,0,0
2020-02-28T00:00:00Z,zhejiang,0,0,0
2020-02-29T00:00:00Z,zhejiang,0,0,0
2020-03-01T00:00:00Z,zhejiang,1,1,0
2020-03-02T00:00:00Z,zhejiang,7,7,0
2020-03-03T00:00:00Z,zhejiang,0,0,0
2020-03-04T00:00:00Z,zhejiang,2,2,0
2020-03-05T00:00:00Z,zhejiang,0,0,0
2020-03-06T00:00:00Z,zhejiang,0,0,0
2020-03-07T00:00:00Z,zhejiang,0,0,0
2020-03-08T00:00:00Z,zhejiang,0,0,0
2020-03-09T00:00:00Z,zhejiang,0,0,0
2020-03-10T00:00:00Z,zhejiang,0,0,0
2020-03-11T00:00:00Z,zhejiang,0,0,0
2020-03-12T00:00:00Z,zhejiang,0,0,0
2020-03-13T00:00:00Z,zhejiang,0,0,0
2020-03-14T00:00:00Z,zhejiang,4,4,0
2020-03-15T00:00:00Z,zhejiang,0,0,0
2020-03-16T00:00:00Z,zhejiang,1,1,0
2020-03-17T00:00:00Z,zhejiang,0,0,0
2020-03-18T00:00:00Z,zhejiang,1,1,0
2020-03-19T00:00:00Z,zhejiang,1,1,0
2020-03-20T00:00:00Z,zhejiang,2,2,0
2020-03-21T00:00:00Z,zhejiang,1,1,0
2020-03-22T00:00:00Z,zhejiang,1,1,0
2020-03-23T00:00:00Z,zhejiang,2,2,0
2020-03-24T00:00:00Z,zhejiang,1,1,0
2020-03-25T00:00:00Z,zhejiang,NA,0,NA
2020-03-26T00:00:00Z,zhejiang,NA,0,NA
2020-03-27T00:00:00Z,zhejiang,NA,0,NA
2020-03-28T00:00:00Z,zhejiang,NA,0,NA
2020-03-29T00:00:00Z,zhejiang,NA,0,NA
2020-03-30T00:00:00Z,zhejiang,NA,0,NA
2020-03-31T00:00:00Z,zhejiang,NA,0,NA
2020-04-01T00:00:00Z,zhejiang,NA,0,NA
2020-04-02T00:00:00Z,zhejiang,NA,0,NA
2020-01-16T00:00:00Z,henan,0,0,0
2020-01-17T00:00:00Z,henan,0,0,0
2020-01-18T00:00:00Z,henan,0,0,0
2020-01-19T00:00:00Z,henan,0,0,0
2020-01-20T00:00:00Z,henan,0,0,0
2020-01-21T00:00:00Z,henan,1,0,1
2020-01-22T00:00:00Z,henan,4,0,4
2020-01-23T00:00:00Z,henan,4,0,4
2020-01-24T00:00:00Z,henan,23,0,23
2020-01-25T00:00:00Z,henan,51,0,51
2020-01-26T00:00:00Z,henan,45,0,45
2020-01-27T00:00:00Z,henan,40,0,40
2020-01-28T00:00:00Z,henan,38,0,38
2020-01-29T00:00:00Z,henan,72,0,72
2020-01-30T00:00:00Z,henan,74,0,74
2020-01-31T00:00:00Z,henan,70,0,70
2020-02-01T00:00:00Z,henan,71,0,71
2020-02-02T00:00:00Z,henan,73,0,73
2020-02-03T00:00:00Z,henan,109,0,109
2020-02-04T00:00:00Z,henan,89,0,89
2020-02-05T00:00:00Z,henan,87,0,87
2020-02-06T00:00:00Z,henan,63,0,63
2020-02-07T00:00:00Z,henan,67,0,67
2020-02-08T00:00:00Z,henan,53,0,53
2020-02-09T00:00:00Z,henan,40,0,40
2020-02-10T00:00:00Z,henan,32,0,32
2020-02-11T00:00:00Z,henan,30,0,30
2020-02-12T00:00:00Z,henan,34,0,34
2020-02-13T00:00:00Z,henan,15,0,15
2020-02-14T00:00:00Z,henan,28,0,28
2020-02-15T00:00:00Z,henan,19,0,19
2020-02-16T00:00:00Z,henan,15,0,15
2020-02-17T00:00:00Z,henan,11,0,11
2020-02-18T00:00:00Z,henan,5,0,5
2020-02-19T00:00:00Z,henan,4,0,4
2020-02-20T00:00:00Z,henan,2,0,2
2020-02-21T00:00:00Z,henan,3,0,3
2020-02-22T00:00:00Z,henan,1,0,1
2020-02-23T00:00:00Z,henan,0,0,0
2020-02-24T00:00:00Z,henan,0,0,0
2020-02-25T00:00:00Z,henan,0,0,0
2020-02-26T00:00:00Z,henan,1,0,1
2020-02-27T00:00:00Z,henan,0,0,0
2020-02-28T00:00:00Z,henan,0,0,0
2020-02-29T00:00:00Z,henan,0,0,0
2020-03-01T00:00:00Z,henan,0,0,0
2020-03-02T00:00:00Z,henan,0,0,0
2020-03-03T00:00:00Z,henan,0,0,0
2020-03-04T00:00:00Z,henan,0,0,0
2020-03-05T00:00:00Z,henan,0,0,0
2020-03-06T00:00:00Z,henan,0,0,0
2020-03-07T00:00:00Z,henan,0,0,0
2020-03-08T00:00:00Z,henan,0,0,0
2020-03-09T00:00:00Z,henan,0,0,0
2020-03-10T00:00:00Z,henan,0,0,0
2020-03-11T00:00:00Z,henan,1,1,0
2020-03-12T00:00:00Z,henan,0,0,0
2020-03-13T00:00:00Z,henan,0,0,0
2020-03-14T00:00:00Z,henan,0,0,0
2020-03-15T00:00:00Z,henan,0,0,0
2020-03-16T00:00:00Z,henan,0,0,0
2020-03-17T00:00:00Z,henan,0,0,0
2020-03-18T00:00:00Z,henan,0,0,0
2020-03-19T00:00:00Z,henan,0,0,0
2020-03-20T00:00:00Z,henan,0,0,0
2020-03-21T00:00:00Z,henan,0,0,0
2020-03-22T00:00:00Z,henan,1,1,0
2020-03-23T00:00:00Z,henan,0,0,0
2020-03-24T00:00:00Z,henan,0,0,0
2020-03-25T00:00:00Z,henan,NA,0,NA
2020-03-26T00:00:00Z,henan,NA,0,NA
2020-03-27T00:00:00Z,henan,NA,0,NA
2020-03-28T00:00:00Z,henan,NA,0,NA
2020-03-29T00:00:00Z,henan,NA,0,NA
2020-03-30T00:00:00Z,henan,NA,0,NA
2020-03-31T00:00:00Z,henan,NA,0,NA
2020-04-01T00:00:00Z,henan,NA,0,NA
2020-04-02T00:00:00Z,henan,NA,0,NA
2020-01-16T00:00:00Z,hunan,0,0,0
2020-01-17T00:00:00Z,hunan,0,0,0
2020-01-18T00:00:00Z,hunan,0,0,0
2020-01-19T00:00:00Z,hunan,0,0,0
2020-01-20T00:00:00Z,hunan,0,0,0
2020-01-21T00:00:00Z,hunan,1,0,1
2020-01-22T00:00:00Z,hunan,3,0,3
2020-01-23T00:00:00Z,hunan,5,0,5
2020-01-24T00:00:00Z,hunan,15,0,15
2020-01-25T00:00:00Z,hunan,45,0,45
2020-01-26T00:00:00Z,hunan,31,0,31
2020-01-27T00:00:00Z,hunan,43,0,43
2020-01-28T00:00:00Z,hunan,78,0,78
2020-01-29T00:00:00Z,hunan,56,0,56
2020-01-30T00:00:00Z,hunan,55,0,55
2020-01-31T00:00:00Z,hunan,57,0,57
2020-02-01T00:00:00Z,hunan,74,0,74
2020-02-02T00:00:00Z,hunan,58,0,58
2020-02-03T00:00:00Z,hunan,72,0,72
2020-02-04T00:00:00Z,hunan,68,0,68
2020-02-05T00:00:00Z,hunan,50,0,50
2020-02-06T00:00:00Z,hunan,61,0,61
2020-02-07T00:00:00Z,hunan,31,0,31
2020-02-08T00:00:00Z,hunan,35,0,35
2020-02-09T00:00:00Z,hunan,41,0,41
2020-02-10T00:00:00Z,hunan,33,0,33
2020-02-11T00:00:00Z,hunan,34,0,34
2020-02-12T00:00:00Z,hunan,22,0,22
2020-02-13T00:00:00Z,hunan,20,0,20
2020-02-14T00:00:00Z,hunan,13,0,13
2020-02-15T00:00:00Z,hunan,3,0,3
2020-02-16T00:00:00Z,hunan,2,0,2
2020-02-17T00:00:00Z,hunan,1,0,1
2020-02-18T00:00:00Z,hunan,1,0,1
2020-02-19T00:00:00Z,hunan,2,0,2
2020-02-20T00:00:00Z,hunan,1,0,1
2020-02-21T00:00:00Z,hunan,2,0,2
2020-02-22T00:00:00Z,hunan,3,0,3
2020-02-23T00:00:00Z,hunan,0,0,0
2020-02-24T00:00:00Z,hunan,0,0,0
2020-02-25T00:00:00Z,hunan,0,0,0
2020-02-26T00:00:00Z,hunan,1,0,1
2020-02-27T00:00:00Z,hunan,0,0,0
2020-02-28T00:00:00Z,hunan,1,0,1
2020-02-29T00:00:00Z,hunan,0,0,0
2020-03-01T00:00:00Z,hunan,0,0,0
2020-03-02T00:00:00Z,hunan,0,0,0
2020-03-03T00:00:00Z,hunan,0,0,0
2020-03-04T00:00:00Z,hunan,0,0,0
2020-03-05T00:00:00Z,hunan,0,0,0
2020-03-06T00:00:00Z,hunan,0,0,0
2020-03-07T00:00:00Z,hunan,0,0,0
2020-03-08T00:00:00Z,hunan,0,0,0
2020-03-09T00:00:00Z,hunan,0,0,0
2020-03-10T00:00:00Z,hunan,0,0,0
2020-03-11T00:00:00Z,hunan,0,0,0
2020-03-12T00:00:00Z,hunan,0,0,0
2020-03-13T00:00:00Z,hunan,0,0,0
2020-03-14T00:00:00Z,hunan,0,0,0
2020-03-15T00:00:00Z,hunan,0,0,0
2020-03-16T00:00:00Z,hunan,0,0,0
2020-03-17T00:00:00Z,hunan,0,0,0
2020-03-18T00:00:00Z,hunan,0,0,0
2020-03-19T00:00:00Z,hunan,0,0,0
2020-03-20T00:00:00Z,hunan,0,0,0
2020-03-21T00:00:00Z,hunan,0,0,0
2020-03-22T00:00:00Z,hunan,0,0,0
2020-03-23T00:00:00Z,hunan,0,0,0
2020-03-24T00:00:00Z,hunan,0,0,0
2020-03-25T00:00:00Z,hunan,NA,0,NA
2020-03-26T00:00:00Z,hunan,NA,0,NA
2020-03-27T00:00:00Z,hunan,NA,0,NA
2020-03-28T00:00:00Z,hunan,NA,0,NA
2020-03-29T00:00:00Z,hunan,NA,0,NA
2020-03-30T00:00:00Z,hunan,NA,0,NA
2020-03-31T00:00:00Z,hunan,NA,0,NA
2020-04-01T00:00:00Z,hunan,NA,0,NA
2020-04-02T00:00:00Z,hunan,NA,0,NA
2020-01-16T00:00:00Z,chongqing,0,0,0
2020-01-17T00:00:00Z,chongqing,0,0,0
2020-01-18T00:00:00Z,chongqing,0,0,0
2020-01-19T00:00:00Z,chongqing,0,0,0
2020-01-20T00:00:00Z,chongqing,0,0,0
2020-01-21T00:00:00Z,chongqing,5,0,5
2020-01-22T00:00:00Z,chongqing,4,0,4
2020-01-23T00:00:00Z,chongqing,18,0,18
2020-01-24T00:00:00Z,chongqing,30,0,30
2020-01-25T00:00:00Z,chongqing,18,0,18
2020-01-26T00:00:00Z,chongqing,35,0,35
2020-01-27T00:00:00Z,chongqing,22,0,22
2020-01-28T00:00:00Z,chongqing,15,0,15
2020-01-29T00:00:00Z,chongqing,18,0,18
2020-01-30T00:00:00Z,chongqing,41,0,41
2020-01-31T00:00:00Z,chongqing,32,0,32
2020-02-01T00:00:00Z,chongqing,24,0,24
2020-02-02T00:00:00Z,chongqing,38,0,38
2020-02-03T00:00:00Z,chongqing,37,0,37
2020-02-04T00:00:00Z,chongqing,29,0,29
2020-02-05T00:00:00Z,chongqing,23,0,23
2020-02-06T00:00:00Z,chongqing,22,0,22
2020-02-07T00:00:00Z,chongqing,15,0,15
2020-02-08T00:00:00Z,chongqing,20,0,20
2020-02-09T00:00:00Z,chongqing,22,0,22
2020-02-10T00:00:00Z,chongqing,18,0,18
2020-02-11T00:00:00Z,chongqing,19,0,19
2020-02-12T00:00:00Z,chongqing,13,0,13
2020-02-13T00:00:00Z,chongqing,11,0,11
2020-02-14T00:00:00Z,chongqing,8,0,8
2020-02-15T00:00:00Z,chongqing,7,0,7
2020-02-16T00:00:00Z,chongqing,7,0,7
2020-02-17T00:00:00Z,chongqing,2,0,2
2020-02-18T00:00:00Z,chongqing,2,0,2
2020-02-19T00:00:00Z,chongqing,5,0,5
2020-02-20T00:00:00Z,chongqing,7,0,7
2020-02-21T00:00:00Z,chongqing,5,0,5
2020-02-22T00:00:00Z,chongqing,1,0,1
2020-02-23T00:00:00Z,chongqing,2,0,2
2020-02-24T00:00:00Z,chongqing,1,0,1
2020-02-25T00:00:00Z,chongqing,0,0,0
2020-02-26T00:00:00Z,chongqing,0,0,0
2020-02-27T00:00:00Z,chongqing,0,0,0
2020-02-28T00:00:00Z,chongqing,0,0,0
2020-02-29T00:00:00Z,chongqing,0,0,0
2020-03-01T00:00:00Z,chongqing,0,0,0
2020-03-02T00:00:00Z,chongqing,0,0,0
2020-03-03T00:00:00Z,chongqing,0,0,0
2020-03-04T00:00:00Z,chongqing,0,0,0
2020-03-05T00:00:00Z,chongqing,0,0,0
2020-03-06T00:00:00Z,chongqing,0,0,0
2020-03-07T00:00:00Z,chongqing,0,0,0
2020-03-08T00:00:00Z,chongqing,0,0,0
2020-03-09T00:00:00Z,chongqing,0,0,0
2020-03-10T00:00:00Z,chongqing,0,0,0
2020-03-11T00:00:00Z,chongqing,0,0,0
2020-03-12T00:00:00Z,chongqing,0,0,0
2020-03-13T00:00:00Z,chongqing,0,0,0
2020-03-14T00:00:00Z,chongqing,0,0,0
2020-03-15T00:00:00Z,chongqing,0,0,0
2020-03-16T00:00:00Z,chongqing,0,0,0
2020-03-17T00:00:00Z,chongqing,0,0,0
2020-03-18T00:00:00Z,chongqing,0,0,0
2020-03-19T00:00:00Z,chongqing,0,0,0
2020-03-20T00:00:00Z,chongqing,0,0,0
2020-03-21T00:00:00Z,chongqing,0,0,0
2020-03-22T00:00:00Z,chongqing,1,1,0
2020-03-23T00:00:00Z,chongqing,1,1,0
2020-03-24T00:00:00Z,chongqing,0,0,0
2020-03-25T00:00:00Z,chongqing,NA,0,NA
2020-03-26T00:00:00Z,chongqing,NA,0,NA
2020-03-27T00:00:00Z,chongqing,NA,0,NA
2020-03-28T00:00:00Z,chongqing,NA,0,NA
2020-03-29T00:00:00Z,chongqing,NA,0,NA
2020-03-30T00:00:00Z,chongqing,NA,0,NA
2020-03-31T00:00:00Z,chongqing,NA,0,NA
2020-04-01T00:00:00Z,chongqing,NA,0,NA
2020-04-02T00:00:00Z,chongqing,NA,0,NA
2020-01-16T00:00:00Z,anhui,0,0,0
2020-01-17T00:00:00Z,anhui,0,0,0
2020-01-18T00:00:00Z,anhui,0,0,0
2020-01-19T00:00:00Z,anhui,0,0,0
2020-01-20T00:00:00Z,anhui,0,0,0
2020-01-21T00:00:00Z,anhui,0,0,0
2020-01-22T00:00:00Z,anhui,1,0,1
2020-01-23T00:00:00Z,anhui,14,0,14
2020-01-24T00:00:00Z,anhui,24,0,24
2020-01-25T00:00:00Z,anhui,21,0,21
2020-01-26T00:00:00Z,anhui,10,0,10
2020-01-27T00:00:00Z,anhui,36,0,36
2020-01-28T00:00:00Z,anhui,46,0,46
2020-01-29T00:00:00Z,anhui,48,0,48
2020-01-30T00:00:00Z,anhui,37,0,37
2020-01-31T00:00:00Z,anhui,60,0,60
2020-02-01T00:00:00Z,anhui,43,0,43
2020-02-02T00:00:00Z,anhui,68,0,68
2020-02-03T00:00:00Z,anhui,72,0,72
2020-02-04T00:00:00Z,anhui,50,0,50
2020-02-05T00:00:00Z,anhui,61,0,61
2020-02-06T00:00:00Z,anhui,74,0,74
2020-02-07T00:00:00Z,anhui,68,0,68
2020-02-08T00:00:00Z,anhui,46,0,46
2020-02-09T00:00:00Z,anhui,51,0,51
2020-02-10T00:00:00Z,anhui,30,0,30
2020-02-11T00:00:00Z,anhui,29,0,29
2020-02-12T00:00:00Z,anhui,22,0,22
2020-02-13T00:00:00Z,anhui,24,0,24
2020-02-14T00:00:00Z,anhui,16,0,16
2020-02-15T00:00:00Z,anhui,12,0,12
2020-02-16T00:00:00Z,anhui,11,0,11
2020-02-17T00:00:00Z,anhui,9,0,9
2020-02-18T00:00:00Z,anhui,4,0,4
2020-02-19T00:00:00Z,anhui,1,0,1
2020-02-20T00:00:00Z,anhui,1,0,1
2020-02-21T00:00:00Z,anhui,1,0,1
2020-02-22T00:00:00Z,anhui,0,0,0
2020-02-23T00:00:00Z,anhui,0,0,0
2020-02-24T00:00:00Z,anhui,0,0,0
2020-02-25T00:00:00Z,anhui,0,0,0
2020-02-26T00:00:00Z,anhui,0,0,0
2020-02-27T00:00:00Z,anhui,1,0,1
2020-02-28T00:00:00Z,anhui,0,0,0
2020-02-29T00:00:00Z,anhui,0,0,0
2020-03-01T00:00:00Z,anhui,0,0,0
2020-03-02T00:00:00Z,anhui,0,0,0
2020-03-03T00:00:00Z,anhui,0,0,0
2020-03-04T00:00:00Z,anhui,0,0,0
2020-03-05T00:00:00Z,anhui,0,0,0
2020-03-06T00:00:00Z,anhui,0,0,0
2020-03-07T00:00:00Z,anhui,0,0,0
2020-03-08T00:00:00Z,anhui,0,0,0
2020-03-09T00:00:00Z,anhui,0,0,0
2020-03-10T00:00:00Z,anhui,0,0,0
2020-03-11T00:00:00Z,anhui,0,0,0
2020-03-12T00:00:00Z,anhui,0,0,0
2020-03-13T00:00:00Z,anhui,0,0,0
2020-03-14T00:00:00Z,anhui,0,0,0
2020-03-15T00:00:00Z,anhui,0,0,0
2020-03-16T00:00:00Z,anhui,0,0,0
2020-03-17T00:00:00Z,anhui,0,0,0
2020-03-18T00:00:00Z,anhui,0,0,0
2020-03-19T00:00:00Z,anhui,0,0,0
2020-03-20T00:00:00Z,anhui,0,0,0
2020-03-21T00:00:00Z,anhui,0,0,0
2020-03-22T00:00:00Z,anhui,0,0,0
2020-03-23T00:00:00Z,anhui,0,0,0
2020-03-24T00:00:00Z,anhui,0,0,0
2020-03-25T00:00:00Z,anhui,NA,0,NA
2020-03-26T00:00:00Z,anhui,NA,0,NA
2020-03-27T00:00:00Z,anhui,NA,0,NA
2020-03-28T00:00:00Z,anhui,NA,0,NA
2020-03-29T00:00:00Z,anhui,NA,0,NA
2020-03-30T00:00:00Z,anhui,NA,0,NA
2020-03-31T00:00:00Z,anhui,NA,0,NA
2020-04-01T00:00:00Z,anhui,NA,0,NA
2020-04-02T00:00:00Z,anhui,NA,0,NA
2020-01-16T00:00:00Z,shandong,0,0,0
2020-01-17T00:00:00Z,shandong,0,0,0
2020-01-18T00:00:00Z,shandong,0,0,0
2020-01-19T00:00:00Z,shandong,0,0,0
2020-01-20T00:00:00Z,shandong,0,0,0
2020-01-21T00:00:00Z,shandong,1,0,1
2020-01-22T00:00:00Z,shandong,1,0,1
2020-01-23T00:00:00Z,shandong,7,0,7
2020-01-24T00:00:00Z,shandong,12,0,12
2020-01-25T00:00:00Z,shandong,18,0,18
2020-01-26T00:00:00Z,shandong,22,0,22
2020-01-27T00:00:00Z,shandong,26,0,26
2020-01-28T00:00:00Z,shandong,34,0,34
2020-01-29T00:00:00Z,shandong,24,0,24
2020-01-30T00:00:00Z,shandong,33,0,33
2020-01-31T00:00:00Z,shandong,24,0,24
2020-02-01T00:00:00Z,shandong,23,0,23
2020-02-02T00:00:00Z,shandong,21,0,21
2020-02-03T00:00:00Z,shandong,24,0,24
2020-02-04T00:00:00Z,shandong,28,0,28
2020-02-05T00:00:00Z,shandong,45,0,45
2020-02-06T00:00:00Z,shandong,36,0,36
2020-02-07T00:00:00Z,shandong,28,0,28
2020-02-08T00:00:00Z,shandong,28,0,28
2020-02-09T00:00:00Z,shandong,24,0,24
2020-02-10T00:00:00Z,shandong,27,0,27
2020-02-11T00:00:00Z,shandong,11,0,11
2020-02-12T00:00:00Z,shandong,9,0,9
2020-02-13T00:00:00Z,shandong,13,0,13
2020-02-14T00:00:00Z,shandong,11,0,11
2020-02-15T00:00:00Z,shandong,7,0,7
2020-02-16T00:00:00Z,shandong,4,0,4
2020-02-17T00:00:00Z,shandong,2,0,2
2020-02-18T00:00:00Z,shandong,1,0,1
2020-02-19T00:00:00Z,shandong,2,0,2
2020-02-20T00:00:00Z,shandong,202,0,202
2020-02-21T00:00:00Z,shandong,2,0,2
2020-02-22T00:00:00Z,shandong,4,0,4
2020-02-23T00:00:00Z,shandong,1,0,1
2020-02-24T00:00:00Z,shandong,0,0,0
2020-02-25T00:00:00Z,shandong,1,0,1
2020-02-26T00:00:00Z,shandong,0,0,0
2020-02-27T00:00:00Z,shandong,0,0,0
2020-02-28T00:00:00Z,shandong,0,0,0
2020-02-29T00:00:00Z,shandong,0,0,0
2020-03-01T00:00:00Z,shandong,2,0,2
2020-03-02T00:00:00Z,shandong,0,0,0
2020-03-03T00:00:00Z,shandong,0,0,0
2020-03-04T00:00:00Z,shandong,0,0,0
2020-03-05T00:00:00Z,shandong,0,0,0
2020-03-06T00:00:00Z,shandong,0,0,0
2020-03-07T00:00:00Z,shandong,0,0,0
2020-03-08T00:00:00Z,shandong,0,0,0
2020-03-09T00:00:00Z,shandong,0,0,0
2020-03-10T00:00:00Z,shandong,1,1,0
2020-03-11T00:00:00Z,shandong,1,0,1
2020-03-12T00:00:00Z,shandong,0,0,0
2020-03-13T00:00:00Z,shandong,0,0,0
2020-03-14T00:00:00Z,shandong,0,0,0
2020-03-15T00:00:00Z,shandong,0,0,0
2020-03-16T00:00:00Z,shandong,1,1,0
2020-03-17T00:00:00Z,shandong,0,0,0
2020-03-18T00:00:00Z,shandong,0,0,0
2020-03-19T00:00:00Z,shandong,1,1,0
2020-03-20T00:00:00Z,shandong,2,2,0
2020-03-21T00:00:00Z,shandong,1,1,0
2020-03-22T00:00:00Z,shandong,2,2,0
2020-03-23T00:00:00Z,shandong,1,1,0
2020-03-24T00:00:00Z,shandong,1,1,0
2020-03-25T00:00:00Z,shandong,NA,0,NA
2020-03-26T00:00:00Z,shandong,NA,0,NA
2020-03-27T00:00:00Z,shandong,NA,0,NA
2020-03-28T00:00:00Z,shandong,NA,0,NA
2020-03-29T00:00:00Z,shandong,NA,0,NA
2020-03-30T00:00:00Z,shandong,NA,0,NA
2020-03-31T00:00:00Z,shandong,NA,0,NA
2020-04-01T00:00:00Z,shandong,NA,0,NA
2020-04-02T00:00:00Z,shandong,NA,0,NA
2020-01-16T00:00:00Z,beijing,0,0,0
2020-01-17T00:00:00Z,beijing,0,0,0
2020-01-18T00:00:00Z,beijing,0,0,0
2020-01-19T00:00:00Z,beijing,0,0,0
2020-01-20T00:00:00Z,beijing,3,0,3
2020-01-21T00:00:00Z,beijing,5,0,5
2020-01-22T00:00:00Z,beijing,4,0,4
2020-01-23T00:00:00Z,beijing,12,0,12
2020-01-24T00:00:00Z,beijing,10,0,10
2020-01-25T00:00:00Z,beijing,15,0,15
2020-01-26T00:00:00Z,beijing,16,0,16
2020-01-27T00:00:00Z,beijing,13,0,13
2020-01-28T00:00:00Z,beijing,16,0,16
2020-01-29T00:00:00Z,beijing,16,0,16
2020-01-30T00:00:00Z,beijing,20,0,20
2020-01-31T00:00:00Z,beijing,24,0,24
2020-02-01T00:00:00Z,beijing,27,0,27
2020-02-02T00:00:00Z,beijing,32,0,32
2020-02-03T00:00:00Z,beijing,16,0,16
2020-02-04T00:00:00Z,beijing,25,0,25
2020-02-05T00:00:00Z,beijing,21,0,21
2020-02-06T00:00:00Z,beijing,23,0,23
2020-02-07T00:00:00Z,beijing,18,0,18
2020-02-08T00:00:00Z,beijing,11,0,11
2020-02-09T00:00:00Z,beijing,11,0,11
2020-02-10T00:00:00Z,beijing,5,0,5
2020-02-11T00:00:00Z,beijing,10,0,10
2020-02-12T00:00:00Z,beijing,14,0,14
2020-02-13T00:00:00Z,beijing,6,0,6
2020-02-14T00:00:00Z,beijing,3,0,3
2020-02-15T00:00:00Z,beijing,5,0,5
2020-02-16T00:00:00Z,beijing,1,0,1
2020-02-17T00:00:00Z,beijing,6,0,6
2020-02-18T00:00:00Z,beijing,6,0,6
2020-02-19T00:00:00Z,beijing,2,0,2
2020-02-20T00:00:00Z,beijing,1,0,1
2020-02-21T00:00:00Z,beijing,3,0,3
2020-02-22T00:00:00Z,beijing,0,0,0
2020-02-23T00:00:00Z,beijing,0,0,0
2020-02-24T00:00:00Z,beijing,1,0,1
2020-02-25T00:00:00Z,beijing,0,0,0
2020-02-26T00:00:00Z,beijing,10,0,10
2020-02-27T00:00:00Z,beijing,0,0,0
2020-02-28T00:00:00Z,beijing,1,0,1
2020-02-29T00:00:00Z,beijing,2,2,0
2020-03-01T00:00:00Z,beijing,1,0,1
2020-03-02T00:00:00Z,beijing,0,0,0
2020-03-03T00:00:00Z,beijing,3,2,1
2020-03-04T00:00:00Z,beijing,1,0,1
2020-03-05T00:00:00Z,beijing,4,4,0
2020-03-06T00:00:00Z,beijing,4,3,1
2020-03-07T00:00:00Z,beijing,2,2,0
2020-03-08T00:00:00Z,beijing,0,0,0
2020-03-09T00:00:00Z,beijing,1,1,0
2020-03-10T00:00:00Z,beijing,6,6,0
2020-03-11T00:00:00Z,beijing,0,0,0
2020-03-12T00:00:00Z,beijing,1,1,0
2020-03-13T00:00:00Z,beijing,1,1,0
2020-03-14T00:00:00Z,beijing,5,5,0
2020-03-15T00:00:00Z,beijing,4,4,0
2020-03-16T00:00:00Z,beijing,9,9,0
2020-03-17T00:00:00Z,beijing,3,3,0
2020-03-18T00:00:00Z,beijing,21,21,0
2020-03-19T00:00:00Z,beijing,6,6,0
2020-03-20T00:00:00Z,beijing,14,14,0
2020-03-21T00:00:00Z,beijing,13,13,0
2020-03-22T00:00:00Z,beijing,10,10,0
2020-03-23T00:00:00Z,beijing,32,31,1
2020-03-24T00:00:00Z,beijing,5,5,0
2020-03-25T00:00:00Z,beijing,NA,0,NA
2020-03-26T00:00:00Z,beijing,NA,0,NA
2020-03-27T00:00:00Z,beijing,NA,0,NA
2020-03-28T00:00:00Z,beijing,NA,0,NA
2020-03-29T00:00:00Z,beijing,NA,0,NA
2020-03-30T00:00:00Z,beijing,NA,0,NA
2020-03-31T00:00:00Z,beijing,NA,0,NA
2020-04-01T00:00:00Z,beijing,NA,0,NA
2020-04-02T00:00:00Z,beijing,NA,0,NA
2020-01-16T00:00:00Z,sichuan,0,0,0
2020-01-17T00:00:00Z,sichuan,0,0,0
2020-01-18T00:00:00Z,sichuan,0,0,0
2020-01-19T00:00:00Z,sichuan,0,0,0
2020-01-20T00:00:00Z,sichuan,0,0,0
2020-01-21T00:00:00Z,sichuan,2,0,2
2020-01-22T00:00:00Z,sichuan,3,0,3
2020-01-23T00:00:00Z,sichuan,10,0,10
2020-01-24T00:00:00Z,sichuan,13,0,13
2020-01-25T00:00:00Z,sichuan,16,0,16
2020-01-26T00:00:00Z,sichuan,25,0,25
2020-01-27T00:00:00Z,sichuan,21,0,21
2020-01-28T00:00:00Z,sichuan,18,0,18
2020-01-29T00:00:00Z,sichuan,34,0,34
2020-01-30T00:00:00Z,sichuan,36,0,36
2020-01-31T00:00:00Z,sichuan,30,0,30
2020-02-01T00:00:00Z,sichuan,24,0,24
2020-02-02T00:00:00Z,sichuan,23,0,23
2020-02-03T00:00:00Z,sichuan,28,0,28
2020-02-04T00:00:00Z,sichuan,19,0,19
2020-02-05T00:00:00Z,sichuan,20,0,20
2020-02-06T00:00:00Z,sichuan,23,0,23
2020-02-07T00:00:00Z,sichuan,19,0,19
2020-02-08T00:00:00Z,sichuan,23,0,23
2020-02-09T00:00:00Z,sichuan,19,0,19
2020-02-10T00:00:00Z,sichuan,12,0,12
2020-02-11T00:00:00Z,sichuan,19,0,19
2020-02-12T00:00:00Z,sichuan,15,0,15
2020-02-13T00:00:00Z,sichuan,12,0,12
2020-02-14T00:00:00Z,sichuan,7,0,7
2020-02-15T00:00:00Z,sichuan,11,0,11
2020-02-16T00:00:00Z,sichuan,14,0,14
2020-02-17T00:00:00Z,sichuan,13,0,13
2020-02-18T00:00:00Z,sichuan,6,0,6
2020-02-19T00:00:00Z,sichuan,6,0,6
2020-02-20T00:00:00Z,sichuan,5,0,5
2020-02-21T00:00:00Z,sichuan,1,0,1
2020-02-22T00:00:00Z,sichuan,0,0,0
2020-02-23T00:00:00Z,sichuan,1,0,1
2020-02-24T00:00:00Z,sichuan,2,0,2
2020-02-25T00:00:00Z,sichuan,2,0,2
2020-02-26T00:00:00Z,sichuan,3,0,3
2020-02-27T00:00:00Z,sichuan,4,0,4
2020-02-28T00:00:00Z,sichuan,0,0,0
2020-02-29T00:00:00Z,sichuan,0,0,0
2020-03-01T00:00:00Z,sichuan,0,0,0
2020-03-02T00:00:00Z,sichuan,0,0,0
2020-03-03T00:00:00Z,sichuan,0,0,0
2020-03-04T00:00:00Z,sichuan,1,0,1
2020-03-05T00:00:00Z,sichuan,0,0,0
2020-03-06T00:00:00Z,sichuan,0,0,0
2020-03-07T00:00:00Z,sichuan,0,0,0
2020-03-08T00:00:00Z,sichuan,0,0,0
2020-03-09T00:00:00Z,sichuan,0,0,0
2020-03-10T00:00:00Z,sichuan,0,0,0
2020-03-11T00:00:00Z,sichuan,0,0,0
2020-03-12T00:00:00Z,sichuan,0,0,0
2020-03-13T00:00:00Z,sichuan,0,0,0
2020-03-14T00:00:00Z,sichuan,0,0,0
2020-03-15T00:00:00Z,sichuan,0,0,0
2020-03-16T00:00:00Z,sichuan,0,0,0
2020-03-17T00:00:00Z,sichuan,1,1,0
2020-03-18T00:00:00Z,sichuan,0,0,0
2020-03-19T00:00:00Z,sichuan,1,1,0
2020-03-20T00:00:00Z,sichuan,1,1,0
2020-03-21T00:00:00Z,sichuan,1,1,0
2020-03-22T00:00:00Z,sichuan,0,0,0
2020-03-23T00:00:00Z,sichuan,2,2,0
2020-03-24T00:00:00Z,sichuan,2,2,0
2020-03-25T00:00:00Z,sichuan,NA,0,NA
2020-03-26T00:00:00Z,sichuan,NA,0,NA
2020-03-27T00:00:00Z,sichuan,NA,0,NA
2020-03-28T00:00:00Z,sichuan,NA,0,NA
2020-03-29T00:00:00Z,sichuan,NA,0,NA
2020-03-30T00:00:00Z,sichuan,NA,0,NA
2020-03-31T00:00:00Z,sichuan,NA,0,NA
2020-04-01T00:00:00Z,sichuan,NA,0,NA
2020-04-02T00:00:00Z,sichuan,NA,0,NA
2020-01-16T00:00:00Z,fujian,0,0,0
2020-01-17T00:00:00Z,fujian,0,0,0
2020-01-18T00:00:00Z,fujian,0,0,0
2020-01-19T00:00:00Z,fujian,0,0,0
2020-01-20T00:00:00Z,fujian,0,0,0
2020-01-21T00:00:00Z,fujian,0,0,0
2020-01-22T00:00:00Z,fujian,1,0,1
2020-01-23T00:00:00Z,fujian,4,0,4
2020-01-24T00:00:00Z,fujian,5,0,5
2020-01-25T00:00:00Z,fujian,8,0,8
2020-01-26T00:00:00Z,fujian,17,0,17
2020-01-27T00:00:00Z,fujian,24,0,24
2020-01-28T00:00:00Z,fujian,23,0,23
2020-01-29T00:00:00Z,fujian,19,0,19
2020-01-30T00:00:00Z,fujian,19,0,19
2020-01-31T00:00:00Z,fujian,24,0,24
2020-02-01T00:00:00Z,fujian,15,0,15
2020-02-02T00:00:00Z,fujian,20,0,20
2020-02-03T00:00:00Z,fujian,15,0,15
2020-02-04T00:00:00Z,fujian,11,0,11
2020-02-05T00:00:00Z,fujian,10,0,10
2020-02-06T00:00:00Z,fujian,9,0,9
2020-02-07T00:00:00Z,fujian,15,0,15
2020-02-08T00:00:00Z,fujian,11,0,11
2020-02-09T00:00:00Z,fujian,11,0,11
2020-02-10T00:00:00Z,fujian,6,0,6
2020-02-11T00:00:00Z,fujian,5,0,5
2020-02-12T00:00:00Z,fujian,7,0,7
2020-02-13T00:00:00Z,fujian,2,0,2
2020-02-14T00:00:00Z,fujian,4,0,4
2020-02-15T00:00:00Z,fujian,2,0,2
2020-02-16T00:00:00Z,fujian,3,0,3
2020-02-17T00:00:00Z,fujian,2,0,2
2020-02-18T00:00:00Z,fujian,1,0,1
2020-02-19T00:00:00Z,fujian,0,0,0
2020-02-20T00:00:00Z,fujian,0,0,0
2020-02-21T00:00:00Z,fujian,0,0,0
2020-02-22T00:00:00Z,fujian,0,0,0
2020-02-23T00:00:00Z,fujian,0,0,0
2020-02-24T00:00:00Z,fujian,1,0,1
2020-02-25T00:00:00Z,fujian,0,0,0
2020-02-26T00:00:00Z,fujian,2,0,2
2020-02-27T00:00:00Z,fujian,0,0,0
2020-02-28T00:00:00Z,fujian,0,0,0
2020-02-29T00:00:00Z,fujian,0,0,0
2020-03-01T00:00:00Z,fujian,0,0,0
2020-03-02T00:00:00Z,fujian,0,0,0
2020-03-03T00:00:00Z,fujian,0,0,0
2020-03-04T00:00:00Z,fujian,0,0,0
2020-03-05T00:00:00Z,fujian,0,0,0
2020-03-06T00:00:00Z,fujian,0,0,0
2020-03-07T00:00:00Z,fujian,0,0,0
2020-03-08T00:00:00Z,fujian,0,0,0
2020-03-09T00:00:00Z,fujian,0,0,0
2020-03-10T00:00:00Z,fujian,0,0,0
2020-03-11T00:00:00Z,fujian,0,0,0
2020-03-12T00:00:00Z,fujian,0,0,0
2020-03-13T00:00:00Z,fujian,0,0,0
2020-03-14T00:00:00Z,fujian,0,0,0
2020-03-15T00:00:00Z,fujian,0,0,0
2020-03-16T00:00:00Z,fujian,0,0,0
2020-03-17T00:00:00Z,fujian,0,0,0
2020-03-18T00:00:00Z,fujian,0,0,0
2020-03-19T00:00:00Z,fujian,3,3,0
2020-03-20T00:00:00Z,fujian,4,4,0
2020-03-21T00:00:00Z,fujian,4,4,0
2020-03-22T00:00:00Z,fujian,6,6,0
2020-03-23T00:00:00Z,fujian,5,5,0
2020-03-24T00:00:00Z,fujian,4,4,0
2020-03-25T00:00:00Z,fujian,NA,0,NA
2020-03-26T00:00:00Z,fujian,NA,0,NA
2020-03-27T00:00:00Z,fujian,NA,0,NA
2020-03-28T00:00:00Z,fujian,NA,0,NA
2020-03-29T00:00:00Z,fujian,NA,0,NA
2020-03-30T00:00:00Z,fujian,NA,0,NA
2020-03-31T00:00:00Z,fujian,NA,0,NA
2020-04-01T00:00:00Z,fujian,NA,0,NA
2020-04-02T00:00:00Z,fujian,NA,0,NA
2020-01-16T00:00:00Z,jiangxi,0,0,0
2020-01-17T00:00:00Z,jiangxi,0,0,0
2020-01-18T00:00:00Z,jiangxi,0,0,0
2020-01-19T00:00:00Z,jiangxi,0,0,0
2020-01-20T00:00:00Z,jiangxi,0,0,0
2020-01-21T00:00:00Z,jiangxi,2,0,2
2020-01-22T00:00:00Z,jiangxi,1,0,1
2020-01-23T00:00:00Z,jiangxi,4,0,4
2020-01-24T00:00:00Z,jiangxi,11,0,11
2020-01-25T00:00:00Z,jiangxi,18,0,18
2020-01-26T00:00:00Z,jiangxi,12,0,12
2020-01-27T00:00:00Z,jiangxi,24,0,24
2020-01-28T00:00:00Z,jiangxi,37,0,37
2020-01-29T00:00:00Z,jiangxi,53,0,53
2020-01-30T00:00:00Z,jiangxi,78,0,78
2020-01-31T00:00:00Z,jiangxi,47,0,47
2020-02-01T00:00:00Z,jiangxi,47,0,47
2020-02-02T00:00:00Z,jiangxi,59,0,59
2020-02-03T00:00:00Z,jiangxi,85,0,85
2020-02-04T00:00:00Z,jiangxi,72,0,72
2020-02-05T00:00:00Z,jiangxi,52,0,52
2020-02-06T00:00:00Z,jiangxi,61,0,61
2020-02-07T00:00:00Z,jiangxi,37,0,37
2020-02-08T00:00:00Z,jiangxi,42,0,42
2020-02-09T00:00:00Z,jiangxi,32,0,32
2020-02-10T00:00:00Z,jiangxi,32,0,32
2020-02-11T00:00:00Z,jiangxi,40,0,40
2020-02-12T00:00:00Z,jiangxi,28,0,28
2020-02-13T00:00:00Z,jiangxi,28,0,28
2020-02-14T00:00:00Z,jiangxi,13,0,13
2020-02-15T00:00:00Z,jiangxi,13,0,13
2020-02-16T00:00:00Z,jiangxi,5,0,5
2020-02-17T00:00:00Z,jiangxi,3,0,3
2020-02-18T00:00:00Z,jiangxi,1,0,1
2020-02-19T00:00:00Z,jiangxi,1,0,1
2020-02-20T00:00:00Z,jiangxi,0,0,0
2020-02-21T00:00:00Z,jiangxi,0,0,0
2020-02-22T00:00:00Z,jiangxi,0,0,0
2020-02-23T00:00:00Z,jiangxi,0,0,0
2020-02-24T00:00:00Z,jiangxi,0,0,0
2020-02-25T00:00:00Z,jiangxi,0,0,0
2020-02-26T00:00:00Z,jiangxi,0,0,0
2020-02-27T00:00:00Z,jiangxi,1,0,1
2020-02-28T00:00:00Z,jiangxi,0,0,0
2020-02-29T00:00:00Z,jiangxi,0,0,0
2020-03-01T00:00:00Z,jiangxi,0,0,0
2020-03-02T00:00:00Z,jiangxi,0,0,0
2020-03-03T00:00:00Z,jiangxi,0,0,0
2020-03-04T00:00:00Z,jiangxi,0,0,0
2020-03-05T00:00:00Z,jiangxi,0,0,0
2020-03-06T00:00:00Z,jiangxi,0,0,0
2020-03-07T00:00:00Z,jiangxi,0,0,0
2020-03-08T00:00:00Z,jiangxi,0,0,0
2020-03-09T00:00:00Z,jiangxi,0,0,0
2020-03-10T00:00:00Z,jiangxi,0,0,0
2020-03-11T00:00:00Z,jiangxi,0,0,0
2020-03-12T00:00:00Z,jiangxi,0,0,0
2020-03-13T00:00:00Z,jiangxi,0,0,0
2020-03-14T00:00:00Z,jiangxi,0,0,0
2020-03-15T00:00:00Z,jiangxi,0,0,0
2020-03-16T00:00:00Z,jiangxi,0,0,0
2020-03-17T00:00:00Z,jiangxi,0,0,0
2020-03-18T00:00:00Z,jiangxi,0,0,0
2020-03-19T00:00:00Z,jiangxi,0,0,0
2020-03-20T00:00:00Z,jiangxi,0,0,0
2020-03-21T00:00:00Z,jiangxi,1,1,0
2020-03-22T00:00:00Z,jiangxi,0,0,0
2020-03-23T00:00:00Z,jiangxi,0,0,0
2020-03-24T00:00:00Z,jiangxi,0,0,0
2020-03-25T00:00:00Z,jiangxi,NA,0,NA
2020-03-26T00:00:00Z,jiangxi,NA,0,NA
2020-03-27T00:00:00Z,jiangxi,NA,0,NA
2020-03-28T00:00:00Z,jiangxi,NA,0,NA
2020-03-29T00:00:00Z,jiangxi,NA,0,NA
2020-03-30T00:00:00Z,jiangxi,NA,0,NA
2020-03-31T00:00:00Z,jiangxi,NA,0,NA
2020-04-01T00:00:00Z,jiangxi,NA,0,NA
2020-04-02T00:00:00Z,jiangxi,NA,0,NA
2020-01-16T00:00:00Z,jiangsu,0,0,0
2020-01-17T00:00:00Z,jiangsu,0,0,0
2020-01-18T00:00:00Z,jiangsu,0,0,0
2020-01-19T00:00:00Z,jiangsu,0,0,0
2020-01-20T00:00:00Z,jiangsu,0,0,0
2020-01-21T00:00:00Z,jiangsu,0,0,0
2020-01-22T00:00:00Z,jiangsu,1,0,1
2020-01-23T00:00:00Z,jiangsu,4,0,4
2020-01-24T00:00:00Z,jiangsu,9,0,9
2020-01-25T00:00:00Z,jiangsu,17,0,17
2020-01-26T00:00:00Z,jiangsu,16,0,16
2020-01-27T00:00:00Z,jiangsu,23,0,23
2020-01-28T00:00:00Z,jiangsu,29,0,29
2020-01-29T00:00:00Z,jiangsu,30,0,30
2020-01-30T00:00:00Z,jiangsu,39,0,39
2020-01-31T00:00:00Z,jiangsu,34,0,34
2020-02-01T00:00:00Z,jiangsu,34,0,34
2020-02-02T00:00:00Z,jiangsu,35,0,35
2020-02-03T00:00:00Z,jiangsu,37,0,37
2020-02-04T00:00:00Z,jiangsu,33,0,33
2020-02-05T00:00:00Z,jiangsu,32,0,32
2020-02-06T00:00:00Z,jiangsu,35,0,35
2020-02-07T00:00:00Z,jiangsu,31,0,31
2020-02-08T00:00:00Z,jiangsu,29,0,29
2020-02-09T00:00:00Z,jiangsu,24,0,24
2020-02-10T00:00:00Z,jiangsu,23,0,23
2020-02-11T00:00:00Z,jiangsu,28,0,28
2020-02-12T00:00:00Z,jiangsu,27,0,27
2020-02-13T00:00:00Z,jiangsu,23,0,23
2020-02-14T00:00:00Z,jiangsu,11,0,11
2020-02-15T00:00:00Z,jiangsu,13,0,13
2020-02-16T00:00:00Z,jiangsu,9,0,9
2020-02-17T00:00:00Z,jiangsu,3,0,3
2020-02-18T00:00:00Z,jiangsu,2,0,2
2020-02-19T00:00:00Z,jiangsu,0,0,0
2020-02-20T00:00:00Z,jiangsu,0,0,0
2020-02-21T00:00:00Z,jiangsu,0,0,0
2020-02-22T00:00:00Z,jiangsu,0,0,0
2020-02-23T00:00:00Z,jiangsu,0,0,0
2020-02-24T00:00:00Z,jiangsu,0,0,0
2020-02-25T00:00:00Z,jiangsu,0,0,0
2020-02-26T00:00:00Z,jiangsu,0,0,0
2020-02-27T00:00:00Z,jiangsu,0,0,0
2020-02-28T00:00:00Z,jiangsu,0,0,0
2020-02-29T00:00:00Z,jiangsu,0,0,0
2020-03-01T00:00:00Z,jiangsu,0,0,0
2020-03-02T00:00:00Z,jiangsu,0,0,0
2020-03-03T00:00:00Z,jiangsu,0,0,0
2020-03-04T00:00:00Z,jiangsu,0,0,0
2020-03-05T00:00:00Z,jiangsu,0,0,0
2020-03-06T00:00:00Z,jiangsu,0,0,0
2020-03-07T00:00:00Z,jiangsu,0,0,0
2020-03-08T00:00:00Z,jiangsu,0,0,0
2020-03-09T00:00:00Z,jiangsu,0,0,0
2020-03-10T00:00:00Z,jiangsu,0,0,0
2020-03-11T00:00:00Z,jiangsu,0,0,0
2020-03-12T00:00:00Z,jiangsu,0,0,0
2020-03-13T00:00:00Z,jiangsu,0,0,0
2020-03-14T00:00:00Z,jiangsu,0,0,0
2020-03-15T00:00:00Z,jiangsu,0,0,0
2020-03-16T00:00:00Z,jiangsu,0,0,0
2020-03-17T00:00:00Z,jiangsu,0,0,0
2020-03-18T00:00:00Z,jiangsu,0,0,0
2020-03-19T00:00:00Z,jiangsu,0,0,0
2020-03-20T00:00:00Z,jiangsu,0,0,0
2020-03-21T00:00:00Z,jiangsu,2,2,0
2020-03-22T00:00:00Z,jiangsu,0,0,0
2020-03-23T00:00:00Z,jiangsu,3,3,0
2020-03-24T00:00:00Z,jiangsu,2,2,0
2020-03-25T00:00:00Z,jiangsu,NA,0,NA
2020-03-26T00:00:00Z,jiangsu,NA,0,NA
2020-03-27T00:00:00Z,jiangsu,NA,0,NA
2020-03-28T00:00:00Z,jiangsu,NA,0,NA
2020-03-29T00:00:00Z,jiangsu,NA,0,NA
2020-03-30T00:00:00Z,jiangsu,NA,0,NA
2020-03-31T00:00:00Z,jiangsu,NA,0,NA
2020-04-01T00:00:00Z,jiangsu,NA,0,NA
2020-04-02T00:00:00Z,jiangsu,NA,0,NA
2020-01-16T00:00:00Z,shanghai,0,0,0
2020-01-17T00:00:00Z,shanghai,0,0,0
2020-01-18T00:00:00Z,shanghai,0,0,0
2020-01-19T00:00:00Z,shanghai,0,0,0
2020-01-20T00:00:00Z,shanghai,2,0,2
2020-01-21T00:00:00Z,shanghai,7,0,7
2020-01-22T00:00:00Z,shanghai,7,0,7
2020-01-23T00:00:00Z,shanghai,4,0,4
2020-01-24T00:00:00Z,shanghai,13,0,13
2020-01-25T00:00:00Z,shanghai,7,0,7
2020-01-26T00:00:00Z,shanghai,13,0,13
2020-01-27T00:00:00Z,shanghai,13,0,13
2020-01-28T00:00:00Z,shanghai,14,0,14
2020-01-29T00:00:00Z,shanghai,21,0,21
2020-01-30T00:00:00Z,shanghai,27,0,27
2020-01-31T00:00:00Z,shanghai,25,0,25
2020-02-01T00:00:00Z,shanghai,24,0,24
2020-02-02T00:00:00Z,shanghai,16,0,16
2020-02-03T00:00:00Z,shanghai,15,0,15
2020-02-04T00:00:00Z,shanghai,25,0,25
2020-02-05T00:00:00Z,shanghai,21,0,21
2020-02-06T00:00:00Z,shanghai,15,0,15
2020-02-07T00:00:00Z,shanghai,12,0,12
2020-02-08T00:00:00Z,shanghai,11,0,11
2020-02-09T00:00:00Z,shanghai,3,0,3
2020-02-10T00:00:00Z,shanghai,7,0,7
2020-02-11T00:00:00Z,shanghai,4,0,4
2020-02-12T00:00:00Z,shanghai,7,0,7
2020-02-13T00:00:00Z,shanghai,5,0,5
2020-02-14T00:00:00Z,shanghai,8,0,8
2020-02-15T00:00:00Z,shanghai,2,0,2
2020-02-16T00:00:00Z,shanghai,3,0,3
2020-02-17T00:00:00Z,shanghai,2,0,2
2020-02-18T00:00:00Z,shanghai,0,0,0
2020-02-19T00:00:00Z,shanghai,0,0,0
2020-02-20T00:00:00Z,shanghai,1,0,1
2020-02-21T00:00:00Z,shanghai,0,0,0
2020-02-22T00:00:00Z,shanghai,1,0,1
2020-02-23T00:00:00Z,shanghai,0,0,0
2020-02-24T00:00:00Z,shanghai,0,0,0
2020-02-25T00:00:00Z,shanghai,1,0,1
2020-02-26T00:00:00Z,shanghai,1,0,1
2020-02-27T00:00:00Z,shanghai,0,0,0
2020-02-28T00:00:00Z,shanghai,0,0,0
2020-02-29T00:00:00Z,shanghai,0,0,0
2020-03-01T00:00:00Z,shanghai,0,0,0
2020-03-02T00:00:00Z,shanghai,1,0,1
2020-03-03T00:00:00Z,shanghai,0,0,0
2020-03-04T00:00:00Z,shanghai,0,0,0
2020-03-05T00:00:00Z,shanghai,1,1,0
2020-03-06T00:00:00Z,shanghai,3,3,0
2020-03-07T00:00:00Z,shanghai,0,0,0
2020-03-08T00:00:00Z,shanghai,0,0,0
2020-03-09T00:00:00Z,shanghai,0,0,0
2020-03-10T00:00:00Z,shanghai,2,2,0
2020-03-11T00:00:00Z,shanghai,0,0,0
2020-03-12T00:00:00Z,shanghai,2,2,0
2020-03-13T00:00:00Z,shanghai,4,4,0
2020-03-14T00:00:00Z,shanghai,3,3,0
2020-03-15T00:00:00Z,shanghai,2,2,0
2020-03-16T00:00:00Z,shanghai,3,3,0
2020-03-17T00:00:00Z,shanghai,3,3,0
2020-03-18T00:00:00Z,shanghai,2,2,0
2020-03-19T00:00:00Z,shanghai,8,8,0
2020-03-20T00:00:00Z,shanghai,9,9,0
2020-03-21T00:00:00Z,shanghai,14,14,0
2020-03-22T00:00:00Z,shanghai,10,10,0
2020-03-23T00:00:00Z,shanghai,10,9,1
2020-03-24T00:00:00Z,shanghai,19,19,0
2020-03-25T00:00:00Z,shanghai,NA,0,NA
2020-03-26T00:00:00Z,shanghai,NA,0,NA
2020-03-27T00:00:00Z,shanghai,NA,0,NA
2020-03-28T00:00:00Z,shanghai,NA,0,NA
2020-03-29T00:00:00Z,shanghai,NA,0,NA
2020-03-30T00:00:00Z,shanghai,NA,0,NA
2020-03-31T00:00:00Z,shanghai,NA,0,NA
2020-04-01T00:00:00Z,shanghai,NA,0,NA
2020-04-02T00:00:00Z,shanghai,NA,0,NA
2020-01-16T00:00:00Z,guangxi,0,0,0
2020-01-17T00:00:00Z,guangxi,0,0,0
2020-01-18T00:00:00Z,guangxi,0,0,0
2020-01-19T00:00:00Z,guangxi,0,0,0
2020-01-20T00:00:00Z,guangxi,0,0,0
2020-01-21T00:00:00Z,guangxi,0,0,0
2020-01-22T00:00:00Z,guangxi,5,0,5
2020-01-23T00:00:00Z,guangxi,8,0,8
2020-01-24T00:00:00Z,guangxi,10,0,10
2020-01-25T00:00:00Z,guangxi,10,0,10
2020-01-26T00:00:00Z,guangxi,13,0,13
2020-01-27T00:00:00Z,guangxi,5,0,5
2020-01-28T00:00:00Z,guangxi,7,0,7
2020-01-29T00:00:00Z,guangxi,20,0,20
2020-01-30T00:00:00Z,guangxi,9,0,9
2020-01-31T00:00:00Z,guangxi,13,0,13
2020-02-01T00:00:00Z,guangxi,11,0,11
2020-02-02T00:00:00Z,guangxi,16,0,16
2020-02-03T00:00:00Z,guangxi,12,0,12
2020-02-04T00:00:00Z,guangxi,11,0,11
2020-02-05T00:00:00Z,guangxi,18,0,18
2020-02-06T00:00:00Z,guangxi,4,0,4
2020-02-07T00:00:00Z,guangxi,11,0,11
2020-02-08T00:00:00Z,guangxi,12,0,12
2020-02-09T00:00:00Z,guangxi,15,0,15
2020-02-10T00:00:00Z,guangxi,5,0,5
2020-02-11T00:00:00Z,guangxi,7,0,7
2020-02-12T00:00:00Z,guangxi,0,0,0
2020-02-13T00:00:00Z,guangxi,4,0,4
2020-02-14T00:00:00Z,guangxi,9,0,9
2020-02-15T00:00:00Z,guangxi,2,0,2
2020-02-16T00:00:00Z,guangxi,1,0,1
2020-02-17T00:00:00Z,guangxi,4,0,4
2020-02-18T00:00:00Z,guangxi,2,0,2
2020-02-19T00:00:00Z,guangxi,1,0,1
2020-02-20T00:00:00Z,guangxi,1,0,1
2020-02-21T00:00:00Z,guangxi,3,0,3
2020-02-22T00:00:00Z,guangxi,0,0,0
2020-02-23T00:00:00Z,guangxi,2,0,2
2020-02-24T00:00:00Z,guangxi,1,0,1
2020-02-25T00:00:00Z,guangxi,0,0,0
2020-02-26T00:00:00Z,guangxi,0,0,0
2020-02-27T00:00:00Z,guangxi,0,0,0
2020-02-28T00:00:00Z,guangxi,0,0,0
2020-02-29T00:00:00Z,guangxi,0,0,0
2020-03-01T00:00:00Z,guangxi,0,0,0
2020-03-02T00:00:00Z,guangxi,0,0,0
2020-03-03T00:00:00Z,guangxi,0,0,0
2020-03-04T00:00:00Z,guangxi,0,0,0
2020-03-05T00:00:00Z,guangxi,0,0,0
2020-03-06T00:00:00Z,guangxi,0,0,0
2020-03-07T00:00:00Z,guangxi,0,0,0
2020-03-08T00:00:00Z,guangxi,0,0,0
2020-03-09T00:00:00Z,guangxi,0,0,0
2020-03-10T00:00:00Z,guangxi,0,0,0
2020-03-11T00:00:00Z,guangxi,0,0,0
2020-03-12T00:00:00Z,guangxi,0,0,0
2020-03-13T00:00:00Z,guangxi,0,0,0
2020-03-14T00:00:00Z,guangxi,0,0,0
2020-03-15T00:00:00Z,guangxi,0,0,0
2020-03-16T00:00:00Z,guangxi,1,1,0
2020-03-17T00:00:00Z,guangxi,0,0,0
2020-03-18T00:00:00Z,guangxi,0,0,0
2020-03-19T00:00:00Z,guangxi,1,1,0
2020-03-20T00:00:00Z,guangxi,0,0,0
2020-03-21T00:00:00Z,guangxi,0,0,0
2020-03-22T00:00:00Z,guangxi,0,0,0
2020-03-23T00:00:00Z,guangxi,0,0,0
2020-03-24T00:00:00Z,guangxi,0,0,0
2020-03-25T00:00:00Z,guangxi,NA,0,NA
2020-03-26T00:00:00Z,guangxi,NA,0,NA
2020-03-27T00:00:00Z,guangxi,NA,0,NA
2020-03-28T00:00:00Z,guangxi,NA,0,NA
2020-03-29T00:00:00Z,guangxi,NA,0,NA
2020-03-30T00:00:00Z,guangxi,NA,0,NA
2020-03-31T00:00:00Z,guangxi,NA,0,NA
2020-04-01T00:00:00Z,guangxi,NA,0,NA
2020-04-02T00:00:00Z,guangxi,NA,0,NA
2020-01-16T00:00:00Z,shaanxi,0,0,0
2020-01-17T00:00:00Z,shaanxi,0,0,0
2020-01-18T00:00:00Z,shaanxi,0,0,0
2020-01-19T00:00:00Z,shaanxi,0,0,0
2020-01-20T00:00:00Z,shaanxi,0,0,0
2020-01-21T00:00:00Z,shaanxi,0,0,0
2020-01-22T00:00:00Z,shaanxi,0,0,0
2020-01-23T00:00:00Z,shaanxi,3,0,3
2020-01-24T00:00:00Z,shaanxi,2,0,2
2020-01-25T00:00:00Z,shaanxi,10,0,10
2020-01-26T00:00:00Z,shaanxi,7,0,7
2020-01-27T00:00:00Z,shaanxi,13,0,13
2020-01-28T00:00:00Z,shaanxi,11,0,11
2020-01-29T00:00:00Z,shaanxi,17,0,17
2020-01-30T00:00:00Z,shaanxi,24,0,24
2020-01-31T00:00:00Z,shaanxi,15,0,15
2020-02-01T00:00:00Z,shaanxi,15,0,15
2020-02-02T00:00:00Z,shaanxi,12,0,12
2020-02-03T00:00:00Z,shaanxi,14,0,14
2020-02-04T00:00:00Z,shaanxi,23,0,23
2020-02-05T00:00:00Z,shaanxi,8,0,8
2020-02-06T00:00:00Z,shaanxi,11,0,11
2020-02-07T00:00:00Z,shaanxi,11,0,11
2020-02-08T00:00:00Z,shaanxi,13,0,13
2020-02-09T00:00:00Z,shaanxi,5,0,5
2020-02-10T00:00:00Z,shaanxi,6,0,6
2020-02-11T00:00:00Z,shaanxi,6,0,6
2020-02-12T00:00:00Z,shaanxi,4,0,4
2020-02-13T00:00:00Z,shaanxi,1,0,1
2020-02-14T00:00:00Z,shaanxi,2,0,2
2020-02-15T00:00:00Z,shaanxi,4,0,4
2020-02-16T00:00:00Z,shaanxi,4,0,4
2020-02-17T00:00:00Z,shaanxi,0,0,0
2020-02-18T00:00:00Z,shaanxi,2,0,2
2020-02-19T00:00:00Z,shaanxi,3,0,3
2020-02-20T00:00:00Z,shaanxi,0,0,0
2020-02-21T00:00:00Z,shaanxi,0,0,0
2020-02-22T00:00:00Z,shaanxi,0,0,0
2020-02-23T00:00:00Z,shaanxi,0,0,0
2020-02-24T00:00:00Z,shaanxi,0,0,0
2020-02-25T00:00:00Z,shaanxi,0,0,0
2020-02-26T00:00:00Z,shaanxi,0,0,0
2020-02-27T00:00:00Z,shaanxi,0,0,0
2020-02-28T00:00:00Z,shaanxi,0,0,0
2020-02-29T00:00:00Z,shaanxi,0,0,0
2020-03-01T00:00:00Z,shaanxi,0,0,0
2020-03-02T00:00:00Z,shaanxi,0,0,0
2020-03-03T00:00:00Z,shaanxi,0,0,0
2020-03-04T00:00:00Z,shaanxi,0,0,0
2020-03-05T00:00:00Z,shaanxi,0,0,0
2020-03-06T00:00:00Z,shaanxi,0,0,0
2020-03-07T00:00:00Z,shaanxi,0,0,0
2020-03-08T00:00:00Z,shaanxi,0,0,0
2020-03-09T00:00:00Z,shaanxi,0,0,0
2020-03-10T00:00:00Z,shaanxi,0,0,0
2020-03-11T00:00:00Z,shaanxi,0,0,0
2020-03-12T00:00:00Z,shaanxi,0,0,0
2020-03-13T00:00:00Z,shaanxi,0,0,0
2020-03-14T00:00:00Z,shaanxi,0,0,0
2020-03-15T00:00:00Z,shaanxi,0,0,0
2020-03-16T00:00:00Z,shaanxi,1,1,0
2020-03-17T00:00:00Z,shaanxi,0,0,0
2020-03-18T00:00:00Z,shaanxi,0,0,0
2020-03-19T00:00:00Z,shaanxi,0,0,0
2020-03-20T00:00:00Z,shaanxi,2,2,0
2020-03-21T00:00:00Z,shaanxi,0,0,0
2020-03-22T00:00:00Z,shaanxi,0,0,0
2020-03-23T00:00:00Z,shaanxi,0,0,0
2020-03-24T00:00:00Z,shaanxi,1,1,0
2020-03-25T00:00:00Z,shaanxi,NA,3,NA
2020-03-26T00:00:00Z,shaanxi,NA,1,NA
2020-03-27T00:00:00Z,shaanxi,NA,0,NA
2020-03-28T00:00:00Z,shaanxi,NA,0,NA
2020-03-29T00:00:00Z,shaanxi,NA,0,NA
2020-03-30T00:00:00Z,shaanxi,NA,0,NA
2020-03-31T00:00:00Z,shaanxi,NA,0,NA
2020-04-01T00:00:00Z,shaanxi,NA,0,NA
2020-04-02T00:00:00Z,shaanxi,NA,0,NA
2020-01-16T00:00:00Z,yunnan,0,0,0
2020-01-17T00:00:00Z,yunnan,0,0,0
2020-01-18T00:00:00Z,yunnan,0,0,0
2020-01-19T00:00:00Z,yunnan,0,0,0
2020-01-20T00:00:00Z,yunnan,0,0,0
2020-01-21T00:00:00Z,yunnan,1,0,1
2020-01-22T00:00:00Z,yunnan,0,0,0
2020-01-23T00:00:00Z,yunnan,1,0,1
2020-01-24T00:00:00Z,yunnan,3,0,3
2020-01-25T00:00:00Z,yunnan,6,0,6
2020-01-26T00:00:00Z,yunnan,10,0,10
2020-01-27T00:00:00Z,yunnan,11,0,11
2020-01-28T00:00:00Z,yunnan,19,0,19
2020-01-29T00:00:00Z,yunnan,19,0,19
2020-01-30T00:00:00Z,yunnan,10,0,10
2020-01-31T00:00:00Z,yunnan,11,0,11
2020-02-01T00:00:00Z,yunnan,8,0,8
2020-02-02T00:00:00Z,yunnan,10,0,10
2020-02-03T00:00:00Z,yunnan,8,0,8
2020-02-04T00:00:00Z,yunnan,5,0,5
2020-02-05T00:00:00Z,yunnan,6,0,6
2020-02-06T00:00:00Z,yunnan,7,0,7
2020-02-07T00:00:00Z,yunnan,3,0,3
2020-02-08T00:00:00Z,yunnan,2,0,2
2020-02-09T00:00:00Z,yunnan,1,0,1
2020-02-10T00:00:00Z,yunnan,8,0,8
2020-02-11T00:00:00Z,yunnan,5,0,5
2020-02-12T00:00:00Z,yunnan,1,0,1
2020-02-13T00:00:00Z,yunnan,7,0,7
2020-02-14T00:00:00Z,yunnan,6,0,6
2020-02-15T00:00:00Z,yunnan,1,0,1
2020-02-16T00:00:00Z,yunnan,2,0,2
2020-02-17T00:00:00Z,yunnan,1,0,1
2020-02-18T00:00:00Z,yunnan,1,0,1
2020-02-19T00:00:00Z,yunnan,0,0,0
2020-02-20T00:00:00Z,yunnan,2,0,2
2020-02-21T00:00:00Z,yunnan,0,0,0
2020-02-22T00:00:00Z,yunnan,0,0,0
2020-02-23T00:00:00Z,yunnan,0,0,0
2020-02-24T00:00:00Z,yunnan,0,0,0
2020-02-25T00:00:00Z,yunnan,0,0,0
2020-02-26T00:00:00Z,yunnan,0,0,0
2020-02-27T00:00:00Z,yunnan,0,0,0
2020-02-28T00:00:00Z,yunnan,0,0,0
2020-02-29T00:00:00Z,yunnan,0,0,0
2020-03-01T00:00:00Z,yunnan,0,0,0
2020-03-02T00:00:00Z,yunnan,0,0,0
2020-03-03T00:00:00Z,yunnan,0,0,0
2020-03-04T00:00:00Z,yunnan,0,0,0
2020-03-05T00:00:00Z,yunnan,0,0,0
2020-03-06T00:00:00Z,yunnan,0,0,0
2020-03-07T00:00:00Z,yunnan,0,0,0
2020-03-08T00:00:00Z,yunnan,0,0,0
2020-03-09T00:00:00Z,yunnan,0,0,0
2020-03-10T00:00:00Z,yunnan,0,0,0
2020-03-11T00:00:00Z,yunnan,0,0,0
2020-03-12T00:00:00Z,yunnan,0,0,0
2020-03-13T00:00:00Z,yunnan,0,0,0
2020-03-14T00:00:00Z,yunnan,0,0,0
2020-03-15T00:00:00Z,yunnan,1,1,0
2020-03-16T00:00:00Z,yunnan,1,1,0
2020-03-17T00:00:00Z,yunnan,0,0,0
2020-03-18T00:00:00Z,yunnan,0,0,0
2020-03-19T00:00:00Z,yunnan,0,0,0
2020-03-20T00:00:00Z,yunnan,0,0,0
2020-03-21T00:00:00Z,yunnan,0,0,0
2020-03-22T00:00:00Z,yunnan,0,0,0
2020-03-23T00:00:00Z,yunnan,0,0,0
2020-03-24T00:00:00Z,yunnan,0,0,0
2020-03-25T00:00:00Z,yunnan,NA,0,NA
2020-03-26T00:00:00Z,yunnan,NA,0,NA
2020-03-27T00:00:00Z,yunnan,NA,0,NA
2020-03-28T00:00:00Z,yunnan,NA,0,NA
2020-03-29T00:00:00Z,yunnan,NA,0,NA
2020-03-30T00:00:00Z,yunnan,NA,0,NA
2020-03-31T00:00:00Z,yunnan,NA,0,NA
2020-04-01T00:00:00Z,yunnan,NA,0,NA
2020-04-02T00:00:00Z,yunnan,NA,0,NA
2020-01-16T00:00:00Z,hainan,0,0,0
2020-01-17T00:00:00Z,hainan,0,0,0
2020-01-18T00:00:00Z,hainan,0,0,0
2020-01-19T00:00:00Z,hainan,0,0,0
2020-01-20T00:00:00Z,hainan,0,0,0
2020-01-21T00:00:00Z,hainan,0,0,0
2020-01-22T00:00:00Z,hainan,4,0,4
2020-01-23T00:00:00Z,hainan,1,0,1
2020-01-24T00:00:00Z,hainan,5,0,5
2020-01-25T00:00:00Z,hainan,10,0,10
2020-01-26T00:00:00Z,hainan,7,0,7
2020-01-27T00:00:00Z,hainan,11,0,11
2020-01-28T00:00:00Z,hainan,5,0,5
2020-01-29T00:00:00Z,hainan,3,0,3
2020-01-30T00:00:00Z,hainan,3,0,3
2020-01-31T00:00:00Z,hainan,8,0,8
2020-02-01T00:00:00Z,hainan,6,0,6
2020-02-02T00:00:00Z,hainan,7,0,7
2020-02-03T00:00:00Z,hainan,9,0,9
2020-02-04T00:00:00Z,hainan,11,0,11
2020-02-05T00:00:00Z,hainan,11,0,11
2020-02-06T00:00:00Z,hainan,11,0,11
2020-02-07T00:00:00Z,hainan,12,0,12
2020-02-08T00:00:00Z,hainan,6,0,6
2020-02-09T00:00:00Z,hainan,8,0,8
2020-02-10T00:00:00Z,hainan,6,0,6
2020-02-11T00:00:00Z,hainan,3,0,3
2020-02-12T00:00:00Z,hainan,12,0,12
2020-02-13T00:00:00Z,hainan,0,0,0
2020-02-14T00:00:00Z,hainan,5,0,5
2020-02-15T00:00:00Z,hainan,0,0,0
2020-02-16T00:00:00Z,hainan,0,0,0
2020-02-17T00:00:00Z,hainan,1,0,1
2020-02-18T00:00:00Z,hainan,0,0,0
2020-02-19T00:00:00Z,hainan,5,0,5
2020-02-20T00:00:00Z,hainan,0,0,0
2020-02-21T00:00:00Z,hainan,0,0,0
2020-02-22T00:00:00Z,hainan,0,0,0
2020-02-23T00:00:00Z,hainan,0,0,0
2020-02-24T00:00:00Z,hainan,0,0,0
2020-02-25T00:00:00Z,hainan,0,0,0
2020-02-26T00:00:00Z,hainan,0,0,0
2020-02-27T00:00:00Z,hainan,0,0,0
2020-02-28T00:00:00Z,hainan,0,0,0
2020-02-29T00:00:00Z,hainan,0,0,0
2020-03-01T00:00:00Z,hainan,0,0,0
2020-03-02T00:00:00Z,hainan,0,0,0
2020-03-03T00:00:00Z,hainan,0,0,0
2020-03-04T00:00:00Z,hainan,0,0,0
2020-03-05T00:00:00Z,hainan,0,0,0
2020-03-06T00:00:00Z,hainan,0,0,0
2020-03-07T00:00:00Z,hainan,0,0,0
2020-03-08T00:00:00Z,hainan,0,0,0
2020-03-09T00:00:00Z,hainan,0,0,0
2020-03-10T00:00:00Z,hainan,0,0,0
2020-03-11T00:00:00Z,hainan,0,0,0
2020-03-12T00:00:00Z,hainan,0,0,0
2020-03-13T00:00:00Z,hainan,0,0,0
2020-03-14T00:00:00Z,hainan,0,0,0
2020-03-15T00:00:00Z,hainan,0,0,0
2020-03-16T00:00:00Z,hainan,0,0,0
2020-03-17T00:00:00Z,hainan,0,0,0
2020-03-18T00:00:00Z,hainan,0,0,0
2020-03-19T00:00:00Z,hainan,0,0,0
2020-03-20T00:00:00Z,hainan,0,0,0
2020-03-21T00:00:00Z,hainan,0,0,0
2020-03-22T00:00:00Z,hainan,0,0,0
2020-03-23T00:00:00Z,hainan,0,0,0
2020-03-24T00:00:00Z,hainan,0,0,0
2020-03-25T00:00:00Z,hainan,NA,0,NA
2020-03-26T00:00:00Z,hainan,NA,0,NA
2020-03-27T00:00:00Z,hainan,NA,0,NA
2020-03-28T00:00:00Z,hainan,NA,0,NA
2020-03-29T00:00:00Z,hainan,NA,0,NA
2020-03-30T00:00:00Z,hainan,NA,0,NA
2020-03-31T00:00:00Z,hainan,NA,0,NA
2020-04-01T00:00:00Z,hainan,NA,0,NA
2020-04-02T00:00:00Z,hainan,NA,0,NA
2020-01-16T00:00:00Z,liaoning,0,0,0
2020-01-17T00:00:00Z,liaoning,0,0,0
2020-01-18T00:00:00Z,liaoning,0,0,0
2020-01-19T00:00:00Z,liaoning,0,0,0
2020-01-20T00:00:00Z,liaoning,0,0,0
2020-01-21T00:00:00Z,liaoning,0,0,0
2020-01-22T00:00:00Z,liaoning,2,0,2
2020-01-23T00:00:00Z,liaoning,2,0,2
2020-01-24T00:00:00Z,liaoning,8,0,8
2020-01-25T00:00:00Z,liaoning,5,0,5
2020-01-26T00:00:00Z,liaoning,5,0,5
2020-01-27T00:00:00Z,liaoning,5,0,5
2020-01-28T00:00:00Z,liaoning,9,0,9
2020-01-29T00:00:00Z,liaoning,3,0,3
2020-01-30T00:00:00Z,liaoning,6,0,6
2020-01-31T00:00:00Z,liaoning,15,0,15
2020-02-01T00:00:00Z,liaoning,4,0,4
2020-02-02T00:00:00Z,liaoning,6,0,6
2020-02-03T00:00:00Z,liaoning,4,0,4
2020-02-04T00:00:00Z,liaoning,7,0,7
2020-02-05T00:00:00Z,liaoning,8,0,8
2020-02-06T00:00:00Z,liaoning,5,0,5
2020-02-07T00:00:00Z,liaoning,5,0,5
2020-02-08T00:00:00Z,liaoning,6,0,6
2020-02-09T00:00:00Z,liaoning,2,0,2
2020-02-10T00:00:00Z,liaoning,1,0,1
2020-02-11T00:00:00Z,liaoning,3,0,3
2020-02-12T00:00:00Z,liaoning,5,0,5
2020-02-13T00:00:00Z,liaoning,1,0,1
2020-02-14T00:00:00Z,liaoning,2,0,2
2020-02-15T00:00:00Z,liaoning,1,0,1
2020-02-16T00:00:00Z,liaoning,1,0,1
2020-02-17T00:00:00Z,liaoning,0,0,0
2020-02-18T00:00:00Z,liaoning,0,0,0
2020-02-19T00:00:00Z,liaoning,0,0,0
2020-02-20T00:00:00Z,liaoning,0,0,0
2020-02-21T00:00:00Z,liaoning,0,0,0
2020-02-22T00:00:00Z,liaoning,0,0,0
2020-02-23T00:00:00Z,liaoning,0,0,0
2020-02-24T00:00:00Z,liaoning,0,0,0
2020-02-25T00:00:00Z,liaoning,0,0,0
2020-02-26T00:00:00Z,liaoning,0,0,0
2020-02-27T00:00:00Z,liaoning,0,0,0
2020-02-28T00:00:00Z,liaoning,0,0,0
2020-02-29T00:00:00Z,liaoning,1,0,1
2020-03-01T00:00:00Z,liaoning,0,0,0
2020-03-02T00:00:00Z,liaoning,3,0,3
2020-03-03T00:00:00Z,liaoning,0,0,0
2020-03-04T00:00:00Z,liaoning,0,0,0
2020-03-05T00:00:00Z,liaoning,0,0,0
2020-03-06T00:00:00Z,liaoning,0,0,0
2020-03-07T00:00:00Z,liaoning,0,0,0
2020-03-08T00:00:00Z,liaoning,0,0,0
2020-03-09T00:00:00Z,liaoning,0,0,0
2020-03-10T00:00:00Z,liaoning,0,0,0
2020-03-11T00:00:00Z,liaoning,0,0,0
2020-03-12T00:00:00Z,liaoning,0,0,0
2020-03-13T00:00:00Z,liaoning,0,0,0
2020-03-14T00:00:00Z,liaoning,0,0,0
2020-03-15T00:00:00Z,liaoning,0,0,0
2020-03-16T00:00:00Z,liaoning,0,0,0
2020-03-17T00:00:00Z,liaoning,0,0,0
2020-03-18T00:00:00Z,liaoning,0,0,0
2020-03-19T00:00:00Z,liaoning,1,1,0
2020-03-20T00:00:00Z,liaoning,0,0,0
2020-03-21T00:00:00Z,liaoning,0,0,0
2020-03-22T00:00:00Z,liaoning,0,0,0
2020-03-23T00:00:00Z,liaoning,1,1,0
2020-03-24T00:00:00Z,liaoning,0,0,0
2020-03-25T00:00:00Z,liaoning,NA,0,NA
2020-03-26T00:00:00Z,liaoning,NA,0,NA
2020-03-27T00:00:00Z,liaoning,NA,0,NA
2020-03-28T00:00:00Z,liaoning,NA,0,NA
2020-03-29T00:00:00Z,liaoning,NA,0,NA
2020-03-30T00:00:00Z,liaoning,NA,0,NA
2020-03-31T00:00:00Z,liaoning,NA,0,NA
2020-04-01T00:00:00Z,liaoning,NA,0,NA
2020-04-02T00:00:00Z,liaoning,NA,0,NA
2020-01-16T00:00:00Z,hebei,0,0,0
2020-01-17T00:00:00Z,hebei,0,0,0
2020-01-18T00:00:00Z,hebei,0,0,0
2020-01-19T00:00:00Z,hebei,0,0,0
2020-01-20T00:00:00Z,hebei,0,0,0
2020-01-21T00:00:00Z,hebei,0,0,0
2020-01-22T00:00:00Z,hebei,1,0,1
2020-01-23T00:00:00Z,hebei,1,0,1
2020-01-24T00:00:00Z,hebei,6,0,6
2020-01-25T00:00:00Z,hebei,5,0,5
2020-01-26T00:00:00Z,hebei,5,0,5
2020-01-27T00:00:00Z,hebei,15,0,15
2020-01-28T00:00:00Z,hebei,15,0,15
2020-01-29T00:00:00Z,hebei,17,0,17
2020-01-30T00:00:00Z,hebei,17,0,17
2020-01-31T00:00:00Z,hebei,14,0,14
2020-02-01T00:00:00Z,hebei,8,0,8
2020-02-02T00:00:00Z,hebei,9,0,9
2020-02-03T00:00:00Z,hebei,13,0,13
2020-02-04T00:00:00Z,hebei,9,0,9
2020-02-05T00:00:00Z,hebei,22,0,22
2020-02-06T00:00:00Z,hebei,14,0,14
2020-02-07T00:00:00Z,hebei,24,0,24
2020-02-08T00:00:00Z,hebei,11,0,11
2020-02-09T00:00:00Z,hebei,12,0,12
2020-02-10T00:00:00Z,hebei,21,0,21
2020-02-11T00:00:00Z,hebei,12,0,12
2020-02-12T00:00:00Z,hebei,14,0,14
2020-02-13T00:00:00Z,hebei,18,0,18
2020-02-14T00:00:00Z,hebei,8,0,8
2020-02-15T00:00:00Z,hebei,9,0,9
2020-02-16T00:00:00Z,hebei,1,0,1
2020-02-17T00:00:00Z,hebei,1,0,1
2020-02-18T00:00:00Z,hebei,4,0,4
2020-02-19T00:00:00Z,hebei,1,0,1
2020-02-20T00:00:00Z,hebei,1,0,1
2020-02-21T00:00:00Z,hebei,1,0,1
2020-02-22T00:00:00Z,hebei,2,0,2
2020-02-23T00:00:00Z,hebei,0,0,0
2020-02-24T00:00:00Z,hebei,0,0,0
2020-02-25T00:00:00Z,hebei,1,0,1
2020-02-26T00:00:00Z,hebei,5,0,5
2020-02-27T00:00:00Z,hebei,1,0,1
2020-02-28T00:00:00Z,hebei,0,0,0
2020-02-29T00:00:00Z,hebei,0,0,0
2020-03-01T00:00:00Z,hebei,0,0,0
2020-03-02T00:00:00Z,hebei,0,0,0
2020-03-03T00:00:00Z,hebei,0,0,0
2020-03-04T00:00:00Z,hebei,0,0,0
2020-03-05T00:00:00Z,hebei,0,0,0
2020-03-06T00:00:00Z,hebei,0,0,0
2020-03-07T00:00:00Z,hebei,0,0,0
2020-03-08T00:00:00Z,hebei,0,0,0
2020-03-09T00:00:00Z,hebei,0,0,0
2020-03-10T00:00:00Z,hebei,0,0,0
2020-03-11T00:00:00Z,hebei,0,0,0
2020-03-12T00:00:00Z,hebei,0,0,0
2020-03-13T00:00:00Z,hebei,0,0,0
2020-03-14T00:00:00Z,hebei,0,0,0
2020-03-15T00:00:00Z,hebei,0,0,0
2020-03-16T00:00:00Z,hebei,0,0,0
2020-03-17T00:00:00Z,hebei,0,0,0
2020-03-18T00:00:00Z,hebei,0,0,0
2020-03-19T00:00:00Z,hebei,0,0,0
2020-03-20T00:00:00Z,hebei,0,0,0
2020-03-21T00:00:00Z,hebei,1,1,0
2020-03-22T00:00:00Z,hebei,0,0,0
2020-03-23T00:00:00Z,hebei,0,0,0
2020-03-24T00:00:00Z,hebei,0,0,0
2020-03-25T00:00:00Z,hebei,NA,0,NA
2020-03-26T00:00:00Z,hebei,NA,0,NA
2020-03-27T00:00:00Z,hebei,NA,0,NA
2020-03-28T00:00:00Z,hebei,NA,0,NA
2020-03-29T00:00:00Z,hebei,NA,0,NA
2020-03-30T00:00:00Z,hebei,NA,0,NA
2020-03-31T00:00:00Z,hebei,NA,0,NA
2020-04-01T00:00:00Z,hebei,NA,0,NA
2020-04-02T00:00:00Z,hebei,NA,0,NA
2020-01-16T00:00:00Z,heilongjiang,0,0,0
2020-01-17T00:00:00Z,heilongjiang,0,0,0
2020-01-18T00:00:00Z,heilongjiang,0,0,0
2020-01-19T00:00:00Z,heilongjiang,0,0,0
2020-01-20T00:00:00Z,heilongjiang,0,0,0
2020-01-21T00:00:00Z,heilongjiang,0,0,0
2020-01-22T00:00:00Z,heilongjiang,1,0,1
2020-01-23T00:00:00Z,heilongjiang,2,0,2
2020-01-24T00:00:00Z,heilongjiang,6,0,6
2020-01-25T00:00:00Z,heilongjiang,6,0,6
2020-01-26T00:00:00Z,heilongjiang,6,0,6
2020-01-27T00:00:00Z,heilongjiang,9,0,9
2020-01-28T00:00:00Z,heilongjiang,7,0,7
2020-01-29T00:00:00Z,heilongjiang,6,0,6
2020-01-30T00:00:00Z,heilongjiang,16,0,16
2020-01-31T00:00:00Z,heilongjiang,21,0,21
2020-02-01T00:00:00Z,heilongjiang,15,0,15
2020-02-02T00:00:00Z,heilongjiang,23,0,23
2020-02-03T00:00:00Z,heilongjiang,39,0,39
2020-02-04T00:00:00Z,heilongjiang,35,0,35
2020-02-05T00:00:00Z,heilongjiang,37,0,37
2020-02-06T00:00:00Z,heilongjiang,50,0,50
2020-02-07T00:00:00Z,heilongjiang,19,0,19
2020-02-08T00:00:00Z,heilongjiang,26,0,26
2020-02-09T00:00:00Z,heilongjiang,24,0,24
2020-02-10T00:00:00Z,heilongjiang,29,0,29
2020-02-11T00:00:00Z,heilongjiang,18,0,18
2020-02-12T00:00:00Z,heilongjiang,17,0,17
2020-02-13T00:00:00Z,heilongjiang,23,0,23
2020-02-14T00:00:00Z,heilongjiang,7,0,7
2020-02-15T00:00:00Z,heilongjiang,20,0,20
2020-02-16T00:00:00Z,heilongjiang,12,0,12
2020-02-17T00:00:00Z,heilongjiang,7,0,7
2020-02-18T00:00:00Z,heilongjiang,6,0,6
2020-02-19T00:00:00Z,heilongjiang,6,0,6
2020-02-20T00:00:00Z,heilongjiang,3,0,3
2020-02-21T00:00:00Z,heilongjiang,0,0,0
2020-02-22T00:00:00Z,heilongjiang,1,0,1
2020-02-23T00:00:00Z,heilongjiang,0,0,0
2020-02-24T00:00:00Z,heilongjiang,0,0,0
2020-02-25T00:00:00Z,heilongjiang,0,0,0
2020-02-26T00:00:00Z,heilongjiang,0,0,0
2020-02-27T00:00:00Z,heilongjiang,0,0,0
2020-02-28T00:00:00Z,heilongjiang,0,0,0
2020-02-29T00:00:00Z,heilongjiang,0,0,0
2020-03-01T00:00:00Z,heilongjiang,0,0,0
2020-03-02T00:00:00Z,heilongjiang,0,0,0
2020-03-03T00:00:00Z,heilongjiang,0,0,0
2020-03-04T00:00:00Z,heilongjiang,1,0,1
2020-03-05T00:00:00Z,heilongjiang,0,0,0
2020-03-06T00:00:00Z,heilongjiang,0,0,0
2020-03-07T00:00:00Z,heilongjiang,0,0,0
2020-03-08T00:00:00Z,heilongjiang,0,0,0
2020-03-09T00:00:00Z,heilongjiang,0,0,0
2020-03-10T00:00:00Z,heilongjiang,1,0,1
2020-03-11T00:00:00Z,heilongjiang,0,0,0
2020-03-12T00:00:00Z,heilongjiang,0,0,0
2020-03-13T00:00:00Z,heilongjiang,0,0,0
2020-03-14T00:00:00Z,heilongjiang,0,0,0
2020-03-15T00:00:00Z,heilongjiang,0,0,0
2020-03-16T00:00:00Z,heilongjiang,0,0,0
2020-03-17T00:00:00Z,heilongjiang,0,0,0
2020-03-18T00:00:00Z,heilongjiang,1,1,0
2020-03-19T00:00:00Z,heilongjiang,1,1,0
2020-03-20T00:00:00Z,heilongjiang,0,0,0
2020-03-21T00:00:00Z,heilongjiang,0,0,0
2020-03-22T00:00:00Z,heilongjiang,0,0,0
2020-03-23T00:00:00Z,heilongjiang,0,0,0
2020-03-24T00:00:00Z,heilongjiang,0,0,0
2020-03-25T00:00:00Z,heilongjiang,NA,0,NA
2020-03-26T00:00:00Z,heilongjiang,NA,0,NA
2020-03-27T00:00:00Z,heilongjiang,NA,0,NA
2020-03-28T00:00:00Z,heilongjiang,NA,0,NA
2020-03-29T00:00:00Z,heilongjiang,NA,0,NA
2020-03-30T00:00:00Z,heilongjiang,NA,0,NA
2020-03-31T00:00:00Z,heilongjiang,NA,0,NA
2020-04-01T00:00:00Z,heilongjiang,NA,0,NA
2020-04-02T00:00:00Z,heilongjiang,NA,0,NA
2020-01-16T00:00:00Z,tianjin,0,0,0
2020-01-17T00:00:00Z,tianjin,0,0,0
2020-01-18T00:00:00Z,tianjin,0,0,0
2020-01-19T00:00:00Z,tianjin,0,0,0
2020-01-20T00:00:00Z,tianjin,0,0,0
2020-01-21T00:00:00Z,tianjin,2,0,2
2020-01-22T00:00:00Z,tianjin,2,0,2
2020-01-23T00:00:00Z,tianjin,1,0,1
2020-01-24T00:00:00Z,tianjin,3,0,3
2020-01-25T00:00:00Z,tianjin,2,0,2
2020-01-26T00:00:00Z,tianjin,5,0,5
2020-01-27T00:00:00Z,tianjin,8,0,8
2020-01-28T00:00:00Z,tianjin,2,0,2
2020-01-29T00:00:00Z,tianjin,2,0,2
2020-01-30T00:00:00Z,tianjin,5,0,5
2020-01-31T00:00:00Z,tianjin,2,0,2
2020-02-01T00:00:00Z,tianjin,11,0,11
2020-02-02T00:00:00Z,tianjin,4,0,4
2020-02-03T00:00:00Z,tianjin,14,0,14
2020-02-04T00:00:00Z,tianjin,4,0,4
2020-02-05T00:00:00Z,tianjin,3,0,3
2020-02-06T00:00:00Z,tianjin,9,0,9
2020-02-07T00:00:00Z,tianjin,2,0,2
2020-02-08T00:00:00Z,tianjin,7,0,7
2020-02-09T00:00:00Z,tianjin,3,0,3
2020-02-10T00:00:00Z,tianjin,5,0,5
2020-02-11T00:00:00Z,tianjin,10,0,10
2020-02-12T00:00:00Z,tianjin,6,0,6
2020-02-13T00:00:00Z,tianjin,7,0,7
2020-02-14T00:00:00Z,tianjin,1,0,1
2020-02-15T00:00:00Z,tianjin,2,0,2
2020-02-16T00:00:00Z,tianjin,2,0,2
2020-02-17T00:00:00Z,tianjin,1,0,1
2020-02-18T00:00:00Z,tianjin,3,0,3
2020-02-19T00:00:00Z,tianjin,2,0,2
2020-02-20T00:00:00Z,tianjin,1,0,1
2020-02-21T00:00:00Z,tianjin,2,0,2
2020-02-22T00:00:00Z,tianjin,2,0,2
2020-02-23T00:00:00Z,tianjin,0,0,0
2020-02-24T00:00:00Z,tianjin,0,0,0
2020-02-25T00:00:00Z,tianjin,0,0,0
2020-02-26T00:00:00Z,tianjin,0,0,0
2020-02-27T00:00:00Z,tianjin,1,0,1
2020-02-28T00:00:00Z,tianjin,0,0,0
2020-02-29T00:00:00Z,tianjin,0,0,0
2020-03-01T00:00:00Z,tianjin,0,0,0
2020-03-02T00:00:00Z,tianjin,0,0,0
2020-03-03T00:00:00Z,tianjin,0,0,0
2020-03-04T00:00:00Z,tianjin,0,0,0
2020-03-05T00:00:00Z,tianjin,0,0,0
2020-03-06T00:00:00Z,tianjin,0,0,0
2020-03-07T00:00:00Z,tianjin,0,0,0
2020-03-08T00:00:00Z,tianjin,0,0,0
2020-03-09T00:00:00Z,tianjin,0,0,0
2020-03-10T00:00:00Z,tianjin,0,0,0
2020-03-11T00:00:00Z,tianjin,0,0,0
2020-03-12T00:00:00Z,tianjin,0,0,0
2020-03-13T00:00:00Z,tianjin,0,0,0
2020-03-14T00:00:00Z,tianjin,0,0,0
2020-03-15T00:00:00Z,tianjin,0,0,0
2020-03-16T00:00:00Z,tianjin,0,0,0
2020-03-17T00:00:00Z,tianjin,0,0,0
2020-03-18T00:00:00Z,tianjin,0,0,0
2020-03-19T00:00:00Z,tianjin,1,1,0
2020-03-20T00:00:00Z,tianjin,0,0,0
2020-03-21T00:00:00Z,tianjin,0,0,0
2020-03-22T00:00:00Z,tianjin,0,0,0
2020-03-23T00:00:00Z,tianjin,4,4,0
2020-03-24T00:00:00Z,tianjin,4,4,0
2020-03-25T00:00:00Z,tianjin,NA,0,NA
2020-03-26T00:00:00Z,tianjin,NA,0,NA
2020-03-27T00:00:00Z,tianjin,NA,0,NA
2020-03-28T00:00:00Z,tianjin,NA,0,NA
2020-03-29T00:00:00Z,tianjin,NA,0,NA
2020-03-30T00:00:00Z,tianjin,NA,0,NA
2020-03-31T00:00:00Z,tianjin,NA,0,NA
2020-04-01T00:00:00Z,tianjin,NA,0,NA
2020-04-02T00:00:00Z,tianjin,NA,0,NA
2020-01-16T00:00:00Z,shanxi,0,0,0
2020-01-17T00:00:00Z,shanxi,0,0,0
2020-01-18T00:00:00Z,shanxi,0,0,0
2020-01-19T00:00:00Z,shanxi,0,0,0
2020-01-20T00:00:00Z,shanxi,0,0,0
2020-01-21T00:00:00Z,shanxi,0,0,0
2020-01-22T00:00:00Z,shanxi,1,0,1
2020-01-23T00:00:00Z,shanxi,0,0,0
2020-01-24T00:00:00Z,shanxi,5,0,5
2020-01-25T00:00:00Z,shanxi,3,0,3
2020-01-26T00:00:00Z,shanxi,4,0,4
2020-01-27T00:00:00Z,shanxi,7,0,7
2020-01-28T00:00:00Z,shanxi,7,0,7
2020-01-29T00:00:00Z,shanxi,8,0,8
2020-01-30T00:00:00Z,shanxi,4,0,4
2020-01-31T00:00:00Z,shanxi,8,0,8
2020-02-01T00:00:00Z,shanxi,9,0,9
2020-02-02T00:00:00Z,shanxi,10,0,10
2020-02-03T00:00:00Z,shanxi,8,0,8
2020-02-04T00:00:00Z,shanxi,7,0,7
2020-02-05T00:00:00Z,shanxi,9,0,9
2020-02-06T00:00:00Z,shanxi,6,0,6
2020-02-07T00:00:00Z,shanxi,8,0,8
2020-02-08T00:00:00Z,shanxi,12,0,12
2020-02-09T00:00:00Z,shanxi,4,0,4
2020-02-10T00:00:00Z,shanxi,3,0,3
2020-02-11T00:00:00Z,shanxi,2,0,2
2020-02-12T00:00:00Z,shanxi,2,0,2
2020-02-13T00:00:00Z,shanxi,0,0,0
2020-02-14T00:00:00Z,shanxi,1,0,1
2020-02-15T00:00:00Z,shanxi,1,0,1
2020-02-16T00:00:00Z,shanxi,1,0,1
2020-02-17T00:00:00Z,shanxi,1,0,1
2020-02-18T00:00:00Z,shanxi,1,0,1
2020-02-19T00:00:00Z,shanxi,0,0,0
2020-02-20T00:00:00Z,shanxi,1,0,1
2020-02-21T00:00:00Z,shanxi,0,0,0
2020-02-22T00:00:00Z,shanxi,0,0,0
2020-02-23T00:00:00Z,shanxi,0,0,0
2020-02-24T00:00:00Z,shanxi,1,0,1
2020-02-25T00:00:00Z,shanxi,0,0,0
2020-02-26T00:00:00Z,shanxi,0,0,0
2020-02-27T00:00:00Z,shanxi,0,0,0
2020-02-28T00:00:00Z,shanxi,0,0,0
2020-02-29T00:00:00Z,shanxi,0,0,0
2020-03-01T00:00:00Z,shanxi,0,0,0
2020-03-02T00:00:00Z,shanxi,0,0,0
2020-03-03T00:00:00Z,shanxi,0,0,0
2020-03-04T00:00:00Z,shanxi,0,0,0
2020-03-05T00:00:00Z,shanxi,0,0,0
2020-03-06T00:00:00Z,shanxi,0,0,0
2020-03-07T00:00:00Z,shanxi,0,0,0
2020-03-08T00:00:00Z,shanxi,0,0,0
2020-03-09T00:00:00Z,shanxi,0,0,0
2020-03-10T00:00:00Z,shanxi,0,0,0
2020-03-11T00:00:00Z,shanxi,0,0,0
2020-03-12T00:00:00Z,shanxi,0,0,0
2020-03-13T00:00:00Z,shanxi,0,0,0
2020-03-14T00:00:00Z,shanxi,0,0,0
2020-03-15T00:00:00Z,shanxi,0,0,0
2020-03-16T00:00:00Z,shanxi,0,0,0
2020-03-17T00:00:00Z,shanxi,0,0,0
2020-03-18T00:00:00Z,shanxi,0,0,0
2020-03-19T00:00:00Z,shanxi,0,0,0
2020-03-20T00:00:00Z,shanxi,0,0,0
2020-03-21T00:00:00Z,shanxi,0,0,0
2020-03-22T00:00:00Z,shanxi,0,0,0
2020-03-23T00:00:00Z,shanxi,1,1,0
2020-03-24T00:00:00Z,shanxi,0,0,0
2020-03-25T00:00:00Z,shanxi,NA,0,NA
2020-03-26T00:00:00Z,shanxi,NA,0,NA
2020-03-27T00:00:00Z,shanxi,NA,0,NA
2020-03-28T00:00:00Z,shanxi,NA,0,NA
2020-03-29T00:00:00Z,shanxi,NA,0,NA
2020-03-30T00:00:00Z,shanxi,NA,0,NA
2020-03-31T00:00:00Z,shanxi,NA,0,NA
2020-04-01T00:00:00Z,shanxi,NA,0,NA
2020-04-02T00:00:00Z,shanxi,NA,0,NA
2020-01-16T00:00:00Z,gansu,0,0,0
2020-01-17T00:00:00Z,gansu,0,0,0
2020-01-18T00:00:00Z,gansu,0,0,0
2020-01-19T00:00:00Z,gansu,0,0,0
2020-01-20T00:00:00Z,gansu,0,0,0
2020-01-21T00:00:00Z,gansu,0,0,0
2020-01-22T00:00:00Z,gansu,0,0,0
2020-01-23T00:00:00Z,gansu,2,0,2
2020-01-24T00:00:00Z,gansu,2,0,2
2020-01-25T00:00:00Z,gansu,3,0,3
2020-01-26T00:00:00Z,gansu,7,0,7
2020-01-27T00:00:00Z,gansu,5,0,5
2020-01-28T00:00:00Z,gansu,5,0,5
2020-01-29T00:00:00Z,gansu,2,0,2
2020-01-30T00:00:00Z,gansu,4,0,4
2020-01-31T00:00:00Z,gansu,6,0,6
2020-02-01T00:00:00Z,gansu,5,0,5
2020-02-02T00:00:00Z,gansu,11,0,11
2020-02-03T00:00:00Z,gansu,5,0,5
2020-02-04T00:00:00Z,gansu,1,0,1
2020-02-05T00:00:00Z,gansu,5,0,5
2020-02-06T00:00:00Z,gansu,8,0,8
2020-02-07T00:00:00Z,gansu,1,0,1
2020-02-08T00:00:00Z,gansu,10,0,10
2020-02-09T00:00:00Z,gansu,5,0,5
2020-02-10T00:00:00Z,gansu,1,0,1
2020-02-11T00:00:00Z,gansu,0,0,0
2020-02-12T00:00:00Z,gansu,1,0,1
2020-02-13T00:00:00Z,gansu,3,0,3
2020-02-14T00:00:00Z,gansu,0,0,0
2020-02-15T00:00:00Z,gansu,0,0,0
2020-02-16T00:00:00Z,gansu,1,0,1
2020-02-17T00:00:00Z,gansu,0,0,0
2020-02-18T00:00:00Z,gansu,0,0,0
2020-02-19T00:00:00Z,gansu,0,0,0
2020-02-20T00:00:00Z,gansu,0,0,0
2020-02-21T00:00:00Z,gansu,0,0,0
2020-02-22T00:00:00Z,gansu,0,0,0
2020-02-23T00:00:00Z,gansu,0,0,0
2020-02-24T00:00:00Z,gansu,0,0,0
2020-02-25T00:00:00Z,gansu,0,0,0
2020-02-26T00:00:00Z,gansu,0,0,0
2020-02-27T00:00:00Z,gansu,0,0,0
2020-02-28T00:00:00Z,gansu,0,0,0
2020-02-29T00:00:00Z,gansu,0,0,0
2020-03-01T00:00:00Z,gansu,0,0,0
2020-03-02T00:00:00Z,gansu,0,0,0
2020-03-03T00:00:00Z,gansu,0,0,0
2020-03-04T00:00:00Z,gansu,0,0,0
2020-03-05T00:00:00Z,gansu,11,11,0
2020-03-06T00:00:00Z,gansu,17,17,0
2020-03-07T00:00:00Z,gansu,1,1,0
2020-03-08T00:00:00Z,gansu,4,4,0
2020-03-09T00:00:00Z,gansu,0,0,0
2020-03-10T00:00:00Z,gansu,1,1,0
2020-03-11T00:00:00Z,gansu,2,2,0
2020-03-12T00:00:00Z,gansu,0,0,0
2020-03-13T00:00:00Z,gansu,2,2,0
2020-03-14T00:00:00Z,gansu,3,3,0
2020-03-15T00:00:00Z,gansu,1,1,0
2020-03-16T00:00:00Z,gansu,0,0,0
2020-03-17T00:00:00Z,gansu,0,0,0
2020-03-18T00:00:00Z,gansu,0,0,0
2020-03-19T00:00:00Z,gansu,1,1,0
2020-03-20T00:00:00Z,gansu,0,0,0
2020-03-21T00:00:00Z,gansu,0,0,0
2020-03-22T00:00:00Z,gansu,2,2,0
2020-03-23T00:00:00Z,gansu,0,0,0
2020-03-24T00:00:00Z,gansu,0,0,0
2020-03-25T00:00:00Z,gansu,NA,0,NA
2020-03-26T00:00:00Z,gansu,NA,0,NA
2020-03-27T00:00:00Z,gansu,NA,0,NA
2020-03-28T00:00:00Z,gansu,NA,0,NA
2020-03-29T00:00:00Z,gansu,NA,0,NA
2020-03-30T00:00:00Z,gansu,NA,0,NA
2020-03-31T00:00:00Z,gansu,NA,0,NA
2020-04-01T00:00:00Z,gansu,NA,0,NA
2020-04-02T00:00:00Z,gansu,NA,0,NA
2020-01-16T00:00:00Z,inner_mongolia,0,0,0
2020-01-17T00:00:00Z,inner_mongolia,0,0,0
2020-01-18T00:00:00Z,inner_mongolia,0,0,0
2020-01-19T00:00:00Z,inner_mongolia,0,0,0
2020-01-20T00:00:00Z,inner_mongolia,0,0,0
2020-01-21T00:00:00Z,inner_mongolia,0,0,0
2020-01-22T00:00:00Z,inner_mongolia,0,0,0
2020-01-23T00:00:00Z,inner_mongolia,1,0,1
2020-01-24T00:00:00Z,inner_mongolia,1,0,1
2020-01-25T00:00:00Z,inner_mongolia,5,0,5
2020-01-26T00:00:00Z,inner_mongolia,4,0,4
2020-01-27T00:00:00Z,inner_mongolia,2,0,2
2020-01-28T00:00:00Z,inner_mongolia,3,0,3
2020-01-29T00:00:00Z,inner_mongolia,2,0,2
2020-01-30T00:00:00Z,inner_mongolia,2,0,2
2020-01-31T00:00:00Z,inner_mongolia,3,0,3
2020-02-01T00:00:00Z,inner_mongolia,3,0,3
2020-02-02T00:00:00Z,inner_mongolia,7,0,7
2020-02-03T00:00:00Z,inner_mongolia,4,0,4
2020-02-04T00:00:00Z,inner_mongolia,5,0,5
2020-02-05T00:00:00Z,inner_mongolia,4,0,4
2020-02-06T00:00:00Z,inner_mongolia,3,0,3
2020-02-07T00:00:00Z,inner_mongolia,1,0,1
2020-02-08T00:00:00Z,inner_mongolia,4,0,4
2020-02-09T00:00:00Z,inner_mongolia,4,0,4
2020-02-10T00:00:00Z,inner_mongolia,0,0,0
2020-02-11T00:00:00Z,inner_mongolia,2,0,2
2020-02-12T00:00:00Z,inner_mongolia,1,0,1
2020-02-13T00:00:00Z,inner_mongolia,2,0,2
2020-02-14T00:00:00Z,inner_mongolia,5,0,5
2020-02-15T00:00:00Z,inner_mongolia,2,0,2
2020-02-16T00:00:00Z,inner_mongolia,2,0,2
2020-02-17T00:00:00Z,inner_mongolia,1,0,1
2020-02-18T00:00:00Z,inner_mongolia,2,0,2
2020-02-19T00:00:00Z,inner_mongolia,0,0,0
2020-02-20T00:00:00Z,inner_mongolia,0,0,0
2020-02-21T00:00:00Z,inner_mongolia,0,0,0
2020-02-22T00:00:00Z,inner_mongolia,0,0,0
2020-02-23T00:00:00Z,inner_mongolia,0,0,0
2020-02-24T00:00:00Z,inner_mongolia,0,0,0
2020-02-25T00:00:00Z,inner_mongolia,0,0,0
2020-02-26T00:00:00Z,inner_mongolia,0,0,0
2020-02-27T00:00:00Z,inner_mongolia,0,0,0
2020-02-28T00:00:00Z,inner_mongolia,0,0,0
2020-02-29T00:00:00Z,inner_mongolia,0,0,0
2020-03-01T00:00:00Z,inner_mongolia,0,0,0
2020-03-02T00:00:00Z,inner_mongolia,0,0,0
2020-03-03T00:00:00Z,inner_mongolia,0,0,0
2020-03-04T00:00:00Z,inner_mongolia,0,0,0
2020-03-05T00:00:00Z,inner_mongolia,0,0,0
2020-03-06T00:00:00Z,inner_mongolia,0,0,0
2020-03-07T00:00:00Z,inner_mongolia,0,0,0
2020-03-08T00:00:00Z,inner_mongolia,0,0,0
2020-03-09T00:00:00Z,inner_mongolia,0,0,0
2020-03-10T00:00:00Z,inner_mongolia,0,0,0
2020-03-11T00:00:00Z,inner_mongolia,0,0,0
2020-03-12T00:00:00Z,inner_mongolia,0,0,0
2020-03-13T00:00:00Z,inner_mongolia,0,0,0
2020-03-14T00:00:00Z,inner_mongolia,0,0,0
2020-03-15T00:00:00Z,inner_mongolia,0,0,0
2020-03-16T00:00:00Z,inner_mongolia,0,0,0
2020-03-17T00:00:00Z,inner_mongolia,0,0,0
2020-03-18T00:00:00Z,inner_mongolia,0,0,0
2020-03-19T00:00:00Z,inner_mongolia,0,0,0
2020-03-20T00:00:00Z,inner_mongolia,0,0,0
2020-03-21T00:00:00Z,inner_mongolia,0,0,0
2020-03-22T00:00:00Z,inner_mongolia,0,0,0
2020-03-23T00:00:00Z,inner_mongolia,0,0,0
2020-03-24T00:00:00Z,inner_mongolia,2,2,0
2020-03-25T00:00:00Z,inner_mongolia,NA,0,NA
2020-03-26T00:00:00Z,inner_mongolia,NA,0,NA
2020-03-27T00:00:00Z,inner_mongolia,NA,0,NA
2020-03-28T00:00:00Z,inner_mongolia,NA,0,NA
2020-03-29T00:00:00Z,inner_mongolia,NA,0,NA
2020-03-30T00:00:00Z,inner_mongolia,NA,0,NA
2020-03-31T00:00:00Z,inner_mongolia,NA,0,NA
2020-04-01T00:00:00Z,inner_mongolia,NA,0,NA
2020-04-02T00:00:00Z,inner_mongolia,NA,0,NA
2020-01-16T00:00:00Z,ningxia,0,0,0
2020-01-17T00:00:00Z,ningxia,0,0,0
2020-01-18T00:00:00Z,ningxia,0,0,0
2020-01-19T00:00:00Z,ningxia,0,0,0
2020-01-20T00:00:00Z,ningxia,0,0,0
2020-01-21T00:00:00Z,ningxia,0,0,0
2020-01-22T00:00:00Z,ningxia,1,0,1
2020-01-23T00:00:00Z,ningxia,1,0,1
2020-01-24T00:00:00Z,ningxia,1,0,1
2020-01-25T00:00:00Z,ningxia,1,0,1
2020-01-26T00:00:00Z,ningxia,3,0,3
2020-01-27T00:00:00Z,ningxia,4,0,4
2020-01-28T00:00:00Z,ningxia,1,0,1
2020-01-29T00:00:00Z,ningxia,5,0,5
2020-01-30T00:00:00Z,ningxia,4,0,4
2020-01-31T00:00:00Z,ningxia,5,0,5
2020-02-01T00:00:00Z,ningxia,2,0,2
2020-02-02T00:00:00Z,ningxia,3,0,3
2020-02-03T00:00:00Z,ningxia,3,0,3
2020-02-04T00:00:00Z,ningxia,0,0,0
2020-02-05T00:00:00Z,ningxia,6,0,6
2020-02-06T00:00:00Z,ningxia,3,0,3
2020-02-07T00:00:00Z,ningxia,2,0,2
2020-02-08T00:00:00Z,ningxia,0,0,0
2020-02-09T00:00:00Z,ningxia,4,0,4
2020-02-10T00:00:00Z,ningxia,4,0,4
2020-02-11T00:00:00Z,ningxia,5,0,5
2020-02-12T00:00:00Z,ningxia,6,0,6
2020-02-13T00:00:00Z,ningxia,3,0,3
2020-02-14T00:00:00Z,ningxia,3,0,3
2020-02-15T00:00:00Z,ningxia,0,0,0
2020-02-16T00:00:00Z,ningxia,0,0,0
2020-02-17T00:00:00Z,ningxia,0,0,0
2020-02-18T00:00:00Z,ningxia,1,0,1
2020-02-19T00:00:00Z,ningxia,0,0,0
2020-02-20T00:00:00Z,ningxia,0,0,0
2020-02-21T00:00:00Z,ningxia,0,0,0
2020-02-22T00:00:00Z,ningxia,0,0,0
2020-02-23T00:00:00Z,ningxia,0,0,0
2020-02-24T00:00:00Z,ningxia,0,0,0
2020-02-25T00:00:00Z,ningxia,0,0,0
2020-02-26T00:00:00Z,ningxia,1,1,0
2020-02-27T00:00:00Z,ningxia,0,0,0
2020-02-28T00:00:00Z,ningxia,1,1,0
2020-02-29T00:00:00Z,ningxia,0,0,0
2020-03-01T00:00:00Z,ningxia,1,1,0
2020-03-02T00:00:00Z,ningxia,0,0,0
2020-03-03T00:00:00Z,ningxia,1,0,1
2020-03-04T00:00:00Z,ningxia,0,0,0
2020-03-05T00:00:00Z,ningxia,0,0,0
2020-03-06T00:00:00Z,ningxia,0,0,0
2020-03-07T00:00:00Z,ningxia,0,0,0
2020-03-08T00:00:00Z,ningxia,0,0,0
2020-03-09T00:00:00Z,ningxia,0,0,0
2020-03-10T00:00:00Z,ningxia,0,0,0
2020-03-11T00:00:00Z,ningxia,0,0,0
2020-03-12T00:00:00Z,ningxia,0,0,0
2020-03-13T00:00:00Z,ningxia,0,0,0
2020-03-14T00:00:00Z,ningxia,0,0,0
2020-03-15T00:00:00Z,ningxia,0,0,0
2020-03-16T00:00:00Z,ningxia,0,0,0
2020-03-17T00:00:00Z,ningxia,0,0,0
2020-03-18T00:00:00Z,ningxia,0,0,0
2020-03-19T00:00:00Z,ningxia,0,0,0
2020-03-20T00:00:00Z,ningxia,0,0,0
2020-03-21T00:00:00Z,ningxia,0,0,0
2020-03-22T00:00:00Z,ningxia,0,0,0
2020-03-23T00:00:00Z,ningxia,0,0,0
2020-03-24T00:00:00Z,ningxia,0,0,0
2020-03-25T00:00:00Z,ningxia,NA,0,NA
2020-03-26T00:00:00Z,ningxia,NA,0,NA
2020-03-27T00:00:00Z,ningxia,NA,0,NA
2020-03-28T00:00:00Z,ningxia,NA,0,NA
2020-03-29T00:00:00Z,ningxia,NA,0,NA
2020-03-30T00:00:00Z,ningxia,NA,0,NA
2020-03-31T00:00:00Z,ningxia,NA,0,NA
2020-04-01T00:00:00Z,ningxia,NA,0,NA
2020-04-02T00:00:00Z,ningxia,NA,0,NA
2020-01-16T00:00:00Z,xinjiang,0,0,0
2020-01-17T00:00:00Z,xinjiang,0,0,0
2020-01-18T00:00:00Z,xinjiang,0,0,0
2020-01-19T00:00:00Z,xinjiang,0,0,0
2020-01-20T00:00:00Z,xinjiang,0,0,0
2020-01-21T00:00:00Z,xinjiang,0,0,0
2020-01-22T00:00:00Z,xinjiang,0,0,0
2020-01-23T00:00:00Z,xinjiang,2,0,2
2020-01-24T00:00:00Z,xinjiang,1,0,1
2020-01-25T00:00:00Z,xinjiang,1,0,1
2020-01-26T00:00:00Z,xinjiang,1,0,1
2020-01-27T00:00:00Z,xinjiang,5,0,5
2020-01-28T00:00:00Z,xinjiang,3,0,3
2020-01-29T00:00:00Z,xinjiang,1,0,1
2020-01-30T00:00:00Z,xinjiang,3,0,3
2020-01-31T00:00:00Z,xinjiang,1,0,1
2020-02-01T00:00:00Z,xinjiang,3,0,3
2020-02-02T00:00:00Z,xinjiang,3,0,3
2020-02-03T00:00:00Z,xinjiang,5,0,5
2020-02-04T00:00:00Z,xinjiang,3,0,3
2020-02-05T00:00:00Z,xinjiang,4,0,4
2020-02-06T00:00:00Z,xinjiang,3,0,3
2020-02-07T00:00:00Z,xinjiang,3,0,3
2020-02-08T00:00:00Z,xinjiang,3,0,3
2020-02-09T00:00:00Z,xinjiang,4,0,4
2020-02-10T00:00:00Z,xinjiang,6,0,6
2020-02-11T00:00:00Z,xinjiang,4,0,4
2020-02-12T00:00:00Z,xinjiang,4,0,4
2020-02-13T00:00:00Z,xinjiang,2,0,2
2020-02-14T00:00:00Z,xinjiang,5,0,5
2020-02-15T00:00:00Z,xinjiang,1,0,1
2020-02-16T00:00:00Z,xinjiang,2,0,2
2020-02-17T00:00:00Z,xinjiang,1,0,1
2020-02-18T00:00:00Z,xinjiang,0,0,0
2020-02-19T00:00:00Z,xinjiang,0,0,0
2020-02-20T00:00:00Z,xinjiang,0,0,0
2020-02-21T00:00:00Z,xinjiang,0,0,0
2020-02-22T00:00:00Z,xinjiang,0,0,0
2020-02-23T00:00:00Z,xinjiang,0,0,0
2020-02-24T00:00:00Z,xinjiang,0,0,0
2020-02-25T00:00:00Z,xinjiang,0,0,0
2020-02-26T00:00:00Z,xinjiang,0,0,0
2020-02-27T00:00:00Z,xinjiang,0,0,0
2020-02-28T00:00:00Z,xinjiang,0,0,0
2020-02-29T00:00:00Z,xinjiang,0,0,0
2020-03-01T00:00:00Z,xinjiang,0,0,0
2020-03-02T00:00:00Z,xinjiang,0,0,0
2020-03-03T00:00:00Z,xinjiang,0,0,0
2020-03-04T00:00:00Z,xinjiang,0,0,0
2020-03-05T00:00:00Z,xinjiang,0,0,0
2020-03-06T00:00:00Z,xinjiang,0,0,0
2020-03-07T00:00:00Z,xinjiang,0,0,0
2020-03-08T00:00:00Z,xinjiang,0,0,0
2020-03-09T00:00:00Z,xinjiang,0,0,0
2020-03-10T00:00:00Z,xinjiang,0,0,0
2020-03-11T00:00:00Z,xinjiang,0,0,0
2020-03-12T00:00:00Z,xinjiang,0,0,0
2020-03-13T00:00:00Z,xinjiang,0,0,0
2020-03-14T00:00:00Z,xinjiang,0,0,0
2020-03-15T00:00:00Z,xinjiang,0,0,0
2020-03-16T00:00:00Z,xinjiang,0,0,0
2020-03-17T00:00:00Z,xinjiang,0,0,0
2020-03-18T00:00:00Z,xinjiang,0,0,0
2020-03-19T00:00:00Z,xinjiang,0,0,0
2020-03-20T00:00:00Z,xinjiang,0,0,0
2020-03-21T00:00:00Z,xinjiang,0,0,0
2020-03-22T00:00:00Z,xinjiang,0,0,0
2020-03-23T00:00:00Z,xinjiang,0,0,0
2020-03-24T00:00:00Z,xinjiang,0,0,0
2020-03-25T00:00:00Z,xinjiang,NA,0,NA
2020-03-26T00:00:00Z,xinjiang,NA,0,NA
2020-03-27T00:00:00Z,xinjiang,NA,0,NA
2020-03-28T00:00:00Z,xinjiang,NA,0,NA
2020-03-29T00:00:00Z,xinjiang,NA,0,NA
2020-03-30T00:00:00Z,xinjiang,NA,0,NA
2020-03-31T00:00:00Z,xinjiang,NA,0,NA
2020-04-01T00:00:00Z,xinjiang,NA,0,NA
2020-04-02T00:00:00Z,xinjiang,NA,0,NA
2020-01-16T00:00:00Z,guizhou,0,0,0
2020-01-17T00:00:00Z,guizhou,0,0,0
2020-01-18T00:00:00Z,guizhou,0,0,0
2020-01-19T00:00:00Z,guizhou,0,0,0
2020-01-20T00:00:00Z,guizhou,0,0,0
2020-01-21T00:00:00Z,guizhou,0,0,0
2020-01-22T00:00:00Z,guizhou,3,0,3
2020-01-23T00:00:00Z,guizhou,0,0,0
2020-01-24T00:00:00Z,guizhou,1,0,1
2020-01-25T00:00:00Z,guizhou,1,0,1
2020-01-26T00:00:00Z,guizhou,2,0,2
2020-01-27T00:00:00Z,guizhou,2,0,2
2020-01-28T00:00:00Z,guizhou,0,0,0
2020-01-29T00:00:00Z,guizhou,3,0,3
2020-01-30T00:00:00Z,guizhou,3,0,3
2020-01-31T00:00:00Z,guizhou,14,0,14
2020-02-01T00:00:00Z,guizhou,9,0,9
2020-02-02T00:00:00Z,guizhou,8,0,8
2020-02-03T00:00:00Z,guizhou,10,0,10
2020-02-04T00:00:00Z,guizhou,8,0,8
2020-02-05T00:00:00Z,guizhou,5,0,5
2020-02-06T00:00:00Z,guizhou,8,0,8
2020-02-07T00:00:00Z,guizhou,12,0,12
2020-02-08T00:00:00Z,guizhou,7,0,7
2020-02-09T00:00:00Z,guizhou,13,0,13
2020-02-10T00:00:00Z,guizhou,9,0,9
2020-02-11T00:00:00Z,guizhou,13,0,13
2020-02-12T00:00:00Z,guizhou,4,0,4
2020-02-13T00:00:00Z,guizhou,5,0,5
2020-02-14T00:00:00Z,guizhou,3,0,3
2020-02-15T00:00:00Z,guizhou,1,0,1
2020-02-16T00:00:00Z,guizhou,2,0,2
2020-02-17T00:00:00Z,guizhou,0,0,0
2020-02-18T00:00:00Z,guizhou,0,0,0
2020-02-19T00:00:00Z,guizhou,0,0,0
2020-02-20T00:00:00Z,guizhou,0,0,0
2020-02-21T00:00:00Z,guizhou,0,0,0
2020-02-22T00:00:00Z,guizhou,0,0,0
2020-02-23T00:00:00Z,guizhou,0,0,0
2020-02-24T00:00:00Z,guizhou,0,0,0
2020-02-25T00:00:00Z,guizhou,0,0,0
2020-02-26T00:00:00Z,guizhou,0,0,0
2020-02-27T00:00:00Z,guizhou,0,0,0
2020-02-28T00:00:00Z,guizhou,0,0,0
2020-02-29T00:00:00Z,guizhou,0,0,0
2020-03-01T00:00:00Z,guizhou,0,0,0
2020-03-02T00:00:00Z,guizhou,0,0,0
2020-03-03T00:00:00Z,guizhou,0,0,0
2020-03-04T00:00:00Z,guizhou,0,0,0
2020-03-05T00:00:00Z,guizhou,0,0,0
2020-03-06T00:00:00Z,guizhou,0,0,0
2020-03-07T00:00:00Z,guizhou,0,0,0
2020-03-08T00:00:00Z,guizhou,0,0,0
2020-03-09T00:00:00Z,guizhou,0,0,0
2020-03-10T00:00:00Z,guizhou,0,0,0
2020-03-11T00:00:00Z,guizhou,0,0,0
2020-03-12T00:00:00Z,guizhou,0,0,0
2020-03-13T00:00:00Z,guizhou,0,0,0
2020-03-14T00:00:00Z,guizhou,0,0,0
2020-03-15T00:00:00Z,guizhou,0,0,0
2020-03-16T00:00:00Z,guizhou,0,0,0
2020-03-17T00:00:00Z,guizhou,0,0,0
2020-03-18T00:00:00Z,guizhou,0,0,0
2020-03-19T00:00:00Z,guizhou,0,0,0
2020-03-20T00:00:00Z,guizhou,0,0,0
2020-03-21T00:00:00Z,guizhou,0,0,0
2020-03-22T00:00:00Z,guizhou,0,0,0
2020-03-23T00:00:00Z,guizhou,0,0,0
2020-03-24T00:00:00Z,guizhou,0,0,0
2020-03-25T00:00:00Z,guizhou,NA,0,NA
2020-03-26T00:00:00Z,guizhou,NA,0,NA
2020-03-27T00:00:00Z,guizhou,NA,0,NA
2020-03-28T00:00:00Z,guizhou,NA,0,NA
2020-03-29T00:00:00Z,guizhou,NA,0,NA
2020-03-30T00:00:00Z,guizhou,NA,0,NA
2020-03-31T00:00:00Z,guizhou,NA,0,NA
2020-04-01T00:00:00Z,guizhou,NA,0,NA
2020-04-02T00:00:00Z,guizhou,NA,0,NA
2020-01-16T00:00:00Z,jilin,0,0,0
2020-01-17T00:00:00Z,jilin,0,0,0
2020-01-18T00:00:00Z,jilin,0,0,0
2020-01-19T00:00:00Z,jilin,0,0,0
2020-01-20T00:00:00Z,jilin,0,0,0
2020-01-21T00:00:00Z,jilin,0,0,0
2020-01-22T00:00:00Z,jilin,1,0,1
2020-01-23T00:00:00Z,jilin,2,0,2
2020-01-24T00:00:00Z,jilin,1,0,1
2020-01-25T00:00:00Z,jilin,0,0,0
2020-01-26T00:00:00Z,jilin,2,0,2
2020-01-27T00:00:00Z,jilin,2,0,2
2020-01-28T00:00:00Z,jilin,1,0,1
2020-01-29T00:00:00Z,jilin,5,0,5
2020-01-30T00:00:00Z,jilin,0,0,0
2020-01-31T00:00:00Z,jilin,3,0,3
2020-02-01T00:00:00Z,jilin,6,0,6
2020-02-02T00:00:00Z,jilin,8,0,8
2020-02-03T00:00:00Z,jilin,11,0,11
2020-02-04T00:00:00Z,jilin,12,0,12
2020-02-05T00:00:00Z,jilin,5,0,5
2020-02-06T00:00:00Z,jilin,6,0,6
2020-02-07T00:00:00Z,jilin,4,0,4
2020-02-08T00:00:00Z,jilin,9,0,9
2020-02-09T00:00:00Z,jilin,2,0,2
2020-02-10T00:00:00Z,jilin,1,0,1
2020-02-11T00:00:00Z,jilin,2,0,2
2020-02-12T00:00:00Z,jilin,1,0,1
2020-02-13T00:00:00Z,jilin,2,0,2
2020-02-14T00:00:00Z,jilin,2,0,2
2020-02-15T00:00:00Z,jilin,1,0,1
2020-02-16T00:00:00Z,jilin,0,0,0
2020-02-17T00:00:00Z,jilin,0,0,0
2020-02-18T00:00:00Z,jilin,1,0,1
2020-02-19T00:00:00Z,jilin,1,0,1
2020-02-20T00:00:00Z,jilin,0,0,0
2020-02-21T00:00:00Z,jilin,0,0,0
2020-02-22T00:00:00Z,jilin,0,0,0
2020-02-23T00:00:00Z,jilin,2,0,2
2020-02-24T00:00:00Z,jilin,0,0,0
2020-02-25T00:00:00Z,jilin,0,0,0
2020-02-26T00:00:00Z,jilin,0,0,0
2020-02-27T00:00:00Z,jilin,0,0,0
2020-02-28T00:00:00Z,jilin,0,0,0
2020-02-29T00:00:00Z,jilin,0,0,0
2020-03-01T00:00:00Z,jilin,0,0,0
2020-03-02T00:00:00Z,jilin,0,0,0
2020-03-03T00:00:00Z,jilin,0,0,0
2020-03-04T00:00:00Z,jilin,0,0,0
2020-03-05T00:00:00Z,jilin,0,0,0
2020-03-06T00:00:00Z,jilin,0,0,0
2020-03-07T00:00:00Z,jilin,0,0,0
2020-03-08T00:00:00Z,jilin,0,0,0
2020-03-09T00:00:00Z,jilin,0,0,0
2020-03-10T00:00:00Z,jilin,0,0,0
2020-03-11T00:00:00Z,jilin,0,0,0
2020-03-12T00:00:00Z,jilin,0,0,0
2020-03-13T00:00:00Z,jilin,0,0,0
2020-03-14T00:00:00Z,jilin,0,0,0
2020-03-15T00:00:00Z,jilin,0,0,0
2020-03-16T00:00:00Z,jilin,0,0,0
2020-03-17T00:00:00Z,jilin,0,0,0
2020-03-18T00:00:00Z,jilin,0,0,0
2020-03-19T00:00:00Z,jilin,0,0,0
2020-03-20T00:00:00Z,jilin,0,0,0
2020-03-21T00:00:00Z,jilin,0,0,0
2020-03-22T00:00:00Z,jilin,0,0,0
2020-03-23T00:00:00Z,jilin,0,0,0
2020-03-24T00:00:00Z,jilin,1,1,0
2020-03-25T00:00:00Z,jilin,NA,0,NA
2020-03-26T00:00:00Z,jilin,NA,0,NA
2020-03-27T00:00:00Z,jilin,NA,0,NA
2020-03-28T00:00:00Z,jilin,NA,0,NA
2020-03-29T00:00:00Z,jilin,NA,0,NA
2020-03-30T00:00:00Z,jilin,NA,0,NA
2020-03-31T00:00:00Z,jilin,NA,0,NA
2020-04-01T00:00:00Z,jilin,NA,0,NA
2020-04-02T00:00:00Z,jilin,NA,0,NA
2020-01-16T00:00:00Z,qinghai,0,0,0
2020-01-17T00:00:00Z,qinghai,0,0,0
2020-01-18T00:00:00Z,qinghai,0,0,0
2020-01-19T00:00:00Z,qinghai,0,0,0
2020-01-20T00:00:00Z,qinghai,0,0,0
2020-01-21T00:00:00Z,qinghai,0,0,0
2020-01-22T00:00:00Z,qinghai,0,0,0
2020-01-23T00:00:00Z,qinghai,0,0,0
2020-01-24T00:00:00Z,qinghai,0,0,0
2020-01-25T00:00:00Z,qinghai,1,0,1
2020-01-26T00:00:00Z,qinghai,3,0,3
2020-01-27T00:00:00Z,qinghai,2,0,2
2020-01-28T00:00:00Z,qinghai,0,0,0
2020-01-29T00:00:00Z,qinghai,0,0,0
2020-01-30T00:00:00Z,qinghai,2,0,2
2020-01-31T00:00:00Z,qinghai,0,0,0
2020-02-01T00:00:00Z,qinghai,1,0,1
2020-02-02T00:00:00Z,qinghai,4,0,4
2020-02-03T00:00:00Z,qinghai,2,0,2
2020-02-04T00:00:00Z,qinghai,2,0,2
2020-02-05T00:00:00Z,qinghai,1,0,1
2020-02-06T00:00:00Z,qinghai,0,0,0
2020-02-07T00:00:00Z,qinghai,0,0,0
2020-02-08T00:00:00Z,qinghai,0,0,0
2020-02-09T00:00:00Z,qinghai,0,0,0
2020-02-10T00:00:00Z,qinghai,0,0,0
2020-02-11T00:00:00Z,qinghai,0,0,0
2020-02-12T00:00:00Z,qinghai,0,0,0
2020-02-13T00:00:00Z,qinghai,0,0,0
2020-02-14T00:00:00Z,qinghai,0,0,0
2020-02-15T00:00:00Z,qinghai,0,0,0
2020-02-16T00:00:00Z,qinghai,0,0,0
2020-02-17T00:00:00Z,qinghai,0,0,0
2020-02-18T00:00:00Z,qinghai,0,0,0
2020-02-19T00:00:00Z,qinghai,0,0,0
2020-02-20T00:00:00Z,qinghai,0,0,0
2020-02-21T00:00:00Z,qinghai,0,0,0
2020-02-22T00:00:00Z,qinghai,0,0,0
2020-02-23T00:00:00Z,qinghai,0,0,0
2020-02-24T00:00:00Z,qinghai,0,0,0
2020-02-25T00:00:00Z,qinghai,0,0,0
2020-02-26T00:00:00Z,qinghai,0,0,0
2020-02-27T00:00:00Z,qinghai,0,0,0
2020-02-28T00:00:00Z,qinghai,0,0,0
2020-02-29T00:00:00Z,qinghai,0,0,0
2020-03-01T00:00:00Z,qinghai,0,0,0
2020-03-02T00:00:00Z,qinghai,0,0,0
2020-03-03T00:00:00Z,qinghai,0,0,0
2020-03-04T00:00:00Z,qinghai,0,0,0
2020-03-05T00:00:00Z,qinghai,0,0,0
2020-03-06T00:00:00Z,qinghai,0,0,0
2020-03-07T00:00:00Z,qinghai,0,0,0
2020-03-08T00:00:00Z,qinghai,0,0,0
2020-03-09T00:00:00Z,qinghai,0,0,0
2020-03-10T00:00:00Z,qinghai,0,0,0
2020-03-11T00:00:00Z,qinghai,0,0,0
2020-03-12T00:00:00Z,qinghai,0,0,0
2020-03-13T00:00:00Z,qinghai,0,0,0
2020-03-14T00:00:00Z,qinghai,0,0,0
2020-03-15T00:00:00Z,qinghai,0,0,0
2020-03-16T00:00:00Z,qinghai,0,0,0
2020-03-17T00:00:00Z,qinghai,0,0,0
2020-03-18T00:00:00Z,qinghai,0,0,0
2020-03-19T00:00:00Z,qinghai,0,0,0
2020-03-20T00:00:00Z,qinghai,0,0,0
2020-03-21T00:00:00Z,qinghai,0,0,0
2020-03-22T00:00:00Z,qinghai,0,0,0
2020-03-23T00:00:00Z,qinghai,0,0,0
2020-03-24T00:00:00Z,qinghai,0,0,0
2020-03-25T00:00:00Z,qinghai,NA,0,NA
2020-03-26T00:00:00Z,qinghai,NA,0,NA
2020-03-27T00:00:00Z,qinghai,NA,0,NA
2020-03-28T00:00:00Z,qinghai,NA,0,NA
2020-03-29T00:00:00Z,qinghai,NA,0,NA
2020-03-30T00:00:00Z,qinghai,NA,0,NA
2020-03-31T00:00:00Z,qinghai,NA,0,NA
2020-04-01T00:00:00Z,qinghai,NA,0,NA
2020-04-02T00:00:00Z,qinghai,NA,0,NA
2020-01-16T00:00:00Z,tibet,0,0,0
2020-01-17T00:00:00Z,tibet,0,0,0
2020-01-18T00:00:00Z,tibet,0,0,0
2020-01-19T00:00:00Z,tibet,0,0,0
2020-01-20T00:00:00Z,tibet,0,0,0
2020-01-21T00:00:00Z,tibet,0,0,0
2020-01-22T00:00:00Z,tibet,0,0,0
2020-01-23T00:00:00Z,tibet,0,0,0
2020-01-24T00:00:00Z,tibet,0,0,0
2020-01-25T00:00:00Z,tibet,0,0,0
2020-01-26T00:00:00Z,tibet,0,0,0
2020-01-27T00:00:00Z,tibet,0,0,0
2020-01-28T00:00:00Z,tibet,0,0,0
2020-01-29T00:00:00Z,tibet,1,0,1
2020-01-30T00:00:00Z,tibet,0,0,0
2020-01-31T00:00:00Z,tibet,0,0,0
2020-02-01T00:00:00Z,tibet,0,0,0
2020-02-02T00:00:00Z,tibet,0,0,0
2020-02-03T00:00:00Z,tibet,0,0,0
2020-02-04T00:00:00Z,tibet,0,0,0
2020-02-05T00:00:00Z,tibet,0,0,0
2020-02-06T00:00:00Z,tibet,0,0,0
2020-02-07T00:00:00Z,tibet,0,0,0
2020-02-08T00:00:00Z,tibet,0,0,0
2020-02-09T00:00:00Z,tibet,0,0,0
2020-02-10T00:00:00Z,tibet,0,0,0
2020-02-11T00:00:00Z,tibet,0,0,0
2020-02-12T00:00:00Z,tibet,0,0,0
2020-02-13T00:00:00Z,tibet,0,0,0
2020-02-14T00:00:00Z,tibet,0,0,0
2020-02-15T00:00:00Z,tibet,0,0,0
2020-02-16T00:00:00Z,tibet,0,0,0
2020-02-17T00:00:00Z,tibet,0,0,0
2020-02-18T00:00:00Z,tibet,0,0,0
2020-02-19T00:00:00Z,tibet,0,0,0
2020-02-20T00:00:00Z,tibet,0,0,0
2020-02-21T00:00:00Z,tibet,0,0,0
2020-02-22T00:00:00Z,tibet,0,0,0
2020-02-23T00:00:00Z,tibet,0,0,0
2020-02-24T00:00:00Z,tibet,0,0,0
2020-02-25T00:00:00Z,tibet,0,0,0
2020-02-26T00:00:00Z,tibet,0,0,0
2020-02-27T00:00:00Z,tibet,0,0,0
2020-02-28T00:00:00Z,tibet,0,0,0
2020-02-29T00:00:00Z,tibet,0,0,0
2020-03-01T00:00:00Z,tibet,0,0,0
2020-03-02T00:00:00Z,tibet,0,0,0
2020-03-03T00:00:00Z,tibet,0,0,0
2020-03-04T00:00:00Z,tibet,0,0,0
2020-03-05T00:00:00Z,tibet,0,0,0
2020-03-06T00:00:00Z,tibet,0,0,0
2020-03-07T00:00:00Z,tibet,0,0,0
2020-03-08T00:00:00Z,tibet,0,0,0
2020-03-09T00:00:00Z,tibet,0,0,0
2020-03-10T00:00:00Z,tibet,0,0,0
2020-03-11T00:00:00Z,tibet,0,0,0
2020-03-12T00:00:00Z,tibet,0,0,0
2020-03-13T00:00:00Z,tibet,0,0,0
2020-03-14T00:00:00Z,tibet,0,0,0
2020-03-15T00:00:00Z,tibet,0,0,0
2020-03-16T00:00:00Z,tibet,0,0,0
2020-03-17T00:00:00Z,tibet,0,0,0
2020-03-18T00:00:00Z,tibet,0,0,0
2020-03-19T00:00:00Z,tibet,0,0,0
2020-03-20T00:00:00Z,tibet,0,0,0
2020-03-21T00:00:00Z,tibet,0,0,0
2020-03-22T00:00:00Z,tibet,0,0,0
2020-03-23T00:00:00Z,tibet,0,0,0
2020-03-24T00:00:00Z,tibet,0,0,0
2020-03-25T00:00:00Z,tibet,NA,0,NA
2020-03-26T00:00:00Z,tibet,NA,0,NA
2020-03-27T00:00:00Z,tibet,NA,0,NA
2020-03-28T00:00:00Z,tibet,NA,0,NA
2020-03-29T00:00:00Z,tibet,NA,0,NA
2020-03-30T00:00:00Z,tibet,NA,0,NA
2020-03-31T00:00:00Z,tibet,NA,0,NA
2020-04-01T00:00:00Z,tibet,NA,0,NA
2020-04-02T00:00:00Z,tibet,NA,0,NA
2020-01-16T00:00:00Z,hong_kong_sar,0,0,0
2020-01-17T00:00:00Z,hong_kong_sar,0,0,0
2020-01-18T00:00:00Z,hong_kong_sar,0,0,0
2020-01-19T00:00:00Z,hong_kong_sar,0,0,0
2020-01-20T00:00:00Z,hong_kong_sar,0,0,0
2020-01-21T00:00:00Z,hong_kong_sar,1,0,1
2020-01-22T00:00:00Z,hong_kong_sar,0,0,0
2020-01-23T00:00:00Z,hong_kong_sar,1,0,1
2020-01-24T00:00:00Z,hong_kong_sar,3,0,3
2020-01-25T00:00:00Z,hong_kong_sar,0,0,0
2020-01-26T00:00:00Z,hong_kong_sar,3,0,3
2020-01-27T00:00:00Z,hong_kong_sar,0,0,0
2020-01-28T00:00:00Z,hong_kong_sar,0,0,0
2020-01-29T00:00:00Z,hong_kong_sar,2,0,2
2020-01-30T00:00:00Z,hong_kong_sar,2,0,2
2020-01-31T00:00:00Z,hong_kong_sar,1,0,1
2020-02-01T00:00:00Z,hong_kong_sar,1,0,1
2020-02-02T00:00:00Z,hong_kong_sar,1,0,1
2020-02-03T00:00:00Z,hong_kong_sar,0,0,0
2020-02-04T00:00:00Z,hong_kong_sar,3,0,3
2020-02-05T00:00:00Z,hong_kong_sar,3,0,3
2020-02-06T00:00:00Z,hong_kong_sar,3,0,3
2020-02-07T00:00:00Z,hong_kong_sar,2,0,2
2020-02-08T00:00:00Z,hong_kong_sar,0,0,0
2020-02-09T00:00:00Z,hong_kong_sar,10,0,10
2020-02-10T00:00:00Z,hong_kong_sar,6,0,6
2020-02-11T00:00:00Z,hong_kong_sar,7,0,7
2020-02-12T00:00:00Z,hong_kong_sar,1,0,1
2020-02-13T00:00:00Z,hong_kong_sar,3,0,3
2020-02-14T00:00:00Z,hong_kong_sar,3,0,3
2020-02-15T00:00:00Z,hong_kong_sar,0,0,0
2020-02-16T00:00:00Z,hong_kong_sar,1,0,1
2020-02-17T00:00:00Z,hong_kong_sar,3,0,3
2020-02-18T00:00:00Z,hong_kong_sar,2,0,2
2020-02-19T00:00:00Z,hong_kong_sar,3,0,3
2020-02-20T00:00:00Z,hong_kong_sar,3,0,3
2020-02-21T00:00:00Z,hong_kong_sar,0,0,0
2020-02-22T00:00:00Z,hong_kong_sar,1,0,1
2020-02-23T00:00:00Z,hong_kong_sar,5,0,5
2020-02-24T00:00:00Z,hong_kong_sar,7,0,7
2020-02-25T00:00:00Z,hong_kong_sar,4,0,4
2020-02-26T00:00:00Z,hong_kong_sar,6,2,4
2020-02-27T00:00:00Z,hong_kong_sar,2,0,2
2020-02-28T00:00:00Z,hong_kong_sar,1,1,0
2020-02-29T00:00:00Z,hong_kong_sar,1,0,1
2020-03-01T00:00:00Z,hong_kong_sar,5,2,3
2020-03-02T00:00:00Z,hong_kong_sar,1,0,1
2020-03-03T00:00:00Z,hong_kong_sar,0,0,0
2020-03-04T00:00:00Z,hong_kong_sar,4,1,3
2020-03-05T00:00:00Z,hong_kong_sar,0,0,0
2020-03-06T00:00:00Z,hong_kong_sar,3,1,2
2020-03-07T00:00:00Z,hong_kong_sar,2,2,0
2020-03-08T00:00:00Z,hong_kong_sar,5,2,3
2020-03-09T00:00:00Z,hong_kong_sar,1,0,1
2020-03-10T00:00:00Z,hong_kong_sar,5,3,2
2020-03-11T00:00:00Z,hong_kong_sar,9,8,1
2020-03-12T00:00:00Z,hong_kong_sar,2,2,0
2020-03-13T00:00:00Z,hong_kong_sar,6,3,3
2020-03-14T00:00:00Z,hong_kong_sar,4,3,1
2020-03-15T00:00:00Z,hong_kong_sar,7,6,1
2020-03-16T00:00:00Z,hong_kong_sar,9,6,3
2020-03-17T00:00:00Z,hong_kong_sar,10,6,4
2020-03-18T00:00:00Z,hong_kong_sar,25,13,12
2020-03-19T00:00:00Z,hong_kong_sar,16,10,6
2020-03-20T00:00:00Z,hong_kong_sar,48,25,23
2020-03-21T00:00:00Z,hong_kong_sar,17,9,8
2020-03-22T00:00:00Z,hong_kong_sar,44,20,24
2020-03-23T00:00:00Z,hong_kong_sar,39,21,18
2020-03-24T00:00:00Z,hong_kong_sar,30,12,18
2020-03-25T00:00:00Z,hong_kong_sar,24,14,10
2020-03-26T00:00:00Z,hong_kong_sar,43,25,18
2020-03-27T00:00:00Z,hong_kong_sar,NA,0,NA
2020-03-28T00:00:00Z,hong_kong_sar,NA,0,NA
2020-03-29T00:00:00Z,hong_kong_sar,NA,0,NA
2020-03-30T00:00:00Z,hong_kong_sar,NA,0,NA
2020-03-31T00:00:00Z,hong_kong_sar,NA,0,NA
2020-04-01T00:00:00Z,hong_kong_sar,NA,0,NA
2020-04-02T00:00:00Z,hong_kong_sar,NA,0,NA
2020-01-16T00:00:00Z,macau_sar,0,0,0
2020-01-17T00:00:00Z,macau_sar,0,0,0
2020-01-18T00:00:00Z,macau_sar,0,0,0
2020-01-19T00:00:00Z,macau_sar,0,0,0
2020-01-20T00:00:00Z,macau_sar,0,0,0
2020-01-21T00:00:00Z,macau_sar,1,0,1
2020-01-22T00:00:00Z,macau_sar,0,0,0
2020-01-23T00:00:00Z,macau_sar,1,0,1
2020-01-24T00:00:00Z,macau_sar,0,0,0
2020-01-25T00:00:00Z,macau_sar,0,0,0
2020-01-26T00:00:00Z,macau_sar,3,0,3
2020-01-27T00:00:00Z,macau_sar,2,0,2
2020-01-28T00:00:00Z,macau_sar,0,0,0
2020-01-29T00:00:00Z,macau_sar,0,0,0
2020-01-30T00:00:00Z,macau_sar,0,0,0
2020-01-31T00:00:00Z,macau_sar,0,0,0
2020-02-01T00:00:00Z,macau_sar,0,0,0
2020-02-02T00:00:00Z,macau_sar,1,0,1
2020-02-03T00:00:00Z,macau_sar,0,0,0
2020-02-04T00:00:00Z,macau_sar,2,0,2
2020-02-05T00:00:00Z,macau_sar,0,0,0
2020-02-06T00:00:00Z,macau_sar,0,0,0
2020-02-07T00:00:00Z,macau_sar,0,0,0
2020-02-08T00:00:00Z,macau_sar,0,0,0
2020-02-09T00:00:00Z,macau_sar,0,0,0
2020-02-10T00:00:00Z,macau_sar,0,0,0
2020-02-11T00:00:00Z,macau_sar,0,0,0
2020-02-12T00:00:00Z,macau_sar,0,0,0
2020-02-13T00:00:00Z,macau_sar,0,0,0
2020-02-14T00:00:00Z,macau_sar,0,0,0
2020-02-15T00:00:00Z,macau_sar,0,0,0
2020-02-16T00:00:00Z,macau_sar,0,0,0
2020-02-17T00:00:00Z,macau_sar,0,0,0
2020-02-18T00:00:00Z,macau_sar,0,0,0
2020-02-19T00:00:00Z,macau_sar,0,0,0
2020-02-20T00:00:00Z,macau_sar,0,0,0
2020-02-21T00:00:00Z,macau_sar,0,0,0
2020-02-22T00:00:00Z,macau_sar,0,0,0
2020-02-23T00:00:00Z,macau_sar,0,0,0
2020-02-24T00:00:00Z,macau_sar,0,0,0
2020-02-25T00:00:00Z,macau_sar,0,0,0
2020-02-26T00:00:00Z,macau_sar,0,0,0
2020-02-27T00:00:00Z,macau_sar,0,0,0
2020-02-28T00:00:00Z,macau_sar,0,0,0
2020-02-29T00:00:00Z,macau_sar,0,0,0
2020-03-01T00:00:00Z,macau_sar,0,0,0
2020-03-02T00:00:00Z,macau_sar,0,0,0
2020-03-03T00:00:00Z,macau_sar,0,0,0
2020-03-04T00:00:00Z,macau_sar,0,0,0
2020-03-05T00:00:00Z,macau_sar,0,0,0
2020-03-06T00:00:00Z,macau_sar,0,0,0
2020-03-07T00:00:00Z,macau_sar,0,0,0
2020-03-08T00:00:00Z,macau_sar,0,0,0
2020-03-09T00:00:00Z,macau_sar,0,0,0
2020-03-10T00:00:00Z,macau_sar,0,0,0
2020-03-11T00:00:00Z,macau_sar,0,0,0
2020-03-12T00:00:00Z,macau_sar,0,0,0
2020-03-13T00:00:00Z,macau_sar,0,0,0
2020-03-14T00:00:00Z,macau_sar,0,0,0
2020-03-15T00:00:00Z,macau_sar,0,1,-1
2020-03-16T00:00:00Z,macau_sar,1,0,1
2020-03-17T00:00:00Z,macau_sar,2,1,1
2020-03-18T00:00:00Z,macau_sar,2,0,2
2020-03-19T00:00:00Z,macau_sar,2,2,0
2020-03-20T00:00:00Z,macau_sar,0,0,0
2020-03-21T00:00:00Z,macau_sar,1,1,0
2020-03-22T00:00:00Z,macau_sar,3,2,1
2020-03-23T00:00:00Z,macau_sar,4,4,0
2020-03-24T00:00:00Z,macau_sar,1,1,0
2020-03-25T00:00:00Z,macau_sar,4,4,0
2020-03-26T00:00:00Z,macau_sar,3,3,0
2020-03-27T00:00:00Z,macau_sar,NA,0,NA
2020-03-28T00:00:00Z,macau_sar,NA,0,NA
2020-03-29T00:00:00Z,macau_sar,NA,0,NA
2020-03-30T00:00:00Z,macau_sar,NA,0,NA
2020-03-31T00:00:00Z,macau_sar,NA,0,NA
2020-04-01T00:00:00Z,macau_sar,NA,0,NA
2020-04-02T00:00:00Z,macau_sar,NA,0,NA
