province,r_mean,r_q2.5,r_q97.5,r_median,lag,date_lag,movement,rolling.corr.biweekly
hubei,5.158792217277408,4.718608869048547,5.618323957810928,5.155387473765365,-4,2020-01-20,5.747698545884738,NA
hubei,4.572393085375443,4.232181502173443,4.925569606212609,4.5701116546169755,-4,2020-01-21,5.522303373669089,NA
hubei,4.561455156033192,4.273269113881406,4.858911718007788,4.559823838074721,-4,2020-01-22,5.368995447693088,NA
hubei,4.409606630197113,4.166198050988989,4.659828140688997,4.408407773909345,-4,2020-01-23,4.792658357613655,NA
hubei,6.501827974425475,6.246638216193446,6.7620549877607194,6.5009415844641065,-4,2020-01-24,3.7747311754267363,NA
hubei,6.117625694411822,5.906827114241715,6.332068423097833,6.116984445808106,-4,2020-01-25,2.5738514485381105,NA
hubei,5.421957304922928,5.2581004568061696,5.5882931941564475,5.421521076767379,-4,2020-01-26,2.0204877561264154,NA
hubei,4.71925942654649,4.592552489511516,4.847666553507449,4.718960250292188,-4,2020-01-27,1.876848530336319,NA
hubei,4.086315845341668,3.9870016580370597,4.186834802375066,4.086103846475044,-4,2020-01-28,1.8175554958593882,NA
hubei,3.743787886300034,3.6623105639783824,3.826149144287964,3.743632343475954,-4,2020-01-29,1.7662976540476594,NA
hubei,3.446026696455915,3.377978119700796,3.5147444459962944,3.445908944678642,-4,2020-01-30,1.662974931553152,NA
hubei,2.9561713893299126,2.9007014046416835,3.012159447438062,2.9560802259419376,-4,2020-01-31,1.603110854149062,NA
hubei,2.841006153343338,2.792607652582119,2.8898146887849823,2.8409340011318878,-4,2020-02-01,1.5464693680919386,NA
hubei,2.6499402794610067,2.607812501466891,2.692400933683242,2.649881704530285,-4,2020-02-02,1.4996122083826264,0.4572058346072629
hubei,2.3615677337582763,2.325458979343775,2.3979508189460943,2.3615194608457912,-4,2020-02-03,1.513284782491127,0.4669731371060349
hubei,2.1574403772234207,2.1258622277438537,2.189248111304188,2.1573999781223403,-4,2020-02-04,1.4712443047152273,0.5285124939666012
hubei,1.8651642963667818,1.8380351960166668,1.8924893903709998,1.865129808133114,-4,2020-02-05,1.4374679628189961,0.6220938020321934
hubei,1.6713614991527042,1.6473900587361177,1.6955036901700407,1.6713314528405934,-4,2020-02-06,1.347894058475579,0.859360572745119
hubei,1.4704353694468022,1.4492037485000078,1.4918192503378165,1.4704085768625994,-4,2020-02-07,1.4059887270576306,0.949237826642453
hubei,1.2286888866755679,1.210165510480698,1.247351002892358,1.2286644731374505,-4,2020-02-08,1.4200529215818827,0.9805432158824704
hubei,1.9538117751908397,1.9312442340723517,1.9765085945879932,1.9537890266057112,-4,2020-02-09,1.4156991715396317,0.9708415852066883
hubei,1.992010857276729,1.9698987998054487,2.014244619928795,1.9919894413002743,-4,2020-02-10,1.390688280885584,0.9535510449035576
hubei,1.789292565620181,1.7692948991316724,1.8094010567052305,1.7892730642567374,-4,2020-02-11,1.3896855997971946,0.9364124370824486
hubei,1.5861984529414337,1.5683821062796077,1.6041140313708355,1.5861809915219198,-4,2020-02-12,1.4055668365725873,0.9137547192768658
hubei,1.4002541293851072,1.3843458645742124,1.4162520209298168,1.4002383581250344,-4,2020-02-13,1.4450549758323474,0.8248451192816212
hubei,1.275377549961263,1.260816691657107,1.2900208498032155,1.2753630430515102,-4,2020-02-14,1.4780970745310122,0.6227186950756299
hubei,1.1985621404702476,1.1848910626716227,1.2123105492549306,1.1985485328439838,-4,2020-02-15,1.4275772837586613,0.43031585609200673
hubei,0.5954201177720841,0.5860208496482652,0.6048931291144851,0.5954071414658662,-4,2020-02-16,1.3366815115768125,0.48396274415943724
hubei,0.42115106734077695,0.4133533757418234,0.42902061193235,0.4211384236462954,-4,2020-02-17,1.341638551630894,0.4773742212047837
hubei,0.3508390928756035,0.34364725842172633,0.35810437094490133,0.35082616928201155,-4,2020-02-18,1.3073188620922764,0.5520184970458105
hubei,0.324204880228677,0.31706586702342776,0.33142226729504987,0.3241910890755234,-4,2020-02-19,1.2996642279871555,0.6209046316239026
hubei,0.28672965809660034,0.2796931386305838,0.293852377765646,0.2867144897655776,-4,2020-02-20,1.3240086300490115,0.7341959159535696
hubei,0.25505066969007467,0.24802470760210807,0.26217339465119105,0.2550336426760945,-4,2020-02-21,1.3240775763055603,0.754716991899586
hubei,0.21556537874180862,0.2086757843865716,0.2225653051237595,0.2155459639956287,-4,2020-02-22,1.317199072333953,0.777512333222074
hubei,0.2244618660217757,0.21690778199821062,0.23214344337814236,0.2244394314513463,-4,2020-02-23,1.3170470287307756,0.786254621490828
hubei,0.23784961855244596,0.22944426379016625,0.24640406305997056,0.23782338372408418,-4,2020-02-24,1.3938674666215989,0.7719662059377267
hubei,0.2854901437650498,0.27549421518441286,0.2956617115233635,0.285459237123446,-4,2020-02-25,1.3948055217170863,0.7845259122490574
hubei,0.33056096481718283,0.3188735380082123,0.34245580092221717,0.3305244676905926,-4,2020-02-26,1.3775914627344938,0.804527199683782
hubei,0.36283669385615186,0.3495603048217668,0.3763570680299772,0.3627937605867015,-4,2020-02-27,1.33765548555011,0.7631484188400524
hubei,0.3655069286398129,0.3511232655578263,0.3801752798187584,0.36545683296804904,-4,2020-02-28,1.3542739815785025,0.5546069084858144
hubei,0.3729942820265041,0.3573785132084579,0.3889392873707538,0.37293634726718805,-4,2020-02-29,1.4670175004225112,0.07196322939464773
hubei,0.3736366692268881,0.35689645574703205,0.3907551589951758,0.3735701050307527,-4,2020-03-01,1.4885482933919214,0.3269319394198264
hubei,0.38348847220275506,0.3653625557352285,0.4020470350985601,0.3834123405898361,-4,2020-03-02,1.4824095044786207,0.5136843395044476
hubei,0.34637848200508375,0.3280109338295824,0.365239346958609,0.34629167422448565,-4,2020-03-03,1.4954764747338178,0.6005379871316314
hubei,0.23743165614038994,0.2212715870844797,0.2541531831143703,0.2373328571047843,-4,2020-03-04,1.560867726550617,0.3454394269916082
hubei,0.21709351320368356,0.20061049751981366,0.23421801931666514,0.21698063050379832,-4,2020-03-05,1.6047293456143314,0.061111512346491044
hubei,0.21311940714288735,0.19558429292188337,0.23139654333668833,0.21298883350567008,-4,2020-03-06,1.6073917786040222,-0.15955110124545205
hubei,0.20269779837602148,0.18423913316499282,0.22202503625884398,0.20254495478621398,-4,2020-03-07,1.6560325163089402,-0.44313924495667273
hubei,0.17110878332897106,0.1527608982894892,0.1904821700813167,0.17092832271891178,-4,2020-03-08,1.6631275680243367,-0.708085436088694
hubei,0.1255791704662393,0.10857104786484711,0.14380676736612982,0.12536457057517222,-4,2020-03-09,1.684332033631908,-0.8395328962634007
hubei,0.09657472377730736,0.08038794949807714,0.11422419036182888,0.09631731362692839,-4,2020-03-10,1.8556447101571742,-0.9040638093003914
hubei,0.08249187487140534,0.06616089585092766,0.10059713399496818,0.08217961693921311,-4,2020-03-11,2.0110444902822375,-0.9057347257675933
hubei,0.06446078158267951,0.04869298166437704,0.08240627177859364,0.06407749513193273,-4,2020-03-12,2.168075630049011,-0.887354345891529
hubei,0.05716884936745068,0.04084226414316415,0.07619790658648262,0.056693154533247386,-4,2020-03-13,2.344092573601487,-0.8551339940615338
hubei,0.050207915466561434,0.03336279520304737,0.07044095666537126,0.049611483732284765,-4,2020-03-14,2.8059197434510734,-0.7898508517167262
hubei,0.04541093731490746,0.027738180254955887,0.0673690635809536,0.04465637197724339,-4,2020-03-15,3.2120078918370796,-0.7541423579350368
hubei,0.043476337377061816,0.02433337599463957,0.0680828461834854,0.04251410678408326,-4,2020-03-16,3.397618051715396,-0.7683787197480711
hubei,0.040988103962544764,0.020461113818846275,0.06852598412349435,0.039752955037743724,-4,2020-03-17,3.637987410174075,-0.8077178946834497
hubei,0.033735945890743115,0.013563599946140125,0.06293910128360794,0.0321437879225579,-4,2020-03-18,3.8101555631232045,-0.8093149563891359
hubei,0.018801414032557872,0.0038773035776539086,0.04527811469893101,0.016758705035449416,-4,2020-03-19,3.952209233733311,-0.8204656746734104
hubei,0.024587876195406897,0.005070611187768868,0.05921324197482657,0.02191648797762861,-4,2020-03-20,4.130828452425216,-0.8274995609152835
hubei,0.021576157998165913,0.002612972831243182,0.06010732905616727,0.018106139916172832,-4,2020-03-21,4.120270263647118,-0.866457618131345
hubei,0.028559210311966676,0.0034586528627234053,0.07956086769255158,0.023966132332171028,-4,2020-03-22,4.0676077640696295,-0.9238728621999239
hubei,0.03799220069887676,0.0046010317607862285,0.10583949696556043,0.03188204784353434,-4,2020-03-23,4.2657622693932735,-0.9259540443308953
guangdong,26.017178361222506,18.587053660272908,34.677180813455514,25.800692679178574,0,2020-01-24,3.212132209338548,NA
guangdong,16.59509966012119,12.807747564295106,20.865547601406725,16.510074608153893,0,2020-01-25,2.7098114777544384,NA
guangdong,10.008317845622516,7.9942888237468965,12.245202289926414,9.969097020644801,0,2020-01-26,2.9256560486501964,NA
guangdong,8.366572021282629,7.005155914343973,9.847087794867369,8.34561253760886,0,2020-01-27,2.4380839988339447,NA
guangdong,6.625402124271797,5.680122337618898,7.64236974646812,6.612786592997319,0,2020-01-28,2.514696504464267,NA
guangdong,5.213944334643637,4.5417572416992265,5.931842132672899,5.205900335448365,0,2020-01-29,2.4390002670982898,NA
guangdong,4.574039666570202,4.053917584631493,5.125098900156758,4.568595535197292,0,2020-01-30,2.37074856221559,NA
guangdong,3.9779390638348278,3.5668838245425243,4.411087683945867,3.9740512368220937,0,2020-01-31,2.3112643612162342,NA
guangdong,3.8248809005721167,3.4769522571255864,4.189162405152141,3.822003271654237,0,2020-02-01,2.313512193489453,NA
guangdong,3.336089917069538,3.0522549970825006,3.632363182889127,3.3339011372299714,0,2020-02-02,2.240014760916511,NA
guangdong,2.7403625308377193,2.513869151181763,2.9764855801382697,2.7386679971066443,0,2020-02-03,2.287227617310663,NA
guangdong,2.475196899615426,2.2827991332605255,2.675267706834811,2.4738466777423147,0,2020-02-04,2.1390530610011242,NA
guangdong,2.1086933248661834,1.9473503978260267,2.2763659741774322,2.1075794869496307,0,2020-02-05,2.2072455043716563,NA
guangdong,1.7987215059902708,1.6615210650646248,1.941287211020645,1.7977773833919621,0,2020-02-06,2.185432510429252,0.9226326330094388
guangdong,1.5488320460038703,1.4299560344941116,1.6723868852931232,1.5480087150219657,0,2020-02-07,2.2133152198667245,0.8448292917246449
guangdong,1.23445427361752,1.1340523692627877,1.3390539013897431,1.2337156004554208,0,2020-02-08,2.0750996691264687,0.9214992569706332
guangdong,1.057282983835386,0.9680982751952475,1.1503410747747298,1.0566013837638208,0,2020-02-09,2.061177597841324,0.9018342034233685
guangdong,0.9125450649518194,0.831815307105145,0.9969600557927022,0.9118965719362162,0,2020-02-10,2.4210104913429844,0.736038614543863
guangdong,0.7243013517647366,0.6533897942607132,0.7988134057113201,0.7236677659477863,0,2020-02-11,2.3604968920619824,0.4709352949960323
guangdong,0.6658594909218449,0.5979200892883947,0.7374019844729922,0.6652254465073864,0,2020-02-12,2.435311518271712,0.12193811458143103
guangdong,0.5813591746482144,0.5172197574425461,0.6491932431189331,0.5807090142165799,0,2020-02-13,2.351197833957054,-0.0969338413909411
guangdong,0.4974341254943937,0.43697193913081184,0.5617570262717833,0.49675473596580905,0,2020-02-14,2.360737419123312,-0.25062355672197756
guangdong,0.4766778558410489,0.41576592727727757,0.5416928665850858,0.47595581153103655,0,2020-02-15,2.174158147444991,-0.3185378840095794
guangdong,0.4609186771079011,0.39879910052446593,0.5274687192606468,0.46013901590345335,0,2020-02-16,2.0027401178894815,-0.17833811682388498
guangdong,0.4395378287970408,0.3763035815031673,0.5076108570097659,0.43868630539979153,0,2020-02-17,2.5809499807411402,-0.384290680985994
guangdong,0.42762357877587687,0.36234507978776126,0.4982288263522645,0.4266861742511556,0,2020-02-18,2.64719394945549,-0.4132973944090055
guangdong,0.35220644975058446,0.2902679641536708,0.4200454741663169,0.3511680392813759,0,2020-02-19,2.7285069751802755,-0.499473735048599
guangdong,0.3196740961206816,0.25770243987998975,0.388222767809436,0.3185166056533166,0,2020-02-20,2.8560909594911457,-0.5633260342045925
guangdong,0.2856470398546781,0.22390168106670708,0.3547974302028921,0.2843437795856701,0,2020-02-21,3.0221991593454938,-0.654784062493243
guangdong,0.20486104325519788,0.1499840311730975,0.268161059223828,0.20337847054790895,0,2020-02-22,2.8643148281646624,-0.6585574224795365
guangdong,0.13841552084313916,0.09121670041625216,0.1952992968710564,0.136710488649347,0,2020-02-23,2.746472202413777,-0.5914125484112429
guangdong,0.14386300786456793,0.09217574368205035,0.20687076671440718,0.14186991941481514,0,2020-02-24,3.374028360828952,-0.7351343159404712
guangdong,0.14264107034179477,0.08712887147567587,0.21161411557028173,0.14027089227960604,0,2020-02-25,3.3740953929228428,-0.7922778190919607
guangdong,0.1461262506198308,0.08512392590692439,0.2233410599291561,0.14327123321675328,0,2020-02-26,3.4258889480452788,-0.8519099804403667
guangdong,0.16722214134710228,0.09558190233350947,0.2585695235678658,0.16375154555476618,0,2020-02-27,3.4570794402722766,-0.8649000985649439
guangdong,0.20444646694894564,0.11685882072149303,0.31612814623868196,0.2002033024837916,0,2020-02-28,3.54089100306037,-0.8424071938474719
guangdong,0.17205198862556945,0.08588773282227366,0.2876452116874013,0.16686731775240715,0,2020-02-29,3.4248992295403555,-0.8140111894041637
guangdong,0.15282219790196913,0.06597777805440604,0.27551311855024185,0.14650394450767804,0,2020-03-01,3.3026564759232677,-0.7589056394245717
guangdong,0.11677463312056788,0.037916405516462734,0.23919155202840586,0.10908873422562052,0,2020-03-02,3.772272186943545,-0.7225467800750149
guangdong,0.08604629981985931,0.017744815658954582,0.20721921372060534,0.07669766516368151,0,2020-03-03,3.725588383329194,-0.697245237891791
guangdong,0.1065468985497371,0.021972531971236036,0.2565893546621738,0.09497094432072745,0,2020-03-04,3.5335300586605936,-0.6250331270681558
guangdong,0.13327053960259297,0.027483589218459496,0.320946007979257,0.11879115364660597,0,2020-03-05,3.719241832559471,-0.529523137657562
guangdong,0.16781578017325102,0.034607648325055584,0.40413886582238723,0.1495831725926159,0,2020-03-06,3.7936462470480277,-0.36435480056694175
guangdong,0.1411815318380675,0.017097738485115067,0.39330657439409916,0.11847579950318099,0,2020-03-07,3.5793674587355246,-0.15150203272868956
guangdong,0.17804930418226672,0.021562596755620885,0.4960136144541979,0.14941425687443413,0,2020-03-08,3.441741024950222,-0.3570120792499217
guangdong,0.22498530879600798,0.027246764663236122,0.6267689544058125,0.18880170790787448,0,2020-03-09,3.958013935206038,0.066883679342691
guangdong,0.2842389660356527,0.03442265744878899,0.7918390782799251,0.2385258065456928,0,2020-03-10,3.9515506198616737,0.35156198438925373
guangdong,0.3575513996128841,0.04330113327131077,0.9960744462870393,0.3000476576582642,0,2020-03-11,3.9098741072518557,0.4744598074662347
guangdong,0.44597652438720475,0.05400982610968491,1.2424110773079349,0.3742516786616786,0,2020-03-12,3.9105903298421825,0.5401601793530064
guangdong,0.2746653723543105,0.006953925157199914,1.0132074488343696,0.19038352844483786,0,2020-03-13,4.000060708662909,0.5781053282903572
guangdong,0.33477999761887156,0.008475895696695612,1.2349630548645671,0.23205181145738601,0,2020-03-14,3.7389307750270473,0.5600667453069516
guangdong,0.4123451295498363,0.010439674813199889,1.5210914764003403,0.28581586396509445,0,2020-03-15,3.6055919606361533,0.398946979145171
guangdong,0.5140303703945505,0.013014122215742632,1.8961960721390332,0.35629870196116703,0,2020-03-16,4.0848046953732435,0.5585803781602338
guangdong,0.6452170428201164,0.016335481198311047,2.3801278927032787,0.44723037407998917,0,2020-03-17,4.048102227081957,0.6314328932366109
guangdong,0.8116523993170933,0.02054925959589834,2.994087859723104,0.5625945721813581,0,2020-03-18,3.952121691054207,0.5396154765860722
guangdong,1.0187012030775289,0.025791281452881964,3.7578659379138437,0.7061098667462133,0,2020-03-19,3.9471553069209824,0.4754721401834088
guangdong,1.2701318749972361,0.032156954925906096,4.685363377692513,0.8803883280936511,0,2020-03-20,4.120409779712317,0.5602556439000332
guangdong,1.5665349052406063,0.03966122993156941,5.778758426094393,1.0858392528162673,0,2020-03-21,3.8556373149360357,0.3351343243721313
guangdong,3.8074614714355657,0.46110124804017566,10.606908771789229,3.1951207500941443,0,2020-03-22,3.758508374973164,-0.21270639427788882
guangdong,4.371093398280623,0.5293596892229187,12.177086821853438,3.6681057240429906,0,2020-03-23,4.201380105597488,0.2162325059840489
guangdong,6.2588294277351775,1.290721096299461,15.072695926982048,5.578829127690593,0,2020-03-24,4.1636717701944415,0.4062649229238261
guangdong,5.220946708787078,1.0766847279500344,12.573236433605999,4.653708798011054,0,2020-03-25,NA,NA
guangdong,3.956842316261274,0.8159960119215035,9.528983295140378,3.5269450018587607,0,2020-03-26,NA,NA
guangdong,3.0545438111145176,0.6299203680332797,7.356041667560533,2.7226781272770824,0,2020-03-27,NA,NA
zhejiang,38.715620159650335,26.305385540409613,53.486085588833774,38.30012835491237,0,2020-01-24,2.8487531636743944,NA
zhejiang,22.71617824602233,16.86038534283709,29.431352490415115,22.564917856381317,0,2020-01-25,2.186392478647377,NA
zhejiang,16.634997378016262,13.410155729645552,20.202089574871792,16.574764624961333,0,2020-01-26,1.9156832647725293,NA
zhejiang,9.936310429329735,8.210565566917257,11.82421657352093,9.907772445361394,0,2020-01-27,1.7966198222067284,NA
zhejiang,7.356983825173519,6.2644538882057,8.536036371899458,7.34175759370998,0,2020-01-28,1.6433887850793099,NA
zhejiang,7.752552342689989,6.869465589435214,8.688262451055904,7.7432920039149815,0,2020-01-29,1.6038351647202371,NA
zhejiang,7.2715387484460905,6.58133960666577,7.9956592624091725,7.265569555959199,0,2020-01-30,1.5030584260066235,NA
zhejiang,5.708814596787191,5.2169142460922915,6.222558723534018,5.704970737758204,0,2020-01-31,1.506299194701063,NA
zhejiang,4.103175467916077,3.7637361722550526,4.457060172449461,4.1006335080602,0,2020-02-01,1.4695333989890187,NA
zhejiang,2.99924003065496,2.755516799874277,3.25314380890745,2.997448560341479,0,2020-02-02,1.3633908994247865,NA
zhejiang,2.4340452800813375,2.2426858213867766,2.633127135179633,2.4326863724740013,0,2020-02-03,1.3754072006275058,NA
zhejiang,2.164106502248537,2.0017686623684208,2.332683353999874,2.163008627464969,0,2020-02-04,1.216324828307478,NA
zhejiang,1.667902835017422,1.5370973899977243,1.8039735122219924,1.6669763139042972,0,2020-02-05,1.2067000575213527,NA
zhejiang,1.2766011577475471,1.1699205078194757,1.3878699346738872,1.2757937842440261,0,2020-02-06,1.0230228168032072,0.9769899912570789
zhejiang,1.0316668737955645,0.9404937087496772,1.126997471683806,1.0309352874859645,0,2020-02-07,1.058636454592993,0.9452089523566233
zhejiang,0.931612900996807,0.8475151475716026,1.0196317157683992,0.9309229083153904,0,2020-02-08,1.0266911887746208,0.9237257473820062
zhejiang,0.8374392467598326,0.7587964853215772,0.9199039142527791,0.8367667009279075,0,2020-02-09,1.0725838574167683,0.9486086201311347
zhejiang,0.7666606791029388,0.6916019998669786,0.8455304226714936,0.7659900392766983,0,2020-02-10,1.2967501464179885,0.898930383734806
zhejiang,0.614549656356411,0.547077264060739,0.685888715163848,0.6138692261013293,0,2020-02-11,1.2553557678229041,0.8548215596391804
zhejiang,0.5240503032822338,0.46097497298463097,0.5911112741874215,0.5233489305885889,0,2020-02-12,1.3682503311835454,0.7302799673578395
zhejiang,0.4513843752804748,0.391564796779222,0.5153939448772239,0.45064703374546544,0,2020-02-13,1.4676770001743071,0.5399815070267537
zhejiang,0.38423923755209066,0.32734800911562373,0.4456214714754088,0.38344891169463513,0,2020-02-14,1.6154842008018127,0.16674790188007174
zhejiang,0.32868253737854675,0.27400782219613634,0.388257030339033,0.3278202572468314,0,2020-02-15,1.487756407530068,-0.15724428680560662
zhejiang,0.30151502619159837,0.24660941938426273,0.36185653057706274,0.3005583777255092,0,2020-02-16,1.510672867352275,-0.3825384438848412
zhejiang,0.25882269059720275,0.20523029678424806,0.31853816848133665,0.25774506520468415,0,2020-02-17,2.078581906919993,-0.5977245212172262
zhejiang,0.2067796010007009,0.15619908838957938,0.26434578638294864,0.20555008101337743,0,2020-02-18,2.267319452675615,-0.724040953005125
zhejiang,0.18354065185867627,0.13282927982136683,0.24232402220915758,0.18211983357538114,0,2020-02-19,2.4466554837022834,-0.8348301224919934
zhejiang,0.15504786947994953,0.10534750488486086,0.21420045922482275,0.15338391268821144,0,2020-02-20,2.7581757312184068,-0.8482420160130356
zhejiang,0.29077539442669226,0.2151172375381361,0.3776581101547235,0.28879974059047364,0,2020-02-21,2.9634328481784906,-0.7969648710965676
zhejiang,0.31243078559031146,0.2270126870998737,0.41127762198756596,0.3100670999450077,0,2020-02-22,2.7131220637964093,-0.7621296740592604
zhejiang,0.329422124666748,0.23425133367319714,0.44056381896627456,0.32661086926273497,0,2020-02-23,2.6150036883388528,-0.7133658290628941
zhejiang,0.3483903705306992,0.2426666581228899,0.47293089070146427,0.3450780435270051,0,2020-02-24,3.5211228743245595,-0.5732355059622075
zhejiang,0.3955255360643313,0.27391293170507247,0.539127704299938,0.39165466600396737,0,2020-02-25,3.5980200836674223,-0.3014248393822214
zhejiang,0.4450871722665281,0.30637752961555154,0.6092899737793647,0.44059950510947116,0,2020-02-26,3.5538753337981523,0.06694086657471254
zhejiang,0.4799530515495804,0.3261048127408281,0.6630607978884213,0.47480224784927794,0,2020-02-27,3.7286742652954503,0.42050545395108924
zhejiang,0.05270969187543878,0.010870005656583578,0.12693702028733744,0.04698296506423601,0,2020-02-28,3.878355403521004,0.1684539326404621
zhejiang,0.01990233221914515,5.038834255638628e-4,0.07341730441215435,0.013795245464267821,0,2020-02-29,3.5373716350008717,0.07149884677326769
zhejiang,0.023306449225562395,5.900682062883902e-4,0.08597468169652676,0.016154799569562093,0,2020-03-01,3.277598778107025,0.07585607083474341
zhejiang,0.028255066375650385,7.153563450820817e-4,0.1042295338277622,0.019584919594816175,0,2020-03-02,4.321064531985359,-0.11474888289051971
zhejiang,0.035143823017923244,8.897645630016475e-4,0.12964132666983347,0.024359841838971205,0,2020-03-03,4.324739672302598,-0.2732033379351972
zhejiang,0.04455232360859784,0.0011279671743764247,0.16434815119279178,0.03088131749669388,0,2020-03-04,4.362903960257975,-0.40782160464053935
zhejiang,0.05730490559270996,0.0014508345963540898,0.21139088886088653,0.03972073374384075,0,2020-03-05,4.544200834931149,-0.5187241753540338
zhejiang,0.07453857984688347,0.001887153451985055,0.2749638357359994,0.051666206463809636,0,2020-03-06,4.5656328429492765,-0.5291122962746889
zhejiang,0.09779812444868353,0.0024760341360154548,0.3607654919296264,0.06778849422565565,0,2020-03-07,4.163670212654698,-0.5149491307198696
zhejiang,0.1291585950149598,0.003270012508109412,0.47645048747290775,0.08952591597970319,0,2020-03-08,3.8497127941432803,-0.4728415610753519
zhejiang,0.1713727805005494,0.004338783150446767,0.632173528982854,0.1187865596286742,0,2020-03-09,4.7643495241415375,-0.355041502495648
zhejiang,0.22803278727177415,0.005773290322269199,0.8411854638311814,0.15806028357265603,0,2020-03-10,4.881522952762769,-0.1635270444469277
zhejiang,0.30371790314035135,0.007689471553098567,1.1203787327410084,0.2105212082473131,0,2020-03-11,4.977086627157051,0.19928575248410116
zhejiang,0.4040714814219608,0.010230204178568758,1.4905709858108518,0.28008100809231246,0,2020-03-12,4.882211635000871,0.6818399249548266
zhejiang,0.5357061788231767,0.013562906171442844,1.9761555165027023,0.3713232274598268,0,2020-03-13,5.020781139968625,0.6911991179642151
zhejiang,0.7057868431435053,0.017868975772545384,2.6035625846560113,0.489214160401225,0,2020-03-14,4.5761086125152515,0.5369887819837617
zhejiang,0.9211122284751406,0.023320542532514955,3.397871974555047,0.6384663441468319,0,2020-03-15,4.392236803207251,0.30390509663418974
zhejiang,1.1865720475471202,0.030041403259323668,4.377121247022476,0.8224690692885277,0,2020-03-16,5.228864525013074,0.4931793978563237
zhejiang,1.5030773906219392,0.038054624761293725,5.544671304208458,1.0418538554729968,0,2020-03-17,5.235533083493115,0.5849749542586816
zhejiang,1.8654793219071848,0.04722984727070939,6.88152834265781,1.2930517323728437,0,2020-03-18,5.293470934286212,0.6402651724960247
zhejiang,2.261438059927079,0.05725465456959881,8.34217239601628,1.5675094152494073,0,2020-03-19,5.321421941781419,0.6782349816784752
zhejiang,2.6722666509349624,0.06765593395119276,9.85766954454784,1.8522740947999368,0,2020-03-20,5.407863055603975,0.7089994652495172
zhejiang,3.076063869620888,0.07787919439847334,11.347228808186701,2.1321649984500337,0,2020-03-21,4.936796250653652,0.5694392335718098
zhejiang,3.4521887214074356,0.08740185117412463,12.734708046123746,2.3928748790044065,0,2020-03-22,4.576975825344257,0.23471953019630504
zhejiang,3.785252287426245,0.09583429058515171,13.963339391724451,2.623736950737585,0,2020-03-23,5.470968805996165,0.34943768708996437
zhejiang,4.067107077905778,0.10297023604996478,15.003067737367989,2.819103804085788,0,2020-03-24,5.480881962698274,0.4380502402426828
zhejiang,4.296525639254755,0.1087786111342302,15.849365154720607,2.97812463305295,0,2020-03-25,NA,NA
zhejiang,4.477356815247712,0.11335686012559322,16.51642956450429,3.1034672528498075,0,2020-03-26,NA,NA
zhejiang,4.616266434152807,0.11687374718420328,17.028850403662084,3.1997520635465304,0,2020-03-27,NA,NA
henan,26.862100883866677,12.881421493286329,45.89337138930554,25.972198739776715,-1,2020-01-23,5.964915844264001,NA
henan,36.323149810748355,25.003184994530955,49.72358759088674,35.956915471491904,-1,2020-01-24,4.678613283364564,NA
henan,36.78465485000447,29.34088132672756,45.05725563450541,36.63878742312992,-1,2020-01-25,3.8064643035602748,NA
henan,20.504159576624577,17.118720764699393,24.19052429125583,20.45120165977287,-1,2020-01-26,3.058411284613783,NA
henan,10.941108140659543,9.353704158628188,12.651097739359992,10.919535629047518,-1,2020-01-27,2.342716895690194,NA
henan,6.764575095248295,5.87230846280302,7.7190247089013875,6.753632335208236,-1,2020-01-28,2.336707370393504,NA
henan,5.407829093606042,4.786404564336704,6.066630961668426,5.40125165083439,-1,2020-01-29,2.2451399021444933,NA
henan,4.552237556843079,4.083837513804825,5.045700175867527,4.5478272346222814,-1,2020-01-30,2.2850806579221317,NA
henan,3.676755670804585,3.321303592944249,4.0500175132962335,3.6736216572428773,-1,2020-01-31,2.173075848428066,NA
henan,2.8700490750057814,2.599250873026636,3.15407306511296,2.867721714993828,-1,2020-02-01,2.0685408806995627,NA
henan,2.3879539501714433,2.16977108663397,2.6164392596002073,2.386141018250794,-1,2020-02-02,2.0233826566729127,NA
henan,2.258511280743012,2.0663568770563705,2.459086364050087,2.257029490958681,-1,2020-02-03,2.083093681032688,NA
henan,2.10464453750812,1.9337674261539317,2.282652824896519,2.1033896649501895,-1,2020-02-04,1.982395169685613,NA
henan,1.8648940081985206,1.7154322072815915,2.0205095319494526,1.8638111386539824,-1,2020-02-05,1.7952290755777638,0.8540986461315037
henan,1.6032124029593395,1.4735002576469691,1.7383181301401345,1.6022632948803472,-1,2020-02-06,1.6585698209452426,0.9652336194972791
henan,1.4265219315784627,1.3108031912312141,1.5470655321282674,1.4256729012936717,-1,2020-02-07,1.8426301582344369,0.972049686087623
henan,1.2644989172243224,1.1602703733483095,1.3731463352128168,1.2637213276973729,-1,2020-02-08,1.7680300749531541,0.9257433154876823
henan,1.1111787738930266,1.0167304012263112,1.2097619499884664,1.1104511711985756,-1,2020-02-09,1.8439729544034977,0.8137344225212392
henan,0.9003420564385121,0.8174317623492393,0.9871996633994431,0.8996474434382549,-1,2020-02-10,1.989198261503227,0.8548105683650945
henan,0.7578770453225603,0.6829075174436637,0.8366947607155218,0.7571998723806507,-1,2020-02-11,1.9593456797834687,0.7940376274259023
henan,0.6496634993567636,0.5804248916046221,0.7227470588786558,0.6489868920088402,-1,2020-02-12,1.9772034249427441,0.703858359564973
henan,0.5649635744898669,0.4998115745184435,0.634049142672143,0.5642713682110886,-1,2020-02-13,2.006452165313346,0.4535891073828348
henan,0.5056289090082793,0.44278458339290305,0.5725827616534097,0.5049057328851974,-1,2020-02-14,1.934283937122632,0.20042053592209236
henan,0.4595013720698859,0.3978734484670243,0.5255017634813425,0.4587319176507747,-1,2020-02-15,1.7359419841765562,0.15001414392318738
henan,0.4341311214880651,0.37202063439850697,0.5009659569603623,0.43329973650937265,-1,2020-02-16,1.8495112013325008,0.047362471939091384
henan,0.4177548892704576,0.3541829031618494,0.48649669753995284,0.41684510125291907,-1,2020-02-17,2.1017998126171142,-0.3561192788573165
henan,0.38622173149022543,0.3222155387403022,0.45594050224402066,0.3852164127017112,-1,2020-02-18,2.1312759629398292,-0.635028373788248
henan,0.3292716074358076,0.2673186070805212,0.3975846266679235,0.32815231573853454,-1,2020-02-19,2.195077201748907,-0.6787463189961331
henan,0.3205823227396928,0.25606977309275686,0.39223328566038795,0.31932601739796923,-1,2020-02-20,2.284625702685821,-0.5999731564198731
henan,0.2565195228202029,0.19575142002980875,0.3253766366237467,0.25509583045136763,-1,2020-02-21,2.539918686237768,-0.6255044783401813
henan,0.20537108870374662,0.148013416553303,0.2719755222344554,0.20374347918331726,-1,2020-02-22,2.763100791172184,-0.626517330380975
henan,0.15278241471929604,0.10068457400897322,0.21557046483793693,0.15090040803279942,-1,2020-02-23,2.7654574744951073,-0.7056913794969784
henan,0.10625389010701212,0.06073327888848894,0.16429653107464276,0.10404865400039336,-1,2020-02-24,3.137872985633979,-0.8263393958858473
henan,0.08708898706077785,0.043474508560995016,0.1455997708533076,0.08446461905321087,-1,2020-02-25,3.090874182802415,-0.9045319685169674
henan,0.07675875646970307,0.03313898286778283,0.1383833282163124,0.07358525628279065,-1,2020-02-26,3.0284775452841974,-0.9517052440425173
henan,0.07080214210902151,0.02598313830744951,0.13769048434257633,0.06690992637737506,-1,2020-02-27,2.7884072558817405,-0.9631716582805447
henan,0.044081010551076175,0.009090564125672563,0.10615717776972326,0.039291760301154104,-1,2020-02-28,3.0843655423693526,-0.9698205517057711
henan,0.036991045364437584,0.0044797872051537515,0.1030504567143448,0.03104190482248679,-1,2020-02-29,3.2916394961482407,-0.967408678827021
henan,0.047097893914185854,0.005703773452947575,0.13120633467705747,0.039523304243498925,-1,2020-03-01,3.439502363106392,-0.952084093797279
henan,0.06060604669445735,0.007339673422633181,0.16883763975805374,0.05085898802322585,-1,2020-03-02,3.7320015823443677,-0.9026791858420743
henan,0.07861094771031414,0.009520150465286268,0.2189960836328075,0.06596822373598143,-1,2020-03-03,3.8115388507183012,-0.8330429810826244
henan,0.0512437830865756,0.0012973802605745224,0.18903213857913986,0.03551948376768529,-1,2020-03-04,3.8521314699146365,-0.7724352784167561
henan,0.06704626012319836,0.0016974643398638876,0.2473255714436449,0.04647292617148364,-1,2020-03-05,3.9397808557151777,-0.6595469508209268
henan,0.08827722636323848,0.002234985866450164,0.32564404659751545,0.06118911056133083,-1,2020-03-06,4.0018513116802,-0.4889155010079822
henan,0.11693363965690183,0.0029605034357375846,0.43135410082510767,0.0810522226407941,-1,2020-03-07,4.027870799500312,-0.167664032259506
henan,0.1555764737516109,0.003938855289316199,0.5739028575658133,0.10783739414238744,-1,2020-03-08,3.9115671663543616,0.3095072495598439
henan,0.20756446234605802,0.0052550772020398635,0.7656802805525791,0.14387272185961103,-1,2020-03-09,3.85358354153654,0.40658423068085847
henan,0.2772144586339713,0.007018462434163755,1.0226107208381743,0.1921504204125888,-1,2020-03-10,4.3051927337080995,0.5779765893305362
henan,0.36990945140882847,0.009365296462342725,1.3645513751845844,0.25640169330650553,-1,2020-03-11,4.446515552779513,0.6872995703298884
henan,0.4920667439991723,0.012458051340025766,1.8151749019912882,0.34107467625033866,-1,2020-03-12,4.479970591297106,0.7963052015561006
henan,0.6508271678659124,0.016477517266988366,2.400822967719726,0.45111901643807145,-1,2020-03-13,4.318580824484697,0.7803982084690217
henan,0.8532861749349783,0.02160333553265296,3.147669839197111,0.5914529063669605,-1,2020-03-14,4.394161617738913,0.7789677972485242
henan,1.105111637416901,0.027979004237325276,4.076623613769415,0.7660050156795095,-1,2020-03-15,4.453365407037269,0.7974565582963439
henan,1.4085639839313824,0.03566175247876111,5.196022740129346,0.9763421541003218,-1,2020-03-16,4.632506350197793,0.8322783281058128
henan,1.760309636251955,0.044567181363522154,6.493570050048612,1.2201536612805455,-1,2020-03-17,4.731102456797835,0.8610788964320848
henan,2.149899432621,0.05443074102063223,7.930719845406814,1.490196730208672,-1,2020-03-18,4.767981376223194,0.8706067660020861
henan,2.5600040692331634,0.06481369146384595,9.443546413442286,1.7744596028109543,-1,2020-03-19,4.8047281074328545,0.870300952827164
henan,2.9690021580217723,0.0751686265417375,10.95229105994645,2.0579554749091846,-1,2020-03-20,4.886265167603581,0.874714427471172
henan,3.3553100690833344,0.08494909605680626,12.377334376023123,2.3257237142895084,-1,2020-03-21,4.828369758484281,0.8555523705787185
henan,3.7017368759518434,0.09371986343371384,13.655261106234661,2.5658484787408002,-1,2020-03-22,4.755058442640016,0.8265403415097282
henan,3.99811546496357,0.10122351964096751,14.748565993879298,2.7712824620926133,-1,2020-03-23,4.99561677076827,0.9176263597967769
henan,4.241541465531717,0.10738653238173548,15.646535165972262,2.940012508061408,-1,2020-03-24,4.974477430772434,0.9207303109606203
henan,4.434795873686822,0.11227931037952402,16.359427381632578,3.0739662562049,-1,2020-03-25,NA,NA
henan,4.58407210021557,0.11605865721939822,16.910089386662133,3.177436651747929,-1,2020-03-26,NA,NA
hunan,28.17733541027788,13.512127571357865,48.14042372693112,27.243861468505575,0,2020-01-24,4.766736671464623,NA
hunan,30.372149320669966,19.6552536357554,43.38369665492679,29.968161304203004,0,2020-01-25,4.459904132330836,NA
hunan,34.66426031507459,27.02249149862597,43.24312798929116,34.499332878558214,0,2020-01-26,4.420228706566532,NA
hunan,19.304648748825645,15.72395345955179,23.247153788204344,19.240974553298084,0,2020-01-27,3.6020820185337388,NA
hunan,11.393822205086217,9.608902510149079,13.328551490205484,11.367458497922877,0,2020-01-28,3.5041249054541606,NA
hunan,8.946860402142228,7.806092863780575,10.164291141901018,8.93336951614915,0,2020-01-29,3.2425715711641345,NA
hunan,6.471742177833689,5.728061253973154,7.260153897689264,6.463870717203043,0,2020-01-30,3.117531394726886,NA
hunan,4.813826215834831,4.303874699378028,5.351916107272064,4.808874626555269,0,2020-01-31,2.8682543246114887,NA
hunan,3.7060927650314617,3.3360873132623343,4.0952760660485215,3.702717999903191,0,2020-02-01,2.697410217618503,NA
hunan,2.9258632408319203,2.644403452953813,3.2213520671070377,2.923394528691018,0,2020-02-02,2.4703103899680667,NA
hunan,2.4251637906905144,2.19927028105719,2.6619417047117286,2.4232484487134958,0,2020-02-03,2.575534440487217,NA
hunan,2.1116658320393067,1.9212498056536123,2.3109499355582783,2.1101053086508923,0,2020-02-04,2.586484094266079,NA
hunan,1.7479159584134654,1.5885660294604032,1.9147727971421071,1.7465949600096973,0,2020-02-05,2.6907746334491507,NA
hunan,1.5052238291091276,1.3670787027025377,1.6499227087917439,1.5040705581489182,0,2020-02-06,2.4754279736822653,0.9665801985054113
hunan,1.3739164640532124,1.2486624494763094,1.5050711438681585,1.3728781181034608,0,2020-02-07,2.767795173632401,0.9712512006436005
hunan,1.1949914620656934,1.0827714666026245,1.312665160733913,1.1940317667443816,0,2020-02-08,2.891714921355546,0.9504372372033274
hunan,1.0212276256187711,0.9206006450069019,1.1269986148025135,1.0203224248037661,0,2020-02-09,2.964832961093064,0.8564223382298395
hunan,0.9389952012771834,0.8443633625957494,1.0385807656843993,0.9381234835000665,0,2020-02-10,3.176229161430226,0.684680647869539
hunan,0.823058089369094,0.7353397609367941,0.9156475836595042,0.8222008961427755,0,2020-02-11,3.075583480388533,0.3700123790651151
hunan,0.7359075140213448,0.6530820936994471,0.823605951958045,0.7350499908988161,0,2020-02-12,3.1736812138975496,-0.05418956806678598
hunan,0.6753288204130294,0.595430361406332,0.7601843427999782,0.6744565032469328,0,2020-02-13,3.2043560802867757,-0.5044892712242608
hunan,0.5868295982951778,0.5113433785286062,0.6674368587506885,0.5859284169208073,0,2020-02-14,3.211817795346127,-0.7649760877373133
hunan,0.5637404816716458,0.48813209952514675,0.6447132375901043,0.5627964744690119,0,2020-02-15,2.4996456214658553,-0.6992605787442329
hunan,0.5024887982919269,0.42916671143758095,0.5815082312195687,0.5014861833174443,0,2020-02-16,2.795445362869033,-0.5927532625227095
hunan,0.4135947214452511,0.34505216854686366,0.48825472428393407,0.4125181519246939,0,2020-02-17,3.293649534917094,-0.5990497684632147
hunan,0.3371073641597782,0.27305804727717425,0.40780360195133525,0.3359375777670288,0,2020-02-18,3.3055967658002805,-0.5890330023003062
hunan,0.2441169204494659,0.1875861444090419,0.3079794640560236,0.24282651851334433,0,2020-02-19,3.324104108268575,-0.6000457095956682
hunan,0.18712923436121662,0.1354263547721468,0.24706193578437233,0.18568063627230846,0,2020-02-20,3.531952236558111,-0.5415154333750106
hunan,0.11968090390151478,0.07668181338212603,0.17209761368598095,0.11802283605792681,0,2020-02-21,3.5171186981157505,-0.5425402243023119
hunan,0.07580237285384715,0.04036157104612972,0.12222599118688746,0.07386783250064978,0,2020-02-22,3.454989708745182,-0.5502586723407307
hunan,0.09050894618766718,0.04819220196321938,0.14593930562566593,0.08819908170541667,0,2020-02-23,3.577827849022362,-0.5800964606273669
hunan,0.0932322478279497,0.04654120220193093,0.15587038474123938,0.09042275679204556,0,2020-02-24,4.171698630915365,-0.67255910875547
hunan,0.10458553904458627,0.05015283117133262,0.1786823378437482,0.10112077298481467,0,2020-02-25,4.072623088753502,-0.7131279298084693
hunan,0.11720249027616898,0.05359244171425461,0.2052761145890132,0.11289140743230579,0,2020-02-26,4.041509127569117,-0.7624627352595784
hunan,0.1304188532952103,0.05630560399570495,0.2351235977652883,0.12502683974073572,0,2020-02-27,3.945567471737715,-0.8179659929912474
hunan,0.14320020684705742,0.05757391016005151,0.26715991161977837,0.1364419155243329,0,2020-02-28,3.928965965092328,-0.8647754868413436
hunan,0.15405244142854496,0.05653453091962484,0.2995891740364446,0.14558369573574584,0,2020-02-29,3.6459344019296194,-0.7861110188317323
hunan,0.0965488449104282,0.019910692947950927,0.23251174971912128,0.08605914483694234,0,2020-03-01,3.8695984601602893,-0.65045963702296306
hunan,0.12095156010728514,0.02494311948636967,0.2912790815663587,0.10781058892194698,0,2020-03-02,4.116736424609024,-0.5833933579731418
hunan,0.15228333215290174,0.03140448412821723,0.3667331706016602,0.13573827165055252,0,2020-03-03,3.8580478960742273,-0.4330034894329231
hunan,0.1923811332093158,0.03967361469588962,0.4632978668667014,0.17147958447473235,0,2020-03-04,4.076259859076328,0.0401673217708746
hunan,0.1618945720020472,0.019606183742399915,0.4510094110620439,0.13585763380983576,0,2020-03-05,4.217561351951145,0.35369092564030313
hunan,0.20370078116702128,0.024669109622653146,0.5674740555591624,0.17094029646785636,0,2020-03-06,4.155244251366548,0.4429056150531305
hunan,0.12820017684512838,0.0032457474609169654,0.4729149983777672,0.08886159112748712,0,2020-03-07,3.842567711055739,0.27610512976213114
hunan,0.1615671707383794,0.0040905266053192675,0.596001816596126,0.11198982886835497,0,2020-03-08,3.9337733275641886,0.06604305906878204
hunan,0.2055665851079398,0.005204495329749002,0.7583103522570428,0.1424878988849045,0,2020-03-09,4.205614586368295,0.3663092457300463
hunan,0.26403344867555983,0.00668474815499768,0.9739875640181189,0.1830140405229833,0,2020-03-10,4.436045003964475,0.6725068165383153
hunan,0.3412483463753353,0.008639660108487181,1.25882401369433,0.2365353291608073,0,2020-03-11,4.3367595413385285,0.726839349229734
hunan,0.4424354143820754,0.01120149486677511,1.6320909098864231,0.3066728600588066,0,2020-03-12,4.267091364402639,0.6589744042110921
hunan,0.573663633221596,0.014523905713474462,2.116175990163498,0.3976333299573238,0,2020-03-13,4.362354975452146,0.6598795590568951
hunan,0.7414590104422896,0.01877211685459947,2.7351529096882117,0.5139402225888401,0,2020-03-14,4.195212954193284,0.552798611831549
hunan,0.9519837617221806,0.024102142083444134,3.5117533392670484,0.6598648603765802,0,2020-03-15,4.179827441703376,0.3904145126950476
hunan,1.2096821782298672,0.030626501110441302,4.462371733279949,0.8384877912136457,0,2020-03-16,4.494060487449212,0.5579310027989791
hunan,1.5154739639870587,0.038368478825414984,5.590400768996463,1.0504465053496337,0,2020-03-17,4.357067736132673,0.5325734326628847
hunan,1.8649148791741532,0.047215556817976366,6.879446181456906,1.2926604904838552,0,2020-03-18,4.476826280481883,0.5912773557640401
hunan,2.2471180918420828,0.05689210436728172,8.28934775996397,1.5575835697455838,0,2020-03-19,4.547410475780465,0.6739444343088011
hunan,2.6453158011748092,0.06697359751195175,9.758251108596697,1.833593189274992,0,2020-03-20,4.6587057115978645,0.7429301229916998
hunan,3.039415981864389,0.07695135021322448,11.212039168005077,2.106762618378139,0,2020-03-21,4.3897715746430155,0.6511279866222742
hunan,3.4098832178752145,0.08633076855901717,12.578648143347792,2.3635509385088787,0,2020-03-22,4.164265623002361,0.289348949972231
hunan,3.7414494057710788,0.09472529763824764,13.801755841555725,2.593375106817906,0,2020-03-23,4.636151320162869,0.38894763223402806
hunan,4.025250000404441,0.10191050659900237,14.848662024164051,2.7900906888292565,0,2020-03-24,4.610993822811892,0.5293182044773542
hunan,4.258914276846826,0.10782637388275872,15.710621372692765,2.952054423242876,0,2020-03-25,NA,NA
hunan,4.445136336385865,0.11254110822860709,16.39757210202911,3.0811337187704266,0,2020-03-26,NA,NA
hunan,4.589670589753061,0.11620039870251049,16.930741539691052,3.1813172289862357,0,2020-03-27,NA,NA
beijing,17.039682985317555,11.027184392292936,24.339549694892234,16.81303364095326,0,2020-01-24,2.4029,NA
beijing,11.503723029777742,8.012764587480195,15.616005604771258,11.394351199619212,0,2020-01-25,1.8254,NA
beijing,8.649421298057181,6.4197672028446044,11.20629378340961,8.59182733037723,0,2020-01-26,1.6544,NA
beijing,6.681424645144475,5.167413336520071,8.38699351540981,6.64771054220108,0,2020-01-27,1.4808,NA
beijing,4.872068494604566,3.838635832143216,6.0268224145816935,4.8507165150387905,0,2020-01-28,1.386,NA
beijing,3.790869243190331,3.036330861503868,4.627880116766515,3.776354774682037,0,2020-01-29,1.4498,NA
beijing,3.1481535288125118,2.558663842875339,3.7978373458845027,3.137560053536932,0,2020-01-30,1.3431,NA
beijing,2.6265076444642546,2.1524863993137275,3.146996687907851,2.6183299246760514,0,2020-01-31,1.5133,NA
beijing,2.392102082972201,1.9849028794466181,2.836728331809322,2.385515507150225,0,2020-02-01,1.4764,NA
beijing,2.191595175839237,1.834976842226998,2.5794112633465773,2.186104910149697,0,2020-02-02,1.3508,NA
beijing,2.0940151750477516,1.7712888460762337,2.443350809657548,2.089332445034581,0,2020-02-03,1.8071,NA
beijing,1.8527173482817323,1.5698924210611944,2.1586208895199483,1.8486559594540148,0,2020-02-04,1.6746,NA
beijing,1.7251761281267737,1.468983289959663,2.0016580880923023,1.721605652553299,0,2020-02-05,1.563,NA
beijing,1.591241197547518,1.3583803316709302,1.8422526005459146,1.5880470772648902,0,2020-02-06,1.4363,0.7819529676810086
beijing,1.4716526185530612,1.2581361084496179,1.7016577184271875,1.4687509706765887,0,2020-02-07,1.6097,0.3699207646969523
beijing,1.3079207610778747,1.1148382902321143,1.5161965246620572,1.3052470510655805,0,2020-02-08,1.3753,0.05368647837185211
beijing,1.102781468225064,0.9317194466854076,1.2880474433295628,1.1002818405480372,0,2020-02-09,1.3557,-0.1572159384797789
beijing,0.8998687757863868,0.7496147218111235,1.0636438713208691,0.8974892934320093,0,2020-02-10,2.2462,-0.40250657682340407
beijing,0.8000993924233235,0.6605641056724002,0.9528058308197899,0.7977814625885041,0,2020-02-11,2.0881,-0.5029507838316276
beijing,0.6948274062939295,0.5653393100660089,0.8374681615066154,0.692512692453354,0,2020-02-12,2.0954,-0.6132145157534616
beijing,0.6589576097892108,0.5318638371840152,0.7994631942763472,0.6565972654359924,0,2020-02-13,2.1563,-0.643396924976739
beijing,0.5590245333057174,0.4404477496510717,0.6915218025688736,0.5565745922950093,0,2020-02-14,1.863,-0.647895139347698
beijing,0.4723287886314494,0.36129409752607455,0.5980138796143125,0.4697502794049927,0,2020-02-15,1.3779,-0.4470014480529341
beijing,0.4553496944162048,0.34303170627327434,0.5833301668811929,0.4525929924756731,0,2020-02-16,1.4317,-0.2325607092344595
beijing,0.4047509568359449,0.2952281253013239,0.531284617228639,0.4017567818809222,0,2020-02-17,2.4975,-0.43523941115537446
beijing,0.45498695309716014,0.3331076337030499,0.5955733766500815,0.4516942273152548,0,2020-02-18,2.4258,-0.5171830174616121
beijing,0.46127014624958773,0.33244294867098145,0.6108658706989002,0.45761448231819246,0,2020-02-19,2.417,-0.5443581577400863
beijing,0.36673408045948125,0.24743394406473343,0.5091349366748823,0.36266740460435537,0,2020-02-20,2.4069,-0.5247797326152506
beijing,0.34075154533410834,0.22051643364466922,0.4867308375641291,0.33621911862126147,0,2020-02-21,2.4652,-0.5451604122146017
beijing,0.38321458093090993,0.24799627137321742,0.5473852033756812,0.3781173421152777,0,2020-02-22,1.5908,-0.3001772419618279
beijing,0.3476204614379685,0.21233560877220492,0.5157097904906491,0.3418442681600162,0,2020-02-23,1.5594,0.10007261327799033
beijing,0.3755409508280993,0.22610018440095875,0.562278891568278,0.3689734583552646,0,2020-02-24,2.7557,-0.08169348909225291
beijing,0.31568155687917343,0.17258604470480104,0.5012661423917726,0.3081979783088684,0,2020-02-25,2.6773,-0.20914712880985462
beijing,0.2061655645420466,0.08900765756910504,0.37168237601900456,0.19764189261586929,0,2020-02-26,2.7353,-0.3759218633469758
beijing,0.47489739931405883,0.271444896435424,0.7343166000330765,0.46504118707701053,0,2020-02-27,2.7116,-0.3828845605715355
beijing,0.5178632181181758,0.2898441120045248,0.8109607191020298,0.5064017229344866,0,2020-02-28,2.792,-0.17824898658176969
beijing,0.5148433326863874,0.2741323914742491,0.8301486388148132,0.5017040975258104,0,2020-02-29,1.7131,-0.18356145686051875
beijing,0.5805061896567736,0.3090950973490638,0.9360253742679693,0.5656911831221215,0,2020-03-01,1.8045,-0.25435830137381765
beijing,0.6969391199266214,0.3810231021960472,1.1066594690587146,0.6804174114231172,0,2020-03-02,3.1671,0.10006823686283946
beijing,0.7122674370808577,0.37925241233559515,1.1484811122628789,0.694089772617001,0,2020-03-03,3.0333,0.25193374509818334
beijing,0.8304701711969559,0.45402577049206577,1.318691478852108,0.8107829622326836,0,2020-03-04,3.1057,0.3817980151377597
beijing,0.31685791925965834,0.10288290390385933,0.6490256955203393,0.2960028939308382,0,2020-03-05,3.0999,0.28469408099364635
beijing,0.33678912548871476,0.10935451231416264,0.6898511387208671,0.3146222635748658,0,2020-03-06,3.1469,0.20974390268653123
beijing,0.36947265428020853,0.11996676514896938,0.7567973903895058,0.34515462056552715,0,2020-03-07,2.0726,0.1997171932683665
beijing,0.415788026033439,0.13500524028789834,0.8516659877585052,0.3884215968319596,0,2020-03-08,1.8734,0.14453413417149333
beijing,0.3787388785507239,0.10319359734462498,0.8301267925955426,0.34768804249748003,0,2020-03-09,3.3765,0.08928099829887727
beijing,0.43299096894967787,0.11797546603779124,0.9490375153785363,0.3974922854217574,0,2020-03-10,3.3717,0.061639488791575
beijing,0.3728515388518136,0.07689095102211442,0.8979119715448662,0.3323425009847976,0,2020-03-11,3.4222,7.640338782897896e-4
beijing,0.28581309701705415,0.03461329201345846,0.7962243265194239,0.23984677554295636,0,2020-03-12,3.3891,-0.08751882966963838
beijing,0.3312340568975702,0.040113980975175545,0.9227590219836128,0.2779628411925222,0,2020-03-13,3.4999,-0.1450257136905211
beijing,0.19472223464167934,0.004929940146929876,0.7183068506288437,0.13497116793421216,0,2020-03-14,2.2523,0.01009999687465932
beijing,0.23187444303238616,0.005870552625158115,0.8553568688362815,0.16072311643180612,0,2020-03-15,2.2133,0.2290470331285868
beijing,0.2821720926670774,0.007143978860670314,1.0408988351639152,0.1955867904648843,0,2020-03-16,3.6972,0.11932850898434033
beijing,0.34981682020427274,0.008856595083606632,1.2904320807550103,0.24247454263703694,0,2020-03-17,3.6903,0.10521652009240856
beijing,0.4390483845881705,0.011115742696815955,1.6195965652692157,0.3043251499066889,0,2020-03-18,3.6853,0.24657769249117473
beijing,0.5550378466929756,0.014052341626586478,2.047467708921358,0.3847229185392992,0,2020-03-19,3.6655,0.34016019151278887
beijing,0.7036119724267327,0.01781391281334748,2.595539748753555,0.4877066548958117,0,2020-03-20,3.8176,0.4272190430335008
beijing,0.8906657182340197,0.022549703632438543,3.2855584684771073,0.6173624314153094,0,2020-03-21,2.5395,0.10586005608425769
beijing,1.121143971356759,0.028384907789554614,4.135764961041651,0.7771177827477176,0,2020-03-22,2.4417,-0.18807917367792065
beijing,1.3975700989011013,0.0353834114085631,5.155467623520253,0.9687217736881822,0,2020-03-23,3.9845,0.10375015352289566
beijing,3.43666371436259,0.4161959194269928,9.573932335503926,2.8839571003499658,0,2020-03-24,3.9459,0.3040973375120164
beijing,4.007933213818866,0.48537930608573104,11.16538730104919,3.3633513228003484,0,2020-03-25,NA,NA
beijing,3.925057765082211,0.47534270476197477,10.93451107793685,3.293804442833626,0,2020-03-26,NA,NA
beijing,3.4530511085235487,0.41818050888546343,9.619584693689733,2.8977089671820964,0,2020-03-27,NA,NA
hong_kong_sar,9.908657321232706,2.0434033533240266,23.86231811747089,8.832115768331594,-5,2020-01-19,1.8916,NA
hong_kong_sar,13.473465379601556,4.9445243323254315,26.2021447180747,12.732786745478744,-5,2020-01-20,2.6797,NA
hong_kong_sar,8.380348039286256,3.0754400316596207,16.29744731044877,7.919654033376702,-5,2020-01-21,2.6169,NA
hong_kong_sar,7.366179912695175,3.368286515906045,12.90160975486679,7.095228230938231,-5,2020-01-22,2.3776,NA
hong_kong_sar,4.758949372592968,2.1760946910838443,8.335135494389247,4.583899977766494,-5,2020-01-23,2.049,NA
hong_kong_sar,2.8966014012761563,1.250546890367798,5.222092707857275,2.776844835235526,-5,2020-01-24,1.7256,NA
hong_kong_sar,2.7206999150694697,1.3046813618292605,4.6482623299254735,2.630567103108368,-5,2020-01-25,1.2884,NA
hong_kong_sar,2.4450560376757595,1.2205631645234793,4.087768279594768,2.3713759196890085,-5,2020-01-26,1.2304,NA
hong_kong_sar,1.689794162835676,0.7726814930934315,2.9596161257729903,1.6276381232507195,-5,2020-01-27,1.1668,NA
hong_kong_sar,1.6304911497120669,0.7818838828473219,2.7856620822109135,1.5764753608383109,-5,2020-01-28,1.1724,NA
hong_kong_sar,1.1825391375617706,0.5105364654469081,2.131922260445116,1.1336484526851238,-5,2020-01-29,1.3369,NA
hong_kong_sar,1.1034194071671368,0.4763781816153266,1.9892824871717134,1.0577998341576413,-5,2020-01-30,1.3555,NA
hong_kong_sar,1.4646867368043697,0.7311663417779644,2.448737325441231,1.4205493878363022,-5,2020-01-31,1.4108,NA
hong_kong_sar,1.5667068848750665,0.8095403094183383,2.5696654372638656,1.5234087405914807,-5,2020-02-01,1.2769,0.882760964988368
hong_kong_sar,1.6370141956249635,0.8716411145549848,2.6395701758973584,1.5952362155833704,-5,2020-02-02,1.139,0.9240853454535044
hong_kong_sar,1.6698081714391304,0.9128996656422927,2.651464054176342,1.6302235318680423,-5,2020-02-03,1.6456,0.9305645736701714
hong_kong_sar,1.4511553272678361,0.7726790948011566,2.3398858315876776,1.4141206219721363,-5,2020-02-04,1.5681,0.8541520010808642
hong_kong_sar,2.2912929194133413,1.435941073776752,3.3432807745895463,2.2566714302671675,-5,2020-02-05,1.5648,0.6760179239748928
hong_kong_sar,2.711016324651859,1.8014506595422406,3.8035154749872007,2.678811518833116,-5,2020-02-06,1.5709,0.33613830629472236
hong_kong_sar,2.7425658884418294,1.8759130374484958,3.7712016927361716,2.714051003382185,-5,2020-02-07,1.612,0.26224723162347546
hong_kong_sar,2.1819994791636264,1.4721858857519006,3.029258053292216,2.1578035151924175,-5,2020-02-08,1.3584,0.3461146224392229
hong_kong_sar,1.8408833875881212,1.2420362912099245,2.555688431768408,1.8204700242731344,-5,2020-02-09,1.1033,0.4146419404906986
hong_kong_sar,1.651501095927011,1.122114869130935,2.281568230149788,1.633777366640386,-5,2020-02-10,1.6097,0.3715842169209413
hong_kong_sar,1.4785560025211297,1.0046070689044708,2.0426425451179777,1.46268830107762,-5,2020-02-11,1.5548,0.3195378578189316
hong_kong_sar,0.9615025223648934,0.6025685117366847,1.4029515259729242,0.9469741969552385,-5,2020-02-12,1.6719,0.10299210012334045
hong_kong_sar,0.7806936360340753,0.4700285672673754,1.168893968435901,0.7670407985287704,-5,2020-02-13,1.5483,-0.012717615721260766
hong_kong_sar,0.5637817908608951,0.30822475130694116,0.8952208873061674,0.5504167233221867,-5,2020-02-14,1.6461,-0.1384454811632789
hong_kong_sar,0.6554477838872721,0.37464504137755483,1.0134951020125913,0.6418443561202911,-5,2020-02-15,1.3561,-0.061662960518112875
hong_kong_sar,0.6877214592829203,0.39309223541992255,1.0633987140798178,0.6734482106349899,-5,2020-02-16,1.0912,0.1471671828220926
hong_kong_sar,0.5929759624130929,0.31573472616389886,0.9561320052035867,0.5778427167826963,-5,2020-02-17,1.6941,0.034151529820742876
hong_kong_sar,0.6800014259204421,0.37176310727000356,1.0797643516517152,0.6638812440856103,-5,2020-02-18,1.7398,-0.05170748063605205
hong_kong_sar,0.9366840603119791,0.5551383380751319,1.416404034206729,0.9193963288077185,-5,2020-02-19,1.6912,-0.11016340355824844
hong_kong_sar,1.2192941408176776,0.7641251465411584,1.7791014955037465,1.2008705780751536,-5,2020-02-20,1.7161,-0.16540713396038775
hong_kong_sar,1.3789829602716701,0.8835404026000638,1.9829368682883133,1.3598784312386698,-5,2020-02-21,1.7005,-0.2730421915371864
hong_kong_sar,1.434844848010017,0.9285559318780437,2.0495379821732675,1.4157595959929359,-5,2020-02-22,1.439,-0.20144889317229464
hong_kong_sar,1.336221891881396,0.856142579226156,1.9214477118002824,1.317709777762923,-5,2020-02-23,1.1923,0.0028648323362221307
hong_kong_sar,1.2783217367366566,0.8190448573100629,1.8381889945979333,1.2606117755285864,-5,2020-02-24,1.8193,0.039206435797797264
hong_kong_sar,1.2245038845943643,0.7845627439563898,1.7608005088373724,1.2075395197775243,-5,2020-02-25,1.7762,0.0998217865110108
hong_kong_sar,1.0817019665253504,0.6778968634514568,1.5783374346767738,1.0653574247270712,-5,2020-02-26,1.702,0.11398385811477281
hong_kong_sar,0.7644519553746213,0.43695034370843827,1.182044293293966,0.7485862110515701,-5,2020-02-27,1.686,0.0811352520483072
hong_kong_sar,0.5668928896365817,0.29292182839934994,0.9298006405620197,0.5512260087632135,-5,2020-02-28,1.758,0.03131607276476345
hong_kong_sar,0.5302325305256784,0.2646901688220275,0.8864695474024804,0.5142543301050931,-5,2020-02-29,1.4897,5.651997833142075e-4
hong_kong_sar,0.45706965108081227,0.20900134952067514,0.8005417107549532,0.44025716589741776,-5,2020-03-01,1.1727,0.08115134410100901
hong_kong_sar,0.6020685057794274,0.3005504288452268,1.006568562088119,0.5839255765956433,-5,2020-03-02,1.8523,0.021713959274340527
hong_kong_sar,0.5987252713234517,0.2871120398193304,1.022910358195879,0.5788903781043742,-5,2020-03-03,1.8118,-0.013022590731298547
hong_kong_sar,0.6542468117782512,0.31373677656821086,1.1177678187949056,0.6325725710670502,-5,2020-03-04,1.7938,-0.055608458949540675
hong_kong_sar,0.7121722553910786,0.34151427832015185,1.2167323006910478,0.6885790293893647,-5,2020-03-05,1.7728,-0.10336456280187824
hong_kong_sar,0.9240913293992143,0.47749147460489927,1.515666761253645,0.8985527681674953,-5,2020-03-06,1.8232,-0.12934821086021153
hong_kong_sar,0.822744729035591,0.39453807734198143,1.4056431986264197,0.7954883985805438,-5,2020-03-07,1.4807,-0.0036790902263390234
hong_kong_sar,0.8622424838551506,0.41347878604041405,1.4731243364128717,0.8336776505077708,-5,2020-03-08,1.2744,0.3028522887325741
hong_kong_sar,0.9880200512805442,0.4932160497842757,1.6518218654274426,0.9582467320478174,-5,2020-03-09,1.9137,0.29626405430656483
hong_kong_sar,1.1167043767741205,0.5770174468688973,1.8315848793034248,1.0858426835662471,-5,2020-03-10,1.808,0.31490970226997456
hong_kong_sar,0.9514996659322389,0.45628107423852443,1.6256184776543305,0.9199778725894652,-5,2020-03-11,1.797,0.3559824445765908
hong_kong_sar,1.1527252932141383,0.595629980024842,1.8906653013581631,1.1208681114102144,-5,2020-03-12,1.8342,0.39582562698539037
hong_kong_sar,1.3574439666106335,0.7421272481730503,2.155465486747887,1.3252642641302463,-5,2020-03-13,1.8693,0.4753824195012648
hong_kong_sar,2.4142248215199564,1.5623590118601567,3.4484881595895622,2.3821125766256714,-5,2020-03-14,1.4583,-0.029122805711287614
hong_kong_sar,2.8696785735771813,1.9498073631188928,3.9644947740952774,2.8388814967219815,-5,2020-03-15,1.2446,-0.5837996589855129
hong_kong_sar,4.176043973125249,3.10933903352126,5.39764055381281,4.148781510118396,-5,2020-03-16,1.86,-0.19088574316688703
hong_kong_sar,3.9095229509533374,2.9686646854475898,4.977908714833514,3.8870775293078568,-5,2020-03-17,1.7998,-0.06436122771024458
hong_kong_sar,4.209985989937823,3.343336568992687,5.175004434248225,4.192673676832118,-5,2020-03-18,1.7864,0.026465403666979314
hong_kong_sar,3.806225164083224,3.0830546030706176,4.604445042663798,3.793017293600233,-5,2020-03-19,1.7642,0.08112048643976522
hong_kong_sar,3.3145331457745044,2.724143141115956,3.961965171166835,3.3044945348422496,-5,2020-03-20,1.8097,0.15456002835571805
hong_kong_sar,2.5191454501718398,2.0665038400842772,3.0159430286714692,2.511374590521637,-5,2020-03-21,1.4038,0.06515544232015412
hong_kong_sar,2.241577293208915,1.8584903445061194,2.660028252508024,2.2353537738443334,-5,2020-03-22,1.1227,-0.06553768406449423
