province,r_mean,r_q2.5,r_q97.5,r_median,date_lag,movement,movement_hubei,rolling.corr.biweekly,rolling.corr.hubei
hubei,5.158792217277408,4.718608869048547,5.618323957810928,5.155387473765365,2020-01-20,5.747698545884738,5.747698545884738,NA,NA
hubei,4.572393085375443,4.232181502173443,4.925569606212609,4.5701116546169755,2020-01-21,5.522303373669089,5.522303373669089,NA,NA
hubei,4.561455156033192,4.273269113881406,4.858911718007788,4.559823838074721,2020-01-22,5.368995447693088,5.368995447693088,NA,NA
hubei,4.409606630197113,4.166198050988989,4.659828140688997,4.408407773909345,2020-01-23,4.792658357613655,4.792658357613655,NA,NA
hubei,6.501827974425475,6.246638216193446,6.7620549877607194,6.5009415844641065,2020-01-24,3.7747311754267363,3.7747311754267363,NA,NA
hubei,6.117625694411822,5.906827114241715,6.332068423097833,6.116984445808106,2020-01-25,2.5738514485381105,2.5738514485381105,NA,NA
hubei,5.421957304922928,5.2581004568061696,5.5882931941564475,5.421521076767379,2020-01-26,2.0204877561264154,2.0204877561264154,NA,NA
hubei,4.71925942654649,4.592552489511516,4.847666553507449,4.718960250292188,2020-01-27,1.876848530336319,1.876848530336319,NA,NA
hubei,4.086315845341668,3.9870016580370597,4.186834802375066,4.086103846475044,2020-01-28,1.8175554958593882,1.8175554958593882,NA,NA
hubei,3.743787886300034,3.6623105639783824,3.826149144287964,3.743632343475954,2020-01-29,1.7662976540476594,1.7662976540476594,NA,NA
hubei,3.446026696455915,3.377978119700796,3.5147444459962944,3.445908944678642,2020-01-30,1.662974931553152,1.662974931553152,NA,NA
hubei,2.9561713893299126,2.9007014046416835,3.012159447438062,2.9560802259419376,2020-01-31,1.603110854149062,1.603110854149062,NA,NA
hubei,2.841006153343338,2.792607652582119,2.8898146887849823,2.8409340011318878,2020-02-01,1.5464693680919386,1.5464693680919386,NA,NA
hubei,2.6499402794610067,2.607812501466891,2.692400933683242,2.649881704530285,2020-02-02,1.4996122083826264,1.4996122083826264,0.4572058346072629,0.4572058346072629
hubei,2.3615677337582763,2.325458979343775,2.3979508189460943,2.3615194608457912,2020-02-03,1.513284782491127,1.513284782491127,0.4669731371060349,0.4669731371060349
hubei,2.1574403772234207,2.1258622277438537,2.189248111304188,2.1573999781223403,2020-02-04,1.4712443047152273,1.4712443047152273,0.5285124939666012,0.5285124939666012
hubei,1.8651642963667818,1.8380351960166668,1.8924893903709998,1.865129808133114,2020-02-05,1.4374679628189961,1.4374679628189961,0.6220938020321934,0.6220938020321934
hubei,1.6713614991527042,1.6473900587361177,1.6955036901700407,1.6713314528405934,2020-02-06,1.347894058475579,1.347894058475579,0.859360572745119,0.859360572745119
hubei,1.4704353694468022,1.4492037485000078,1.4918192503378165,1.4704085768625994,2020-02-07,1.4059887270576306,1.4059887270576306,0.949237826642453,0.949237826642453
hubei,1.2286888866755679,1.210165510480698,1.247351002892358,1.2286644731374505,2020-02-08,1.4200529215818827,1.4200529215818827,0.9805432158824704,0.9805432158824704
hubei,1.9538117751908397,1.9312442340723517,1.9765085945879932,1.9537890266057112,2020-02-09,1.4156991715396317,1.4156991715396317,0.9708415852066883,0.9708415852066883
hubei,1.992010857276729,1.9698987998054487,2.014244619928795,1.9919894413002743,2020-02-10,1.390688280885584,1.390688280885584,0.9535510449035576,0.9535510449035576
hubei,1.789292565620181,1.7692948991316724,1.8094010567052305,1.7892730642567374,2020-02-11,1.3896855997971946,1.3896855997971946,0.9364124370824486,0.9364124370824486
hubei,1.5861984529414337,1.5683821062796077,1.6041140313708355,1.5861809915219198,2020-02-12,1.4055668365725873,1.4055668365725873,0.9137547192768658,0.9137547192768658
hubei,1.4002541293851072,1.3843458645742124,1.4162520209298168,1.4002383581250344,2020-02-13,1.4450549758323474,1.4450549758323474,0.8248451192816212,0.8248451192816212
hubei,1.275377549961263,1.260816691657107,1.2900208498032155,1.2753630430515102,2020-02-14,1.4780970745310122,1.4780970745310122,0.6227186950756299,0.6227186950756299
hubei,1.1985621404702476,1.1848910626716227,1.2123105492549306,1.1985485328439838,2020-02-15,1.4275772837586613,1.4275772837586613,0.43031585609200673,0.43031585609200673
hubei,0.5954201177720841,0.5860208496482652,0.6048931291144851,0.5954071414658662,2020-02-16,1.3366815115768125,1.3366815115768125,0.48396274415943724,0.48396274415943724
hubei,0.42115106734077695,0.4133533757418234,0.42902061193235,0.4211384236462954,2020-02-17,1.341638551630894,1.341638551630894,0.4773742212047837,0.4773742212047837
hubei,0.3508390928756035,0.34364725842172633,0.35810437094490133,0.35082616928201155,2020-02-18,1.3073188620922764,1.3073188620922764,0.5520184970458105,0.5520184970458105
hubei,0.324204880228677,0.31706586702342776,0.33142226729504987,0.3241910890755234,2020-02-19,1.2996642279871555,1.2996642279871555,0.6209046316239026,0.6209046316239026
hubei,0.28672965809660034,0.2796931386305838,0.293852377765646,0.2867144897655776,2020-02-20,1.3240086300490115,1.3240086300490115,0.7341959159535696,0.7341959159535696
hubei,0.25505066969007467,0.24802470760210807,0.26217339465119105,0.2550336426760945,2020-02-21,1.3240775763055603,1.3240775763055603,0.754716991899586,0.754716991899586
hubei,0.21556537874180862,0.2086757843865716,0.2225653051237595,0.2155459639956287,2020-02-22,1.317199072333953,1.317199072333953,0.777512333222074,0.777512333222074
hubei,0.2244618660217757,0.21690778199821062,0.23214344337814236,0.2244394314513463,2020-02-23,1.3170470287307756,1.3170470287307756,0.786254621490828,0.786254621490828
hubei,0.23784961855244596,0.22944426379016625,0.24640406305997056,0.23782338372408418,2020-02-24,1.3938674666215989,1.3938674666215989,0.7719662059377267,0.7719662059377267
hubei,0.2854901437650498,0.27549421518441286,0.2956617115233635,0.285459237123446,2020-02-25,1.3948055217170863,1.3948055217170863,0.7845259122490574,0.7845259122490574
hubei,0.33056096481718283,0.3188735380082123,0.34245580092221717,0.3305244676905926,2020-02-26,1.3775914627344938,1.3775914627344938,0.804527199683782,0.804527199683782
hubei,0.36283669385615186,0.3495603048217668,0.3763570680299772,0.3627937605867015,2020-02-27,1.33765548555011,1.33765548555011,0.7631484188400524,0.7631484188400524
hubei,0.3655069286398129,0.3511232655578263,0.3801752798187584,0.36545683296804904,2020-02-28,1.3542739815785025,1.3542739815785025,0.5546069084858144,0.5546069084858144
hubei,0.3729942820265041,0.3573785132084579,0.3889392873707538,0.37293634726718805,2020-02-29,1.4670175004225112,1.4670175004225112,0.07196322939464773,0.07196322939464773
hubei,0.3736366692268881,0.35689645574703205,0.3907551589951758,0.3735701050307527,2020-03-01,1.4885482933919214,1.4885482933919214,0.3269319394198264,0.3269319394198264
hubei,0.38348847220275506,0.3653625557352285,0.4020470350985601,0.3834123405898361,2020-03-02,1.4824095044786207,1.4824095044786207,0.5136843395044476,0.5136843395044476
hubei,0.34637848200508375,0.3280109338295824,0.365239346958609,0.34629167422448565,2020-03-03,1.4954764747338178,1.4954764747338178,0.6005379871316314,0.6005379871316314
hubei,0.23743165614038994,0.2212715870844797,0.2541531831143703,0.2373328571047843,2020-03-04,1.560867726550617,1.560867726550617,0.3454394269916082,0.3454394269916082
hubei,0.21709351320368356,0.20061049751981366,0.23421801931666514,0.21698063050379832,2020-03-05,1.6047293456143314,1.6047293456143314,0.061111512346491044,0.061111512346491044
hubei,0.21311940714288735,0.19558429292188337,0.23139654333668833,0.21298883350567008,2020-03-06,1.6073917786040222,1.6073917786040222,-0.15955110124545205,-0.15955110124545205
hubei,0.20269779837602148,0.18423913316499282,0.22202503625884398,0.20254495478621398,2020-03-07,1.6560325163089402,1.6560325163089402,-0.44313924495667273,-0.44313924495667273
hubei,0.17110878332897106,0.1527608982894892,0.1904821700813167,0.17092832271891178,2020-03-08,1.6631275680243367,1.6631275680243367,-0.708085436088694,-0.708085436088694
hubei,0.1255791704662393,0.10857104786484711,0.14380676736612982,0.12536457057517222,2020-03-09,1.684332033631908,1.684332033631908,-0.8395328962634007,-0.8395328962634007
hubei,0.09657472377730736,0.08038794949807714,0.11422419036182888,0.09631731362692839,2020-03-10,1.8556447101571742,1.8556447101571742,-0.9040638093003914,-0.9040638093003914
hubei,0.08249187487140534,0.06616089585092766,0.10059713399496818,0.08217961693921311,2020-03-11,2.0110444902822375,2.0110444902822375,-0.9057347257675933,-0.9057347257675933
hubei,0.06446078158267951,0.04869298166437704,0.08240627177859364,0.06407749513193273,2020-03-12,2.168075630049011,2.168075630049011,-0.887354345891529,-0.887354345891529
hubei,0.05716884936745068,0.04084226414316415,0.07619790658648262,0.056693154533247386,2020-03-13,2.344092573601487,2.344092573601487,-0.8551339940615338,-0.8551339940615338
hubei,0.050207915466561434,0.03336279520304737,0.07044095666537126,0.049611483732284765,2020-03-14,2.8059197434510734,2.8059197434510734,-0.7898508517167262,-0.7898508517167262
hubei,0.04541093731490746,0.027738180254955887,0.0673690635809536,0.04465637197724339,2020-03-15,3.2120078918370796,3.2120078918370796,-0.7541423579350368,-0.7541423579350368
hubei,0.043476337377061816,0.02433337599463957,0.0680828461834854,0.04251410678408326,2020-03-16,3.397618051715396,3.397618051715396,-0.7683787197480711,-0.7683787197480711
hubei,0.040988103962544764,0.020461113818846275,0.06852598412349435,0.039752955037743724,2020-03-17,3.637987410174075,3.637987410174075,-0.8077178946834497,-0.8077178946834497
hubei,0.033735945890743115,0.013563599946140125,0.06293910128360794,0.0321437879225579,2020-03-18,3.8101555631232045,3.8101555631232045,-0.8093149563891359,-0.8093149563891359
hubei,0.018801414032557872,0.0038773035776539086,0.04527811469893101,0.016758705035449416,2020-03-19,3.952209233733311,3.952209233733311,-0.8204656746734104,-0.8204656746734104
hubei,0.024587876195406897,0.005070611187768868,0.05921324197482657,0.02191648797762861,2020-03-20,4.130828452425216,4.130828452425216,-0.8274995609152835,-0.8274995609152835
hubei,0.021576157998165913,0.002612972831243182,0.06010732905616727,0.018106139916172832,2020-03-21,4.120270263647118,4.120270263647118,-0.866457618131345,-0.866457618131345
hubei,0.028559210311966676,0.0034586528627234053,0.07956086769255158,0.023966132332171028,2020-03-22,4.0676077640696295,4.0676077640696295,-0.9238728621999239,-0.9238728621999239
hubei,0.03799220069887676,0.0046010317607862285,0.10583949696556043,0.03188204784353434,2020-03-23,4.2657622693932735,4.2657622693932735,-0.9259540443308953,-0.9259540443308953
hubei,0.050734578765269524,0.006144192859983946,0.14133749023479145,0.04257511378022665,NA,NA,NA,NA,NA
hubei,0.06790736197018019,0.00822389657531061,0.18917780225862493,0.0569860582813119,NA,NA,NA,NA,NA
hubei,0.09095363192683228,0.011014906784975688,0.2533806011035121,0.07632587718774111,NA,NA,NA,NA,NA
hubei,0.06083802420662588,0.0015402854150069335,0.22442413752470847,0.04216970494966043,NA,NA,NA,NA,NA
hubei,0.08122841562105083,0.0020565254295618575,0.2996418334747219,0.056303247269082805,NA,NA,NA,NA,NA
hubei,0.10870619381388927,0.0027522025416830483,0.40100404489498354,0.07534939175150031,NA,NA,NA,NA,NA
hubei,0.14590470462977398,0.0036939872958211477,0.5382248671673356,0.10113343464455943,NA,NA,NA,NA,NA
guangdong,26.017178361222506,18.587053660272908,34.677180813455514,25.800692679178574,2020-01-20,4.234273725126604,5.747698545884738,NA,NA
guangdong,16.59509966012119,12.807747564295106,20.865547601406725,16.510074608153893,2020-01-21,4.190426491351404,5.522303373669089,NA,NA
guangdong,10.008317845622516,7.9942888237468965,12.245202289926414,9.969097020644801,2020-01-22,4.148350637331459,5.368995447693088,NA,NA
guangdong,8.366572021282629,7.005155914343973,9.847087794867369,8.34561253760886,2020-01-23,3.9668633802772435,4.792658357613655,NA,NA
guangdong,6.625402124271797,5.680122337618898,7.64236974646812,6.612786592997319,2020-01-24,3.212132209338548,3.7747311754267363,NA,NA
guangdong,5.213944334643637,4.5417572416992265,5.931842132672899,5.205900335448365,2020-01-25,2.7098114777544384,2.5738514485381105,NA,NA
guangdong,4.574039666570202,4.053917584631493,5.125098900156758,4.568595535197292,2020-01-26,2.9256560486501964,2.0204877561264154,NA,NA
guangdong,3.9779390638348278,3.5668838245425243,4.411087683945867,3.9740512368220937,2020-01-27,2.4380839988339447,1.876848530336319,NA,NA
guangdong,3.8248809005721167,3.4769522571255864,4.189162405152141,3.822003271654237,2020-01-28,2.514696504464267,1.8175554958593882,NA,NA
guangdong,3.336089917069538,3.0522549970825006,3.632363182889127,3.3339011372299714,2020-01-29,2.4390002670982898,1.7662976540476594,NA,NA
guangdong,2.7403625308377193,2.513869151181763,2.9764855801382697,2.7386679971066443,2020-01-30,2.37074856221559,1.662974931553152,NA,NA
guangdong,2.475196899615426,2.2827991332605255,2.675267706834811,2.4738466777423147,2020-01-31,2.3112643612162342,1.603110854149062,NA,NA
guangdong,2.1086933248661834,1.9473503978260267,2.2763659741774322,2.1075794869496307,2020-02-01,2.313512193489453,1.5464693680919386,NA,NA
guangdong,1.7987215059902708,1.6615210650646248,1.941287211020645,1.7977773833919621,2020-02-02,2.240014760916511,1.4996122083826264,0.8439398835198149,0.8612206553645418
guangdong,1.5488320460038703,1.4299560344941116,1.6723868852931232,1.5480087150219657,2020-02-03,2.287227617310663,1.513284782491127,0.919946792264502,0.925605189298067
guangdong,1.23445427361752,1.1340523692627877,1.3390539013897431,1.2337156004554208,2020-02-04,2.1390530610011242,1.4712443047152273,0.9720027095128181,0.9651628929882795
guangdong,1.057282983835386,0.9680982751952475,1.1503410747747298,1.0566013837638208,2020-02-05,2.2072455043716563,1.4374679628189961,0.9487301701183266,0.9342207804497294
guangdong,0.9125450649518194,0.831815307105145,0.9969600557927022,0.9118965719362162,2020-02-06,2.185432510429252,1.347894058475579,0.9380770663114505,0.8962384755828612
guangdong,0.7243013517647366,0.6533897942607132,0.7988134057113201,0.7236677659477863,2020-02-07,2.2133152198667245,1.4059887270576306,0.9013815231243535,0.9290702459895834
guangdong,0.6658594909218449,0.5979200892883947,0.7374019844729922,0.6652254465073864,2020-02-08,2.0750996691264687,1.4200529215818827,0.8930218669012987,0.9838846065077583
guangdong,0.5813591746482144,0.5172197574425461,0.6491932431189331,0.5807090142165799,2020-02-09,2.061177597841324,1.4156991715396317,0.9433878038140768,0.9805788868727582
guangdong,0.4974341254943937,0.43697193913081184,0.5617570262717833,0.49675473596580905,2020-02-10,2.4210104913429844,1.390688280885584,0.7498356155669583,0.976343818669782
guangdong,0.4766778558410489,0.41576592727727757,0.5416928665850858,0.47595581153103655,2020-02-11,2.3604968920619824,1.3896855997971946,0.5235455851822143,0.9655420925476934
guangdong,0.4609186771079011,0.39879910052446593,0.5274687192606468,0.46013901590345335,2020-02-12,2.435311518271712,1.4055668365725873,0.19624469201006003,0.9485973642511464
guangdong,0.4395378287970408,0.3763035815031673,0.5076108570097659,0.43868630539979153,2020-02-13,2.351197833957054,1.4450549758323474,-0.009213082209846329,0.8968225219311458
guangdong,0.42762357877587687,0.36234507978776126,0.4982288263522645,0.4266861742511556,2020-02-14,2.360737419123312,1.4780970745310122,-0.16726376160124065,0.7392104140983893
guangdong,0.35220644975058446,0.2902679641536708,0.4200454741663169,0.3511680392813759,2020-02-15,2.174158147444991,1.4275772837586613,-0.24455395912625824,0.5896883616317464
guangdong,0.3196740961206816,0.25770243987998975,0.388222767809436,0.3185166056533166,2020-02-16,2.0027401178894815,1.3366815115768125,-0.10695331377714293,0.5258588192114632
guangdong,0.2856470398546781,0.22390168106670708,0.3547974302028921,0.2843437795856701,2020-02-17,2.5809499807411402,1.341638551630894,-0.37235172736736716,0.34872624472164654
guangdong,0.20486104325519788,0.1499840311730975,0.268161059223828,0.20337847054790895,2020-02-18,2.64719394945549,1.3073188620922764,-0.45919671506435394,0.30545507014957646
guangdong,0.13841552084313916,0.09121670041625216,0.1952992968710564,0.136710488649347,2020-02-19,2.7285069751802755,1.2996642279871555,-0.6099279457730823,0.369299148030615
guangdong,0.14386300786456793,0.09217574368205035,0.20687076671440718,0.14186991941481514,2020-02-20,2.8560909594911457,1.3240086300490115,-0.7180001315245956,0.6959226753836092
guangdong,0.14264107034179477,0.08712887147567587,0.21161411557028173,0.14027089227960604,2020-02-21,3.0221991593454938,1.3240775763055603,-0.7795810619484764,0.7680968075770346
guangdong,0.1461262506198308,0.08512392590692439,0.2233410599291561,0.14327123321675328,2020-02-22,2.8643148281646624,1.317199072333953,-0.780089806059528,0.8040460037173939
guangdong,0.16722214134710228,0.09558190233350947,0.2585695235678658,0.16375154555476618,2020-02-23,2.746472202413777,1.3170470287307756,-0.7450091222063322,0.824504035679807
guangdong,0.20444646694894564,0.11685882072149303,0.31612814623868196,0.2002033024837916,2020-02-24,3.374028360828952,1.3938674666215989,-0.6987956987894391,0.8059166667827186
guangdong,0.17205198862556945,0.08588773282227366,0.2876452116874013,0.16686731775240715,2020-02-25,3.3740953929228428,1.3948055217170863,-0.6916545103651429,0.7840702539381591
guangdong,0.15282219790196913,0.06597777805440604,0.27551311855024185,0.14650394450767804,2020-02-26,3.4258889480452788,1.3775914627344938,-0.7145117481748189,0.7633665542998664
guangdong,0.11677463312056788,0.037916405516462734,0.23919155202840586,0.10908873422562052,2020-02-27,3.4570794402722766,1.33765548555011,-0.7359998036809215,0.6994540256657186
guangdong,0.08604629981985931,0.017744815658954582,0.20721921372060534,0.07669766516368151,2020-02-28,3.54089100306037,1.3542739815785025,-0.7871405415149018,0.4072049279741501
guangdong,0.1065468985497371,0.021972531971236036,0.2565893546621738,0.09497094432072745,2020-02-29,3.4248992295403555,1.4670175004225112,-0.7481289691071855,-0.17146324044502376
guangdong,0.13327053960259297,0.027483589218459496,0.320946007979257,0.11879115364660597,2020-03-01,3.3026564759232677,1.4885482933919214,-0.5742450446876208,-0.20822400352629025
guangdong,0.16781578017325102,0.034607648325055584,0.40413886582238723,0.1495831725926159,2020-03-02,3.772272186943545,1.4824095044786207,-0.2933857322543232,-0.10182745925068412
guangdong,0.1411815318380675,0.017097738485115067,0.39330657439409916,0.11847579950318099,2020-03-03,3.725588383329194,1.4954764747338178,-0.11339186380238417,0.017901914497034845
guangdong,0.17804930418226672,0.021562596755620885,0.4960136144541979,0.14941425687443413,2020-03-04,3.5335300586605936,1.560867726550617,-0.08768436318105655,0.16161556551724726
guangdong,0.22498530879600798,0.027246764663236122,0.6267689544058125,0.18880170790787448,2020-03-05,3.719241832559471,1.6047293456143314,0.09152518372503056,0.4219824613038276
guangdong,0.2842389660356527,0.03442265744878899,0.7918390782799251,0.2385258065456928,2020-03-06,3.7936462470480277,1.6073917786040222,0.27740137215350613,0.5899811448076029
guangdong,0.3575513996128841,0.04330113327131077,0.9960744462870393,0.3000476576582642,2020-03-07,3.5793674587355246,1.6560325163089402,0.2610718828138347,0.7185039927911481
guangdong,0.44597652438720475,0.05400982610968491,1.2424110773079349,0.3742516786616786,2020-03-08,3.441741024950222,1.6631275680243367,0.1503959877727654,0.7979231153345073
guangdong,0.2746653723543105,0.006953925157199914,1.0132074488343696,0.19038352844483786,2020-03-09,3.958013935206038,1.684332033631908,0.24494271453334435,0.8219846372003013
guangdong,0.33477999761887156,0.008475895696695612,1.2349630548645671,0.23205181145738601,2020-03-10,3.9515506198616737,1.8556447101571742,0.3422360339947441,0.8192692332088047
guangdong,0.4123451295498363,0.010439674813199889,1.5210914764003403,0.28581586396509445,2020-03-11,3.9098741072518557,2.0110444902822375,0.41758504306191907,0.8418569372459616
guangdong,0.5140303703945505,0.013014122215742632,1.8961960721390332,0.35629870196116703,2020-03-12,3.9105903298421825,2.168075630049011,0.4620434438856122,0.8793361114642678
guangdong,0.6452170428201164,0.016335481198311047,2.3801278927032787,0.44723037407998917,2020-03-13,4.000060708662909,2.344092573601487,0.5383570123929166,0.9154063606187608
guangdong,0.8116523993170933,0.02054925959589834,2.994087859723104,0.5625945721813581,2020-03-14,3.7389307750270473,2.8059197434510734,0.3523262809429344,0.9495419711532086
guangdong,1.0187012030775289,0.025791281452881964,3.7578659379138437,0.7061098667462133,2020-03-15,3.6055919606361533,3.2120078918370796,-0.01898854022389303,0.9721882116764343
guangdong,1.2701318749972361,0.032156954925906096,4.685363377692513,0.8803883280936511,2020-03-16,4.0848046953732435,3.397618051715396,0.29124837614870813,0.9781460929676753
guangdong,1.5665349052406063,0.03966122993156941,5.778758426094393,1.0858392528162673,2020-03-17,4.048102227081957,3.637987410174075,0.42192051253709045,0.976318096444924
guangdong,3.8074614714355657,0.46110124804017566,10.606908771789229,3.1951207500941443,2020-03-18,3.952121691054207,3.8101555631232045,0.30712868353865075,0.8143070541889589
guangdong,4.371093398280623,0.5293596892229187,12.177086821853438,3.6681057240429906,2020-03-19,3.9471553069209824,3.952209233733311,0.29930108330267596,0.8293692139356053
guangdong,6.2588294277351775,1.290721096299461,15.072695926982048,5.578829127690593,2020-03-20,4.120409779712317,4.130828452425216,0.437599907131974,0.8257377411747686
guangdong,5.220946708787078,1.0766847279500344,12.573236433605999,4.653708798011054,2020-03-21,3.8556373149360357,4.120270263647118,0.32852328994391794,0.849622676882396
guangdong,3.956842316261274,0.8159960119215035,9.528983295140378,3.5269450018587607,2020-03-22,3.758508374973164,4.0676077640696295,0.16092578235542437,0.8617120279991123
guangdong,3.0545438111145176,0.6299203680332797,7.356041667560533,2.7226781272770824,2020-03-23,4.201380105597488,4.2657622693932735,0.21273589720630418,0.841199044552325
guangdong,2.489601688175636,0.5134157205293645,5.995531538035757,2.219115023776549,NA,NA,NA,NA,NA
guangdong,1.422069515321333,0.17221921567267293,3.961632108247893,1.1933630453170057,NA,NA,NA,NA,NA
guangdong,1.2812025960374163,0.15515957822743873,3.5692019883328143,1.0751512603304647,NA,NA,NA,NA,NA
guangdong,0.6183431779527397,0.015655093847803052,2.280993444741379,0.42860283041641806,NA,NA,NA,NA,NA
guangdong,0.6296445004376211,0.015941218560443813,2.322682661060173,0.4364363102334123,NA,NA,NA,NA,NA
guangdong,0.6854182810277513,0.017353288427982644,2.528425414357363,0.47509574899863005,NA,NA,NA,NA,NA
guangdong,0.7821987965761562,0.01980355893725774,2.8854370697224283,0.5421788904841448,NA,NA,NA,NA,NA
zhejiang,38.715620159650335,26.305385540409613,53.486085588833774,38.30012835491237,2020-01-20,4.2446551368310965,5.747698545884738,NA,NA
zhejiang,22.71617824602233,16.86038534283709,29.431352490415115,22.564917856381317,2020-01-21,4.0210228446923475,5.522303373669089,NA,NA
zhejiang,16.634997378016262,13.410155729645552,20.202089574871792,16.574764624961333,2020-01-22,3.761542842949277,5.368995447693088,NA,NA
zhejiang,9.936310429329735,8.210565566917257,11.82421657352093,9.907772445361394,2020-01-23,3.405513156702109,4.792658357613655,NA,NA
zhejiang,7.356983825173519,6.2644538882057,8.536036371899458,7.34175759370998,2020-01-24,2.8487531636743944,3.7747311754267363,NA,NA
zhejiang,7.752552342689989,6.869465589435214,8.688262451055904,7.7432920039149815,2020-01-25,2.186392478647377,2.5738514485381105,NA,NA
zhejiang,7.2715387484460905,6.58133960666577,7.9956592624091725,7.265569555959199,2020-01-26,1.9156832647725293,2.0204877561264154,NA,NA
zhejiang,5.708814596787191,5.2169142460922915,6.222558723534018,5.704970737758204,2020-01-27,1.7966198222067284,1.876848530336319,NA,NA
zhejiang,4.103175467916077,3.7637361722550526,4.457060172449461,4.1006335080602,2020-01-28,1.6433887850793099,1.8175554958593882,NA,NA
zhejiang,2.99924003065496,2.755516799874277,3.25314380890745,2.997448560341479,2020-01-29,1.6038351647202371,1.7662976540476594,NA,NA
zhejiang,2.4340452800813375,2.2426858213867766,2.633127135179633,2.4326863724740013,2020-01-30,1.5030584260066235,1.662974931553152,NA,NA
zhejiang,2.164106502248537,2.0017686623684208,2.332683353999874,2.163008627464969,2020-01-31,1.506299194701063,1.603110854149062,NA,NA
zhejiang,1.667902835017422,1.5370973899977243,1.8039735122219924,1.6669763139042972,2020-02-01,1.4695333989890187,1.5464693680919386,NA,NA
zhejiang,1.2766011577475471,1.1699205078194757,1.3878699346738872,1.2757937842440261,2020-02-02,1.3633908994247865,1.4996122083826264,0.8828273838117656,0.854736710959186
zhejiang,1.0316668737955645,0.9404937087496772,1.126997471683806,1.0309352874859645,2020-02-03,1.3754072006275058,1.513284782491127,0.938051853284631,0.9167052629668949
zhejiang,0.931612900996807,0.8475151475716026,1.0196317157683992,0.9309229083153904,2020-02-04,1.216324828307478,1.4712443047152273,0.9376416419437087,0.9121913874966331
zhejiang,0.8374392467598326,0.7587964853215772,0.9199039142527791,0.8367667009279075,2020-02-05,1.2067000575213527,1.4374679628189961,0.906120293365546,0.8428431273853094
zhejiang,0.7666606791029388,0.6916019998669786,0.8455304226714936,0.7659900392766983,2020-02-06,1.0230228168032072,1.347894058475579,0.8869263376131005,0.7957380394486
zhejiang,0.614549656356411,0.547077264060739,0.685888715163848,0.6138692261013293,2020-02-07,1.058636454592993,1.4059887270576306,0.9439919059787749,0.9366900531523363
zhejiang,0.5240503032822338,0.46097497298463097,0.5911112741874215,0.5233489305885889,2020-02-08,1.0266911887746208,1.4200529215818827,0.9125209235496203,0.9672734808141229
zhejiang,0.4513843752804748,0.391564796779222,0.5153939448772239,0.45064703374546544,2020-02-09,1.0725838574167683,1.4156991715396317,0.9019129271310328,0.9581722536049726
zhejiang,0.38423923755209066,0.32734800911562373,0.4456214714754088,0.38344891169463513,2020-02-10,1.2967501464179885,1.390688280885584,0.866708221405987,0.9716040314121062
zhejiang,0.32868253737854675,0.27400782219613634,0.388257030339033,0.3278202572468314,2020-02-11,1.2553557678229041,1.3896855997971946,0.8404072954200943,0.9661879842243083
zhejiang,0.30151502619159837,0.24660941938426273,0.36185653057706274,0.3005583777255092,2020-02-12,1.3682503311835454,1.4055668365725873,0.6999315241526493,0.9422411624830611
zhejiang,0.25882269059720275,0.20523029678424806,0.31853816848133665,0.25774506520468415,2020-02-13,1.4676770001743071,1.4450549758323474,0.4688940792949817,0.8717292504970746
zhejiang,0.2067796010007009,0.15619908838957938,0.26434578638294864,0.20555008101337743,2020-02-14,1.6154842008018127,1.4780970745310122,0.05378711284081013,0.6578593459711071
zhejiang,0.18354065185867627,0.13282927982136683,0.24232402220915758,0.18211983357538114,2020-02-15,1.487756407530068,1.4275772837586613,-0.29732315283665844,0.44978073006946867
zhejiang,0.15504786947994953,0.10534750488486086,0.21420045922482275,0.15338391268821144,2020-02-16,1.510672867352275,1.3366815115768125,-0.5331325500093231,0.3917998040550611
zhejiang,0.29077539442669226,0.2151172375381361,0.3776581101547235,0.28879974059047364,2020-02-17,2.078581906919993,1.341638551630894,-0.6018916637618185,0.2015180973974984
zhejiang,0.31243078559031146,0.2270126870998737,0.41127762198756596,0.3100670999450077,2020-02-18,2.267319452675615,1.3073188620922764,-0.5657896610195349,0.036552276839648526
zhejiang,0.329422124666748,0.23425133367319714,0.44056381896627456,0.32661086926273497,2020-02-19,2.4466554837022834,1.2996642279871555,-0.5145037278709454,-0.09466742915478146
zhejiang,0.3483903705306992,0.2426666581228899,0.47293089070146427,0.3450780435270051,2020-02-20,2.7581757312184068,1.3240086300490115,-0.340685188903336,0.05209171612022247
zhejiang,0.3955255360643313,0.27391293170507247,0.539127704299938,0.39165466600396737,2020-02-21,2.9634328481784906,1.3240775763055603,-0.0504304451039769,-0.08339604227267616
zhejiang,0.4450871722665281,0.30637752961555154,0.6092899737793647,0.44059950510947116,2020-02-22,2.7131220637964093,1.317199072333953,0.3150552395598257,-0.3402048316264077
zhejiang,0.4799530515495804,0.3261048127408281,0.6630607978884213,0.47480224784927794,2020-02-23,2.6150036883388528,1.3170470287307756,0.6129992102604358,-0.5382501904219215
zhejiang,0.05270969187543878,0.010870005656583578,0.12693702028733744,0.04698296506423601,2020-02-24,3.5211228743245595,1.3938674666215989,0.1552122323148749,-0.5492697996322243
zhejiang,0.01990233221914515,5.038834255638628e-4,0.07341730441215435,0.013795245464267821,2020-02-25,3.5980200836674223,1.3948055217170863,-0.10900828320528357,-0.5537296744382574
zhejiang,0.023306449225562395,5.900682062883902e-4,0.08597468169652676,0.016154799569562093,2020-02-26,3.5538753337981523,1.3775914627344938,-0.25057685887255776,-0.5529064764802037
zhejiang,0.028255066375650385,7.153563450820817e-4,0.1042295338277622,0.019584919594816175,2020-02-27,3.7286742652954503,1.33765548555011,-0.37200479089156474,-0.5334447504851123
zhejiang,0.035143823017923244,8.897645630016475e-4,0.12964132666983347,0.024359841838971205,2020-02-28,3.878355403521004,1.3542739815785025,-0.4915545876230296,-0.6661549928519166
zhejiang,0.04455232360859784,0.0011279671743764247,0.16434815119279178,0.03088131749669388,2020-02-29,3.5373716350008717,1.4670175004225112,-0.6208214450805216,-0.7118232585677883
zhejiang,0.05730490559270996,0.0014508345963540898,0.21139088886088653,0.03972073374384075,2020-03-01,3.277598778107025,1.4885482933919214,-0.8233237965179401,-0.6941616463389519
zhejiang,0.07453857984688347,0.001887153451985055,0.2749638357359994,0.051666206463809636,2020-03-02,4.321064531985359,1.4824095044786207,-0.8269896100036173,-0.6821337436377565
zhejiang,0.09779812444868353,0.0024760341360154548,0.3607654919296264,0.06778849422565565,2020-03-03,4.324739672302598,1.4954764747338178,-0.803286040406446,-0.6456396512174979
zhejiang,0.1291585950149598,0.003270012508109412,0.47645048747290775,0.08952591597970319,2020-03-04,4.362903960257975,1.560867726550617,-0.746461011609219,-0.5372222573824784
zhejiang,0.1713727805005494,0.004338783150446767,0.632173528982854,0.1187865596286742,2020-03-05,4.544200834931149,1.6047293456143314,-0.6281481761386639,-0.3854143553574143
zhejiang,0.22803278727177415,0.005773290322269199,0.8411854638311814,0.15806028357265603,2020-03-06,4.5656328429492765,1.6073917786040222,-0.4578110442901163,-0.17533698942197215
zhejiang,0.30371790314035135,0.007689471553098567,1.1203787327410084,0.2105212082473131,2020-03-07,4.163670212654698,1.6560325163089402,-0.16390420270293904,0.23012924556057632
zhejiang,0.4040714814219608,0.010230204178568758,1.4905709858108518,0.28008100809231246,2020-03-08,3.8497127941432803,1.6631275680243367,0.4402403150729901,0.8948143650255915
zhejiang,0.5357061788231767,0.013562906171442844,1.9761555165027023,0.3713232274598268,2020-03-09,4.7643495241415375,1.684332033631908,0.5829079345998783,0.876542444715804
zhejiang,0.7057868431435053,0.017868975772545384,2.6035625846560113,0.489214160401225,2020-03-10,4.881522952762769,1.8556447101571742,0.6642650459248042,0.9204890042501203
zhejiang,0.9211122284751406,0.023320542532514955,3.397871974555047,0.6384663441468319,2020-03-11,4.977086627157051,2.0110444902822375,0.7108235721617803,0.954510947305844
zhejiang,1.1865720475471202,0.030041403259323668,4.377121247022476,0.8224690692885277,2020-03-12,4.882211635000871,2.168075630049011,0.6995950677951184,0.9796436787716762
zhejiang,1.5030773906219392,0.038054624761293725,5.544671304208458,1.0418538554729968,2020-03-13,5.020781139968625,2.344092573601487,0.7060034253317052,0.9929481854347877
zhejiang,1.8654793219071848,0.04722984727070939,6.88152834265781,1.2930517323728437,2020-03-14,4.5761086125152515,2.8059197434510734,0.5703481876100325,0.9871742092886978
zhejiang,2.261438059927079,0.05725465456959881,8.34217239601628,1.5675094152494073,2020-03-15,4.392236803207251,3.2120078918370796,0.3634724855619807,0.9865960352802428
zhejiang,2.6722666509349624,0.06765593395119276,9.85766954454784,1.8522740947999368,2020-03-16,5.228864525013074,3.397618051715396,0.5150495162125934,0.9908350523758789
zhejiang,3.076063869620888,0.07787919439847334,11.347228808186701,2.1321649984500337,2020-03-17,5.235533083493115,3.637987410174075,0.5935281061948628,0.9931981694747923
zhejiang,3.4521887214074356,0.08740185117412463,12.734708046123746,2.3928748790044065,2020-03-18,5.293470934286212,3.8101555631232045,0.6450170929110016,0.9942011447907009
zhejiang,3.785252287426245,0.09583429058515171,13.963339391724451,2.623736950737585,2020-03-19,5.321421941781419,3.952209233733311,0.6916605277546356,0.9940918975088825
zhejiang,4.067107077905778,0.10297023604996478,15.003067737367989,2.819103804085788,2020-03-20,5.407863055603975,4.130828452425216,0.7309383097081092,0.9938899601784459
zhejiang,4.296525639254755,0.1087786111342302,15.849365154720607,2.97812463305295,2020-03-21,4.936796250653652,4.120270263647118,0.6231096267142366,0.9911945306391898
zhejiang,4.477356815247712,0.11335686012559322,16.51642956450429,3.1034672528498075,2020-03-22,4.576975825344257,4.0676077640696295,0.32049054414403866,0.9850336169757755
zhejiang,4.616266434152807,0.11687374718420328,17.028850403662084,3.1997520635465304,2020-03-23,5.470968805996165,4.2657622693932735,0.3834169981139757,0.9833245235883626
zhejiang,4.720843472479361,0.11952140856012071,17.414622491717,3.2722393428138905,NA,NA,NA,NA,NA
zhejiang,4.798361799461781,0.12148400267792502,17.700578255439737,3.325970952603479,NA,NA,NA,NA,NA
zhejiang,4.85514873657256,0.12292172344771167,17.91005842100975,3.3653326579544505,NA,NA,NA,NA,NA
zhejiang,4.89637925767066,0.12396558986396558,18.062152843170942,3.393911477406616,NA,NA,NA,NA,NA
zhejiang,4.926114079425647,0.12471841037160541,18.171841016214653,3.414522085270537,NA,NA,NA,NA,NA
zhejiang,4.947449390235791,0.1252585736739818,18.250544405909327,3.4293105958049592,NA,NA,NA,NA,NA
zhejiang,4.962698575243387,0.125644649611921,18.30679681117583,3.439880525398811,NA,NA,NA,NA,NA
henan,26.862100883866677,12.881421493286329,45.89337138930554,25.972198739776715,2020-01-20,6.4698340308140745,5.747698545884738,NA,NA
henan,36.323149810748355,25.003184994530955,49.72358759088674,35.956915471491904,2020-01-21,6.2922028627940865,5.522303373669089,NA,NA
henan,36.78465485000447,29.34088132672756,45.05725563450541,36.63878742312992,2020-01-22,6.264678700811992,5.368995447693088,NA,NA
henan,20.504159576624577,17.118720764699393,24.19052429125583,20.45120165977287,2020-01-23,5.964915844264001,4.792658357613655,NA,NA
henan,10.941108140659543,9.353704158628188,12.651097739359992,10.919535629047518,2020-01-24,4.678613283364564,3.7747311754267363,NA,NA
henan,6.764575095248295,5.87230846280302,7.7190247089013875,6.753632335208236,2020-01-25,3.8064643035602748,2.5738514485381105,NA,NA
henan,5.407829093606042,4.786404564336704,6.066630961668426,5.40125165083439,2020-01-26,3.058411284613783,2.0204877561264154,NA,NA
henan,4.552237556843079,4.083837513804825,5.045700175867527,4.5478272346222814,2020-01-27,2.342716895690194,1.876848530336319,NA,NA
henan,3.676755670804585,3.321303592944249,4.0500175132962335,3.6736216572428773,2020-01-28,2.336707370393504,1.8175554958593882,NA,NA
henan,2.8700490750057814,2.599250873026636,3.15407306511296,2.867721714993828,2020-01-29,2.2451399021444933,1.7662976540476594,NA,NA
henan,2.3879539501714433,2.16977108663397,2.6164392596002073,2.386141018250794,2020-01-30,2.2850806579221317,1.662974931553152,NA,NA
henan,2.258511280743012,2.0663568770563705,2.459086364050087,2.257029490958681,2020-01-31,2.173075848428066,1.603110854149062,NA,NA
henan,2.10464453750812,1.9337674261539317,2.282652824896519,2.1033896649501895,2020-02-01,2.0685408806995627,1.5464693680919386,NA,NA
henan,1.8648940081985206,1.7154322072815915,2.0205095319494526,1.8638111386539824,2020-02-02,2.0233826566729127,1.4996122083826264,0.936468854877034,0.954924739375173
henan,1.6032124029593395,1.4735002576469691,1.7383181301401345,1.6022632948803472,2020-02-03,2.083093681032688,1.513284782491127,0.9338870877068867,0.9604349240818971
henan,1.4265219315784627,1.3108031912312141,1.5470655321282674,1.4256729012936717,2020-02-04,1.982395169685613,1.4712443047152273,0.921176134128433,0.9478617818914103
henan,1.2644989172243224,1.1602703733483095,1.3731463352128168,1.2637213276973729,2020-02-05,1.7952290755777638,1.4374679628189961,0.973790200759163,0.9831833080129375
henan,1.1111787738930266,1.0167304012263112,1.2097619499884664,1.1104511711985756,2020-02-06,1.6585698209452426,1.347894058475579,0.9750179822032555,0.9798272066669647
henan,0.9003420564385121,0.8174317623492393,0.9871996633994431,0.8996474434382549,2020-02-07,1.8426301582344369,1.4059887270576306,0.9403077819390862,0.9699181326772757
henan,0.7578770453225603,0.6829075174436637,0.8366947607155218,0.7571998723806507,2020-02-08,1.7680300749531541,1.4200529215818827,0.9219291540968816,0.9773423493954226
henan,0.6496634993567636,0.5804248916046221,0.7227470588786558,0.6489868920088402,2020-02-09,1.8439729544034977,1.4156991715396317,0.8824756468883138,0.963854337417932
henan,0.5649635744898669,0.4998115745184435,0.634049142672143,0.5642713682110886,2020-02-10,1.989198261503227,1.390688280885584,0.850691792059551,0.9557307501246255
henan,0.5056289090082793,0.44278458339290305,0.5725827616534097,0.5049057328851974,2020-02-11,1.9593456797834687,1.3896855997971946,0.7714987039730822,0.9301416682810386
henan,0.4595013720698859,0.3978734484670243,0.5255017634813425,0.4587319176507747,2020-02-12,1.9772034249427441,1.4055668365725873,0.6605274648409365,0.9022632829986436
henan,0.4341311214880651,0.37202063439850697,0.5009659569603623,0.43329973650937265,2020-02-13,2.006452165313346,1.4450549758323474,0.46635487769520617,0.8426826006180227
henan,0.4177548892704576,0.3541829031618494,0.48649669753995284,0.41684510125291907,2020-02-14,1.934283937122632,1.4780970745310122,0.27385970988118835,0.6710132840076783
henan,0.38622173149022543,0.3222155387403022,0.45594050224402066,0.3852164127017112,2020-02-15,1.7359419841765562,1.4275772837586613,0.20639729508720286,0.5089706009084245
henan,0.3292716074358076,0.2673186070805212,0.3975846266679235,0.32815231573853454,2020-02-16,1.8495112013325008,1.3366815115768125,0.08018313104441029,0.4467158530551821
henan,0.3205823227396928,0.25606977309275686,0.39223328566038795,0.31932601739796923,2020-02-17,2.1017998126171142,1.341638551630894,-0.35196172659972175,0.2887924657713986
henan,0.2565195228202029,0.19575142002980875,0.3253766366237467,0.25509583045136763,2020-02-18,2.1312759629398292,1.3073188620922764,-0.6626759382112488,0.22024436607709327
henan,0.20537108870374662,0.148013416553303,0.2719755222344554,0.20374347918331726,2020-02-19,2.195077201748907,1.2996642279871555,-0.7372219193550351,0.2399126937017987
henan,0.15278241471929604,0.10068457400897322,0.21557046483793693,0.15090040803279942,2020-02-20,2.284625702685821,1.3240086300490115,-0.702104306210248,0.5800389918264481
henan,0.10625389010701212,0.06073327888848894,0.16429653107464276,0.10404865400039336,2020-02-21,2.539918686237768,1.3240775763055603,-0.7804117404473173,0.6841856671066436
henan,0.08708898706077785,0.043474508560995016,0.1455997708533076,0.08446461905321087,2020-02-22,2.763100791172184,1.317199072333953,-0.7955511989364694,0.724456059725338
henan,0.07675875646970307,0.03313898286778283,0.1383833282163124,0.07358525628279065,2020-02-23,2.7654574744951073,1.3170470287307756,-0.8338709381444734,0.7424697208967711
henan,0.07080214210902151,0.02598313830744951,0.13769048434257633,0.06690992637737506,2020-02-24,3.137872985633979,1.3938674666215989,-0.8611362349106768,0.6568570492924688
henan,0.044081010551076175,0.009090564125672563,0.10615717776972326,0.039291760301154104,2020-02-25,3.090874182802415,1.3948055217170863,-0.8925805782150986,0.5641980454087773
henan,0.036991045364437584,0.0044797872051537515,0.1030504567143448,0.03104190482248679,2020-02-26,3.0284775452841974,1.3775914627344938,-0.9160977878007065,0.4814707913040504
henan,0.047097893914185854,0.005703773452947575,0.13120633467705747,0.039523304243498925,2020-02-27,2.7884072558817405,1.33765548555011,-0.9331723779799646,0.3757970875707178
henan,0.06060604669445735,0.007339673422633181,0.16883763975805374,0.05085898802322585,2020-02-28,3.0843655423693526,1.3542739815785025,-0.9433473797937955,0.04224474113480593
henan,0.07861094771031414,0.009520150465286268,0.2189960836328075,0.06596822373598143,2020-02-29,3.2916394961482407,1.4670175004225112,-0.9014021257999265,-0.4056083754799052
henan,0.0512437830865756,0.0012973802605745224,0.18903213857913986,0.03551948376768529,2020-03-01,3.439502363106392,1.4885482933919214,-0.8527549229732981,-0.4580919599071114
henan,0.06704626012319836,0.0016974643398638876,0.2473255714436449,0.04647292617148364,2020-03-02,3.7320015823443677,1.4824095044786207,-0.7854839522855658,-0.5300528966662897
henan,0.08827722636323848,0.002234985866450164,0.32564404659751545,0.06118911056133083,2020-03-03,3.8115388507183012,1.4954764747338178,-0.6322811314452884,-0.43034787994002355
henan,0.11693363965690183,0.0029605034357375846,0.43135410082510767,0.0810522226407941,2020-03-04,3.8521314699146365,1.560867726550617,-0.23390152696481165,-0.017446027594275285
henan,0.1555764737516109,0.003938855289316199,0.5739028575658133,0.10783739414238744,2020-03-05,3.9397808557151777,1.6047293456143314,0.4217994163703373,0.5347762840305739
henan,0.20756446234605802,0.0052550772020398635,0.7656802805525791,0.14387272185961103,2020-03-06,4.0018513116802,1.6073917786040222,0.6833788605533604,0.7384756569808052
henan,0.2772144586339713,0.007018462434163755,1.0226107208381743,0.1921504204125888,2020-03-07,4.027870799500312,1.6560325163089402,0.7407708137961301,0.8331215658890474
henan,0.36990945140882847,0.009365296462342725,1.3645513751845844,0.25640169330650553,2020-03-08,3.9115671663543616,1.6631275680243367,0.7126330183340127,0.8604978844410421
henan,0.4920667439991723,0.012458051340025766,1.8151749019912882,0.34107467625033866,2020-03-09,3.85358354153654,1.684332033631908,0.6306934189711108,0.8484848116851939
henan,0.6508271678659124,0.016477517266988366,2.400822967719726,0.45111901643807145,2020-03-10,4.3051927337080995,1.8556447101571742,0.690106680435506,0.9043628407773817
henan,0.8532861749349783,0.02160333553265296,3.147669839197111,0.5914529063669605,2020-03-11,4.446515552779513,2.0110444902822375,0.7393003800902797,0.9456606347233589
henan,1.105111637416901,0.027979004237325276,4.076623613769415,0.7660050156795095,2020-03-12,4.479970591297106,2.168075630049011,0.8089894945904816,0.9758808694855333
henan,1.4085639839313824,0.03566175247876111,5.196022740129346,0.9763421541003218,2020-03-13,4.318580824484697,2.344092573601487,0.8026178361743591,0.9925284786689968
henan,1.760309636251955,0.044567181363522154,6.493570050048612,1.2201536612805455,2020-03-14,4.394161617738913,2.8059197434510734,0.8155326029908988,0.9882614620390653
henan,2.149899432621,0.05443074102063223,7.930719845406814,1.490196730208672,2020-03-15,4.453365407037269,3.2120078918370796,0.8353014544903774,0.9881219919075924
henan,2.5600040692331634,0.06481369146384595,9.443546413442286,1.7744596028109543,2020-03-16,4.632506350197793,3.397618051715396,0.8625450482097099,0.9919443184430717
henan,2.9690021580217723,0.0751686265417375,10.95229105994645,2.0579554749091846,2020-03-17,4.731102456797835,3.637987410174075,0.885194145652625,0.993817074390736
henan,3.3553100690833344,0.08494909605680626,12.377334376023123,2.3257237142895084,2020-03-18,4.767981376223194,3.8101555631232045,0.8968978395757956,0.9941365674287139
henan,3.7017368759518434,0.09371986343371384,13.655261106234661,2.5658484787408002,2020-03-19,4.8047281074328545,3.952209233733311,0.9015073942110117,0.9932995058382228
henan,3.99811546496357,0.10122351964096751,14.748565993879298,2.7712824620926133,2020-03-20,4.886265167603581,4.130828452425216,0.907589436530219,0.9926287183282594
henan,4.241541465531717,0.10738653238173548,15.646535165972262,2.940012508061408,2020-03-21,4.828369758484281,4.120270263647118,0.8985352942860488,0.9891760687809837
henan,4.434795873686822,0.11227931037952402,16.359427381632578,3.0739662562049,2020-03-22,4.755058442640016,4.0676077640696295,0.8781603292958349,0.9821666876752014
henan,4.58407210021557,0.11605865721939822,16.910089386662133,3.177436651747929,2020-03-23,4.99561677076827,4.2657622693932735,0.93324981803105,0.9803225798792418
henan,4.6969205028969,0.11891573140981795,17.326373540742868,3.2556572038971865,NA,NA,NA,NA,NA
henan,4.780824314793908,0.12103999200857639,17.63588458857158,3.3138148945518298,NA,NA,NA,NA,NA
henan,4.8424228276402745,0.1225995313289385,17.863114077014515,3.3565117300579743,NA,NA,NA,NA,NA
henan,4.887215108323897,0.12373357369046487,18.028347400931235,3.3875593731246765,NA,NA,NA,NA,NA
henan,4.9195524173774094,0.12455228347181034,18.147635835900072,3.4099738877220145,NA,NA,NA,NA,NA
henan,4.942771233956315,0.12514013301157753,18.233287251326836,3.4260679449696214,NA,NA,NA,NA,NA
henan,4.9593740365996135,0.1255604795809016,18.29453298887841,3.437576130811217,NA,NA,NA,NA,NA
hunan,28.17733541027788,13.512127571357865,48.14042372693112,27.243861468505575,2020-01-20,6.114883555184474,5.747698545884738,NA,NA
hunan,30.372149320669966,19.6552536357554,43.38369665492679,29.968161304203004,2020-01-21,6.106952099432217,5.522303373669089,NA,NA
hunan,34.66426031507459,27.02249149862597,43.24312798929116,34.499332878558214,2020-01-22,6.074253727838441,5.368995447693088,NA,NA
hunan,19.304648748825645,15.72395345955179,23.247153788204344,19.240974553298084,2020-01-23,5.639584713796807,4.792658357613655,NA,NA
hunan,11.393822205086217,9.608902510149079,13.328551490205484,11.367458497922877,2020-01-24,4.766736671464623,3.7747311754267363,NA,NA
hunan,8.946860402142228,7.806092863780575,10.164291141901018,8.93336951614915,2020-01-25,4.459904132330836,2.5738514485381105,NA,NA
hunan,6.471742177833689,5.728061253973154,7.260153897689264,6.463870717203043,2020-01-26,4.420228706566532,2.0204877561264154,NA,NA
hunan,4.813826215834831,4.303874699378028,5.351916107272064,4.808874626555269,2020-01-27,3.6020820185337388,1.876848530336319,NA,NA
hunan,3.7060927650314617,3.3360873132623343,4.0952760660485215,3.702717999903191,2020-01-28,3.5041249054541606,1.8175554958593882,NA,NA
hunan,2.9258632408319203,2.644403452953813,3.2213520671070377,2.923394528691018,2020-01-29,3.2425715711641345,1.7662976540476594,NA,NA
hunan,2.4251637906905144,2.19927028105719,2.6619417047117286,2.4232484487134958,2020-01-30,3.117531394726886,1.662974931553152,NA,NA
hunan,2.1116658320393067,1.9212498056536123,2.3109499355582783,2.1101053086508923,2020-01-31,2.8682543246114887,1.603110854149062,NA,NA
hunan,1.7479159584134654,1.5885660294604032,1.9147727971421071,1.7465949600096973,2020-02-01,2.697410217618503,1.5464693680919386,NA,NA
hunan,1.5052238291091276,1.3670787027025377,1.6499227087917439,1.5040705581489182,2020-02-02,2.4703103899680667,1.4996122083826264,0.9394579306781871,0.9694614654898844
hunan,1.3739164640532124,1.2486624494763094,1.5050711438681585,1.3728781181034608,2020-02-03,2.575534440487217,1.513284782491127,0.9269509849744015,0.9666903945886307
hunan,1.1949914620656934,1.0827714666026245,1.312665160733913,1.1940317667443816,2020-02-04,2.586484094266079,1.4712443047152273,0.906224211036329,0.9543485273125241
hunan,1.0212276256187711,0.9206006450069019,1.1269986148025135,1.0203224248037661,2020-02-05,2.6907746334491507,1.4374679628189961,0.9536616009196037,0.9804795112087876
hunan,0.9389952012771834,0.8443633625957494,1.0385807656843993,0.9381234835000665,2020-02-06,2.4754279736822653,1.347894058475579,0.962707734714796,0.9517261977756244
hunan,0.823058089369094,0.7353397609367941,0.9156475836595042,0.8222008961427755,2020-02-07,2.767795173632401,1.4059887270576306,0.9624641826810137,0.9826286967926046
hunan,0.7359075140213448,0.6530820936994471,0.823605951958045,0.7350499908988161,2020-02-08,2.891714921355546,1.4200529215818827,0.9474037123262815,0.9721623470947865
hunan,0.6753288204130294,0.595430361406332,0.7601843427999782,0.6744565032469328,2020-02-09,2.964832961093064,1.4156991715396317,0.8368103083898517,0.9719637182046533
hunan,0.5868295982951778,0.5113433785286062,0.6674368587506885,0.5859284169208073,2020-02-10,3.176229161430226,1.390688280885584,0.594307415049478,0.9792780112903318
hunan,0.5637404816716458,0.48813209952514675,0.6447132375901043,0.5627964744690119,2020-02-11,3.075583480388533,1.3896855997971946,0.2215900889836959,0.9722801113617617
hunan,0.5024887982919269,0.42916671143758095,0.5815082312195687,0.5014861833174443,2020-02-12,3.1736812138975496,1.4055668365725873,-0.20709445344965433,0.9499082360710186
hunan,0.4135947214452511,0.34505216854686366,0.48825472428393407,0.4125181519246939,2020-02-13,3.2043560802867757,1.4450549758323474,-0.6085934543860325,0.8714732677350174
hunan,0.3371073641597782,0.27305804727717425,0.40780360195133525,0.3359375777670288,2020-02-14,3.211817795346127,1.4780970745310122,-0.8346999539194683,0.6473322304662861
hunan,0.2441169204494659,0.1875861444090419,0.3079794640560236,0.24282651851334433,2020-02-15,2.4996456214658553,1.4275772837586613,-0.6592487151081097,0.45363287052381096
hunan,0.18712923436121662,0.1354263547721468,0.24706193578437233,0.18568063627230846,2020-02-16,2.795445362869033,1.3366815115768125,-0.5093669552026695,0.435794807659574
hunan,0.11968090390151478,0.07668181338212603,0.17209761368598095,0.11802283605792681,2020-02-17,3.293649534917094,1.341638551630894,-0.5229931534687782,0.33045083139031756
hunan,0.07580237285384715,0.04036157104612972,0.12222599118688746,0.07386783250064978,2020-02-18,3.3055967658002805,1.3073188620922764,-0.5130197279159524,0.3360316691740739
hunan,0.09050894618766718,0.04819220196321938,0.14593930562566593,0.08819908170541667,2020-02-19,3.324104108268575,1.2996642279871555,-0.5119254603692842,0.38221217010727176
hunan,0.0932322478279497,0.04654120220193093,0.15587038474123938,0.09042275679204556,2020-02-20,3.531952236558111,1.3240086300490115,-0.43263663219451626,0.6184842102971657
hunan,0.10458553904458627,0.05015283117133262,0.1786823378437482,0.10112077298481467,2020-02-21,3.5171186981157505,1.3240775763055603,-0.3999913057533257,0.6752320429278428
hunan,0.11720249027616898,0.05359244171425461,0.2052761145890132,0.11289140743230579,2020-02-22,3.454989708745182,1.317199072333953,-0.37096613132550504,0.6904758835625028
hunan,0.1304188532952103,0.05630560399570495,0.2351235977652883,0.12502683974073572,2020-02-23,3.577827849022362,1.3170470287307756,-0.3495223329086189,0.7015350565103117
hunan,0.14320020684705742,0.05757391016005151,0.26715991161977837,0.1364419155243329,2020-02-24,4.171698630915365,1.3938674666215989,-0.3746168732957051,0.7076266398428502
hunan,0.15405244142854496,0.05653453091962484,0.2995891740364446,0.14558369573574584,2020-02-25,4.072623088753502,1.3948055217170863,-0.34792381520555693,0.77063492201533
hunan,0.0965488449104282,0.019910692947950927,0.23251174971912128,0.08605914483694234,2020-02-26,4.041509127569117,1.3775914627344938,-0.3967192907841568,0.8405888950222359
hunan,0.12095156010728514,0.02494311948636967,0.2912790815663587,0.10781058892194698,2020-02-27,3.945567471737715,1.33765548555011,-0.43524161573404274,0.8546627884064408
hunan,0.15228333215290174,0.03140448412821723,0.3667331706016602,0.13573827165055252,2020-02-28,3.928965965092328,1.3542739815785025,-0.4515252015410784,0.7060121365650298
hunan,0.1923811332093158,0.03967361469588962,0.4632978668667014,0.17147958447473235,2020-02-29,3.6459344019296194,1.4670175004225112,0.013285883820756737,0.6662246241234322
hunan,0.1618945720020472,0.019606183742399915,0.4510094110620439,0.13585763380983576,2020-03-01,3.8695984601602893,1.4885482933919214,0.4811682374872132,0.8002312100486192
hunan,0.20370078116702128,0.024669109622653146,0.5674740555591624,0.17094029646785636,2020-03-02,4.116736424609024,1.4824095044786207,0.5822236383670432,0.8508856231723777
hunan,0.12820017684512838,0.0032457474609169654,0.4729149983777672,0.08886159112748712,2020-03-03,3.8580478960742273,1.4954764747338178,0.4882185599005929,0.7266412306595593
hunan,0.1615671707383794,0.0040905266053192675,0.596001816596126,0.11198982886835497,2020-03-04,4.076259859076328,1.560867726550617,0.412260707974184,0.6642019699974281
hunan,0.2055665851079398,0.005204495329749002,0.7583103522570428,0.1424878988849045,2020-03-05,4.217561351951145,1.6047293456143314,0.4330027517328209,0.7238553027751765
hunan,0.26403344867555983,0.00668474815499768,0.9739875640181189,0.1830140405229833,2020-03-06,4.155244251366548,1.6073917786040222,0.41436666071743466,0.7661814728613137
hunan,0.3412483463753353,0.008639660108487181,1.25882401369433,0.2365353291608073,2020-03-07,3.842567711055739,1.6560325163089402,0.07580868612725883,0.8010875371960579
hunan,0.4424354143820754,0.01120149486677511,1.6320909098864231,0.3066728600588066,2020-03-08,3.9337733275641886,1.6631275680243367,-0.11211794961787433,0.8076464001883672
hunan,0.573663633221596,0.014523905713474462,2.116175990163498,0.3976333299573238,2020-03-09,4.205614586368295,1.684332033631908,0.23684548877151052,0.8021192103251652
hunan,0.7414590104422896,0.01877211685459947,2.7351529096882117,0.5139402225888401,2020-03-10,4.436045003964475,1.8556447101571742,0.5752306068179404,0.8812019624075967
hunan,0.9519837617221806,0.024102142083444134,3.5117533392670484,0.6598648603765802,2020-03-11,4.3367595413385285,2.0110444902822375,0.672673844211634,0.9304502214530889
hunan,1.2096821782298672,0.030626501110441302,4.462371733279949,0.8384877912136457,2020-03-12,4.267091364402639,2.168075630049011,0.6507103129399422,0.9661033309337484
hunan,1.5154739639870587,0.038368478825414984,5.590400768996463,1.0504465053496337,2020-03-13,4.362354975452146,2.344092573601487,0.6705778910447403,0.9876768954702184
hunan,1.8649148791741532,0.047215556817976366,6.879446181456906,1.2926604904838552,2020-03-14,4.195212954193284,2.8059197434510734,0.5823374387518131,0.9855806936888502
hunan,2.2471180918420828,0.05689210436728172,8.28934775996397,1.5575835697455838,2020-03-15,4.179827441703376,3.2120078918370796,0.45465251371184123,0.985450322288992
hunan,2.6453158011748092,0.06697359751195175,9.758251108596697,1.833593189274992,2020-03-16,4.494060487449212,3.397618051715396,0.5913720484094478,0.9899681953986184
hunan,3.039415981864389,0.07695135021322448,11.212039168005077,2.106762618378139,2020-03-17,4.357067736132673,3.637987410174075,0.55938177386164,0.9926231965679069
hunan,3.4098832178752145,0.08633076855901717,12.578648143347792,2.3635509385088787,2020-03-18,4.476826280481883,3.8101555631232045,0.6061458096370441,0.9938237173320073
hunan,3.7414494057710788,0.09472529763824764,13.801755841555725,2.593375106817906,2020-03-19,4.547410475780465,3.952209233733311,0.69273810243726,0.9937540558436403
hunan,4.025250000404441,0.10191050659900237,14.848662024164051,2.7900906888292565,2020-03-20,4.6587057115978645,4.130828452425216,0.7528405623877698,0.9934829920983932
hunan,4.258914276846826,0.10782637388275872,15.710621372692765,2.952054423242876,2020-03-21,4.3897715746430155,4.120270263647118,0.6753153277818026,0.9905013181308232
hunan,4.445136336385865,0.11254110822860709,16.39757210202911,3.0811337187704266,2020-03-22,4.164265623002361,4.0676077640696295,0.3574557199814586,0.9838168295406411
hunan,4.589670589753061,0.11620039870251049,16.930741539691052,3.1813172289862357,2020-03-23,4.636151320162869,4.2657622693932735,0.39489008938283016,0.981817417076117
hunan,4.699515463680355,0.11898143012866025,17.335946038261188,3.257455893647902,NA,NA,NA,NA,NA
hunan,4.78163845887127,0.12106060435199857,17.63888786793125,3.3143792162236227,NA,NA,NA,NA,NA
hunan,4.842264060150311,0.12259551168411345,17.86252840288281,3.3564016808199413,NA,NA,NA,NA,NA
hunan,4.886587975626989,0.1237176960652639,18.02603398401061,3.3871246778639783,NA,NA,NA,NA,NA
hunan,4.918754242035344,0.12453207542176212,18.144691463279937,3.409420634734069,NA,NA,NA,NA,NA
hunan,4.941965263555279,0.12511972760772305,18.23031412367383,3.425509288858528,NA,NA,NA,NA,NA
hunan,4.958640885909125,0.12554191781249627,18.291828484359495,3.437067949477179,NA,NA,NA,NA,NA
beijing,17.039682985317555,11.027184392292936,24.339549694892234,16.81303364095326,2020-01-20,5.2178,5.747698545884738,NA,NA
beijing,11.503723029777742,8.012764587480195,15.616005604771258,11.394351199619212,2020-01-21,4.6594,5.522303373669089,NA,NA
beijing,8.649421298057181,6.4197672028446044,11.20629378340961,8.59182733037723,2020-01-22,3.9546,5.368995447693088,NA,NA
beijing,6.681424645144475,5.167413336520071,8.38699351540981,6.64771054220108,2020-01-23,3.0974,4.792658357613655,NA,NA
beijing,4.872068494604566,3.838635832143216,6.0268224145816935,4.8507165150387905,2020-01-24,2.4029,3.7747311754267363,NA,NA
beijing,3.790869243190331,3.036330861503868,4.627880116766515,3.776354774682037,2020-01-25,1.8254,2.5738514485381105,NA,NA
beijing,3.1481535288125118,2.558663842875339,3.7978373458845027,3.137560053536932,2020-01-26,1.6544,2.0204877561264154,NA,NA
beijing,2.6265076444642546,2.1524863993137275,3.146996687907851,2.6183299246760514,2020-01-27,1.4808,1.876848530336319,NA,NA
beijing,2.392102082972201,1.9849028794466181,2.836728331809322,2.385515507150225,2020-01-28,1.386,1.8175554958593882,NA,NA
beijing,2.191595175839237,1.834976842226998,2.5794112633465773,2.186104910149697,2020-01-29,1.4498,1.7662976540476594,NA,NA
beijing,2.0940151750477516,1.7712888460762337,2.443350809657548,2.089332445034581,2020-01-30,1.3431,1.662974931553152,NA,NA
beijing,1.8527173482817323,1.5698924210611944,2.1586208895199483,1.8486559594540148,2020-01-31,1.5133,1.603110854149062,NA,NA
beijing,1.7251761281267737,1.468983289959663,2.0016580880923023,1.721605652553299,2020-02-01,1.4764,1.5464693680919386,NA,NA
beijing,1.591241197547518,1.3583803316709302,1.8422526005459146,1.5880470772648902,2020-02-02,1.3508,1.4996122083826264,0.9758674721254708,0.912190768669219
beijing,1.4716526185530612,1.2581361084496179,1.7016577184271875,1.4687509706765887,2020-02-03,1.8071,1.513284782491127,0.9805114922053662,0.9656405657722533
beijing,1.3079207610778747,1.1148382902321143,1.5161965246620572,1.3052470510655805,2020-02-04,1.6746,1.4712443047152273,0.9492373564221892,0.9865468038215714
beijing,1.102781468225064,0.9317194466854076,1.2880474433295628,1.1002818405480372,2020-02-05,1.563,1.4374679628189961,0.8756253479123739,0.9781886693030268
beijing,0.8998687757863868,0.7496147218111235,1.0636438713208691,0.8974892934320093,2020-02-06,1.4363,1.347894058475579,0.6952910351837648,0.947204267938133
beijing,0.8000993924233235,0.6605641056724002,0.9528058308197899,0.7977814625885041,2020-02-07,1.6097,1.4059887270576306,0.22192832777511648,0.9619179479948247
beijing,0.6948274062939295,0.5653393100660089,0.8374681615066154,0.692512692453354,2020-02-08,1.3753,1.4200529215818827,-0.031749163624730965,0.9724348021316577
beijing,0.6589576097892108,0.5318638371840152,0.7994631942763472,0.6565972654359924,2020-02-09,1.3557,1.4156991715396317,-0.12533813571512792,0.9520466515135758
beijing,0.5590245333057174,0.4404477496510717,0.6915218025688736,0.5565745922950093,2020-02-10,2.2462,1.390688280885584,-0.3898479963235088,0.936655421813183
beijing,0.4723287886314494,0.36129409752607455,0.5980138796143125,0.4697502794049927,2020-02-11,2.0881,1.3896855997971946,-0.47235256596449365,0.9226356786863658
beijing,0.4553496944162048,0.34303170627327434,0.5833301668811929,0.4525929924756731,2020-02-12,2.0954,1.4055668365725873,-0.540144640654369,0.9204542977275252
beijing,0.4047509568359449,0.2952281253013239,0.531284617228639,0.4017567818809222,2020-02-13,2.1563,1.4450549758323474,-0.5530394798460291,0.850663174188611
beijing,0.45498695309716014,0.3331076337030499,0.5955733766500815,0.4516942273152548,2020-02-14,1.863,1.4780970745310122,-0.558789889295909,0.7009741079847551
beijing,0.46127014624958773,0.33244294867098145,0.6108658706989002,0.45761448231819246,2020-02-15,1.3779,1.4275772837586613,-0.4205443955916616,0.5704432063674215
beijing,0.36673408045948125,0.24743394406473343,0.5091349366748823,0.36266740460435537,2020-02-16,1.4317,1.3366815115768125,-0.21065071662201118,0.5138915615717857
beijing,0.34075154533410834,0.22051643364466922,0.4867308375641291,0.33621911862126147,2020-02-17,2.4975,1.341638551630894,-0.4237303142521615,0.3554620840297517
beijing,0.38321458093090993,0.24799627137321742,0.5473852033756812,0.3781173421152777,2020-02-18,2.4258,1.3073188620922764,-0.5428713790382386,0.2328244243098378
beijing,0.3476204614379685,0.21233560877220492,0.5157097904906491,0.3418442681600162,2020-02-19,2.417,1.2996642279871555,-0.6185983097164623,0.21382568659166692
beijing,0.3755409508280993,0.22610018440095875,0.562278891568278,0.3689734583552646,2020-02-20,2.4069,1.3240086300490115,-0.6072915601083492,0.4836234958154732
beijing,0.31568155687917343,0.17258604470480104,0.5012661423917726,0.3081979783088684,2020-02-21,2.4652,1.3240775763055603,-0.6546133170372953,0.5809958797896998
beijing,0.2061655645420466,0.08900765756910504,0.37168237601900456,0.19764189261586929,2020-02-22,1.5908,1.317199072333953,-0.2878517253972718,0.6201681113026325
beijing,0.47489739931405883,0.271444896435424,0.7343166000330765,0.46504118707701053,2020-02-23,1.5594,1.3170470287307756,-0.0809829756560402,0.5434283759243934
beijing,0.5178632181181758,0.2898441120045248,0.8109607191020298,0.5064017229344866,2020-02-24,2.7557,1.3938674666215989,0.03197797173811773,0.5652987390638873
beijing,0.5148433326863874,0.2741323914742491,0.8301486388148132,0.5017040975258104,2020-02-25,2.6773,1.3948055217170863,0.15587250381473072,0.5649070942752409
beijing,0.5805061896567736,0.3090950973490638,0.9360253742679693,0.5656911831221215,2020-02-26,2.7353,1.3775914627344938,0.2954903182376091,0.5097310630717108
beijing,0.6969391199266214,0.3810231021960472,1.1066594690587146,0.6804174114231172,2020-02-27,2.7116,1.33765548555011,0.3945665643866116,0.3834108654368072
beijing,0.7122674370808577,0.37925241233559515,1.1484811122628789,0.694089772617001,2020-02-28,2.792,1.3542739815785025,0.48408537252740397,0.43255473994718957
beijing,0.8304701711969559,0.45402577049206577,1.318691478852108,0.8107829622326836,2020-02-29,1.7131,1.4670175004225112,0.24007810320898712,0.7175898714138642
beijing,0.31685791925965834,0.10288290390385933,0.6490256955203393,0.2960028939308382,2020-03-01,1.8045,1.4885482933919214,0.24415018492142893,0.3802389084913027
beijing,0.33678912548871476,0.10935451231416264,0.6898511387208671,0.3146222635748658,2020-03-02,3.1671,1.4824095044786207,0.14206839159965706,0.2115160281598387
beijing,0.36947265428020853,0.11996676514896938,0.7567973903895058,0.34515462056552715,2020-03-03,3.0333,1.4954764747338178,0.08420008206704978,0.08721074624140959
beijing,0.415788026033439,0.13500524028789834,0.8516659877585052,0.3884215968319596,2020-03-04,3.1057,1.560867726550617,0.04931983281216812,-0.03614488042399602
beijing,0.3787388785507239,0.10319359734462498,0.8301267925955426,0.34768804249748003,2020-03-05,3.0999,1.6047293456143314,-0.0021340381719772558,-0.15814922111412588
beijing,0.43299096894967787,0.11797546603779124,0.9490375153785363,0.3974922854217574,2020-03-06,3.1469,1.6073917786040222,-0.03186943893543894,-0.26632515026436465
beijing,0.3728515388518136,0.07689095102211442,0.8979119715448662,0.3323425009847976,2020-03-07,2.0726,1.6560325163089402,-0.22934726166118835,-0.5536822409847828
beijing,0.28581309701705415,0.03461329201345846,0.7962243265194239,0.23984677554295636,2020-03-08,1.8734,1.6631275680243367,-0.11452230531869241,-0.6735035558090341
beijing,0.3312340568975702,0.040113980975175545,0.9227590219836128,0.2779628411925222,2020-03-09,3.3765,1.684332033631908,-0.1926245775598975,-0.6995756673906153
beijing,0.19472223464167934,0.004929940146929876,0.7183068506288437,0.13497116793421216,2020-03-10,3.3717,1.8556447101571742,-0.293124647885168,-0.755125757085734
beijing,0.23187444303238616,0.005870552625158115,0.8553568688362815,0.16072311643180612,2020-03-11,3.4222,2.0110444902822375,-0.3628123911078744,-0.7244470217024339
beijing,0.2821720926670774,0.007143978860670314,1.0408988351639152,0.1955867904648843,2020-03-12,3.3891,2.168075630049011,-0.41568460802238705,-0.6120300904159979
beijing,0.34981682020427274,0.008856595083606632,1.2904320807550103,0.24247454263703694,2020-03-13,3.4999,2.344092573601487,-0.4734856765904191,-0.41705959890559713
beijing,0.4390483845881705,0.011115742696815955,1.6195965652692157,0.3043251499066889,2020-03-14,2.2523,2.8059197434510734,-0.1955575828721124,0.03435322201985126
beijing,0.5550378466929756,0.014052341626586478,2.047467708921358,0.3847229185392992,2020-03-15,2.2133,3.2120078918370796,-0.4316739857364792,0.44332992299263557
beijing,0.7036119724267327,0.01781391281334748,2.595539748753555,0.4877066548958117,2020-03-16,3.6972,3.397618051715396,-0.03398971190224698,0.6753803407568679
beijing,0.8906657182340197,0.022549703632438543,3.2855584684771073,0.6173624314153094,2020-03-17,3.6903,3.637987410174075,0.2004811295521512,0.7982493795227408
beijing,1.121143971356759,0.028384907789554614,4.135764961041651,0.7771177827477176,2020-03-18,3.6853,3.8101555631232045,0.33164512710027677,0.8592522938811531
beijing,1.3975700989011013,0.0353834114085631,5.155467623520253,0.9687217736881822,2020-03-19,3.6655,3.952209233733311,0.40310973083069007,0.8768755494247448
beijing,3.43666371436259,0.4161959194269928,9.573932335503926,2.8839571003499658,2020-03-20,3.8176,4.130828452425216,0.41506078439586885,0.7328236265905119
beijing,4.007933213818866,0.48537930608573104,11.16538730104919,3.3633513228003484,2020-03-21,2.5395,4.120270263647118,0.07049229330879714,0.7430808396999491
beijing,3.925057765082211,0.47534270476197477,10.93451107793685,3.293804442833626,2020-03-22,2.4417,4.0676077640696295,-0.23488005389065714,0.7616060593604038
beijing,3.4530511085235487,0.41818050888546343,9.619584693689733,2.8977089671820964,2020-03-23,3.9845,4.2657622693932735,-0.06959313826591755,0.7957819326762907
beijing,2.979136351089803,0.3607872331407806,8.299342680627662,2.5000122638503948,NA,NA,NA,NA,NA
beijing,2.611952116591758,0.3163195188755359,7.276432873928667,2.191880986474712,NA,NA,NA,NA,NA
beijing,2.346729338179407,0.28419980996919514,6.5375695036948525,1.9693130605585993,NA,NA,NA,NA,NA
beijing,1.078960104194393,0.02731690474070304,3.9801537601713273,0.7478781541590084,NA,NA,NA,NA,NA
beijing,1.0296755668291748,0.026069128287095886,3.7983490428792632,0.713716716039106,NA,NA,NA,NA,NA
beijing,1.0689444692771404,0.02706333081902729,3.943207290305168,0.7409358450545969,NA,NA,NA,NA,NA
beijing,1.177108627251256,0.029801810201398347,4.342211830327418,0.8159095261919957,NA,NA,NA,NA,NA
hong_kong_sar,9.908657321232706,2.0434033533240266,23.86231811747089,8.832115768331594,2020-01-20,2.6797,5.747698545884738,NA,NA
hong_kong_sar,13.473465379601556,4.9445243323254315,26.2021447180747,12.732786745478744,2020-01-21,2.6169,5.522303373669089,NA,NA
hong_kong_sar,8.380348039286256,3.0754400316596207,16.29744731044877,7.919654033376702,2020-01-22,2.3776,5.368995447693088,NA,NA
hong_kong_sar,7.366179912695175,3.368286515906045,12.90160975486679,7.095228230938231,2020-01-23,2.049,4.792658357613655,NA,NA
hong_kong_sar,4.758949372592968,2.1760946910838443,8.335135494389247,4.583899977766494,2020-01-24,1.7256,3.7747311754267363,NA,NA
hong_kong_sar,2.8966014012761563,1.250546890367798,5.222092707857275,2.776844835235526,2020-01-25,1.2884,2.5738514485381105,NA,NA
hong_kong_sar,2.7206999150694697,1.3046813618292605,4.6482623299254735,2.630567103108368,2020-01-26,1.2304,2.0204877561264154,NA,NA
hong_kong_sar,2.4450560376757595,1.2205631645234793,4.087768279594768,2.3713759196890085,2020-01-27,1.1668,1.876848530336319,NA,NA
hong_kong_sar,1.689794162835676,0.7726814930934315,2.9596161257729903,1.6276381232507195,2020-01-28,1.1724,1.8175554958593882,NA,NA
hong_kong_sar,1.6304911497120669,0.7818838828473219,2.7856620822109135,1.5764753608383109,2020-01-29,1.3369,1.7662976540476594,NA,NA
hong_kong_sar,1.1825391375617706,0.5105364654469081,2.131922260445116,1.1336484526851238,2020-01-30,1.3555,1.662974931553152,NA,NA
hong_kong_sar,1.1034194071671368,0.4763781816153266,1.9892824871717134,1.0577998341576413,2020-01-31,1.4108,1.603110854149062,NA,NA
hong_kong_sar,1.4646867368043697,0.7311663417779644,2.448737325441231,1.4205493878363022,2020-02-01,1.2769,1.5464693680919386,NA,NA
hong_kong_sar,1.5667068848750665,0.8095403094183383,2.5696654372638656,1.5234087405914807,2020-02-02,1.139,1.4996122083826264,0.9512911016909404,0.9531606326331161
hong_kong_sar,1.6370141956249635,0.8716411145549848,2.6395701758973584,1.5952362155833704,2020-02-03,1.6456,1.513284782491127,0.9265934728592237,0.9455866592123383
hong_kong_sar,1.6698081714391304,0.9128996656422927,2.651464054176342,1.6302235318680423,2020-02-04,1.5681,1.4712443047152273,0.8610521586343216,0.9878307616565946
hong_kong_sar,1.4511553272678361,0.7726790948011566,2.3398858315876776,1.4141206219721363,2020-02-05,1.5648,1.4374679628189961,0.6889445188362623,0.9785384687810041
hong_kong_sar,2.2912929194133413,1.435941073776752,3.3432807745895463,2.2566714302671675,2020-02-06,1.5709,1.347894058475579,0.2874046805245723,0.9033356722771578
hong_kong_sar,2.711016324651859,1.8014506595422406,3.8035154749872007,2.678811518833116,2020-02-07,1.612,1.4059887270576306,-0.06404819985628188,0.504112452992236
hong_kong_sar,2.7425658884418294,1.8759130374484958,3.7712016927361716,2.714051003382185,2020-02-08,1.3584,1.4200529215818827,-0.011201918390814792,0.08679306396859432
hong_kong_sar,2.1819994791636264,1.4721858857519006,3.029258053292216,2.1578035151924175,2020-02-09,1.1033,1.4156991715396317,0.019304082799960993,-0.2599225107333919
hong_kong_sar,1.8408833875881212,1.2420362912099245,2.555688431768408,1.8204700242731344,2020-02-10,1.6097,1.390688280885584,0.13802777616656708,-0.5461097088864678
hong_kong_sar,1.651501095927011,1.122114869130935,2.281568230149788,1.633777366640386,2020-02-11,1.5548,1.3896855997971946,0.10651895722695452,-0.5941997914302507
hong_kong_sar,1.4785560025211297,1.0046070689044708,2.0426425451179777,1.46268830107762,2020-02-12,1.6719,1.4055668365725873,0.03125557599066307,-0.6617932653259181
hong_kong_sar,0.9615025223648934,0.6025685117366847,1.4029515259729242,0.9469741969552385,2020-02-13,1.5483,1.4450549758323474,-0.07187940136814923,-0.5466682969931608
hong_kong_sar,0.7806936360340753,0.4700285672673754,1.168893968435901,0.7670407985287704,2020-02-14,1.6461,1.4780970745310122,-0.2112826712477006,-0.4757183857790391
hong_kong_sar,0.5637817908608951,0.30822475130694116,0.8952208873061674,0.5504167233221867,2020-02-15,1.3561,1.4275772837586613,-0.12491954166242514,-0.4058351966726717
hong_kong_sar,0.6554477838872721,0.37464504137755483,1.0134951020125913,0.6418443561202911,2020-02-16,1.0912,1.3366815115768125,0.09951921759235591,-0.14284206275358932
hong_kong_sar,0.6877214592829203,0.39309223541992255,1.0633987140798178,0.6734482106349899,2020-02-17,1.6941,1.341638551630894,-0.005636597736989004,-0.008636469021338878
hong_kong_sar,0.5929759624130929,0.31573472616389886,0.9561320052035867,0.5778427167826963,2020-02-18,1.7398,1.3073188620922764,-0.11305364185520993,0.14694199669128194
hong_kong_sar,0.6800014259204421,0.37176310727000356,1.0797643516517152,0.6638812440856103,2020-02-19,1.6912,1.2996642279871555,-0.16719553444920082,0.25341873314609925
hong_kong_sar,0.9366840603119791,0.5551383380751319,1.416404034206729,0.9193963288077185,2020-02-20,1.7161,1.3240086300490115,-0.22646914287309505,0.36619028776088797
hong_kong_sar,1.2192941408176776,0.7641251465411584,1.7791014955037465,1.2008705780751536,2020-02-21,1.7005,1.3240775763055603,-0.32277155812499003,0.3462230159813503
hong_kong_sar,1.3789829602716701,0.8835404026000638,1.9829368682883133,1.3598784312386698,2020-02-22,1.439,1.317199072333953,-0.2499824078264594,0.22847885139772256
hong_kong_sar,1.434844848010017,0.9285559318780437,2.0495379821732675,1.4157595959929359,2020-02-23,1.1923,1.3170470287307756,-0.005438974225922371,0.057007420978225476
hong_kong_sar,1.336221891881396,0.856142579226156,1.9214477118002824,1.317709777762923,2020-02-24,1.8193,1.3938674666215989,0.025291856583422652,0.021776451897029318
hong_kong_sar,1.2783217367366566,0.8190448573100629,1.8381889945979333,1.2606117755285864,2020-02-25,1.7762,1.3948055217170863,0.09144693004238477,-0.006500236113751317
hong_kong_sar,1.2245038845943643,0.7845627439563898,1.7608005088373724,1.2075395197775243,2020-02-26,1.702,1.3775914627344938,0.07927456693781204,-0.07905652750714771
hong_kong_sar,1.0817019665253504,0.6778968634514568,1.5783374346767738,1.0653574247270712,2020-02-27,1.686,1.33765548555011,0.08791386575645252,-0.08654931669330262
hong_kong_sar,0.7644519553746213,0.43695034370843827,1.182044293293966,0.7485862110515701,2020-02-28,1.758,1.3542739815785025,0.05938743717381782,0.04302975290460719
hong_kong_sar,0.5668928896365817,0.29292182839934994,0.9298006405620197,0.5512260087632135,2020-02-29,1.4897,1.4670175004225112,6.206668610511285e-4,-0.04984592603681998
hong_kong_sar,0.5302325305256784,0.2646901688220275,0.8864695474024804,0.5142543301050931,2020-03-01,1.1727,1.4885482933919214,0.03140480622749571,-0.30005850272818335
hong_kong_sar,0.45706965108081227,0.20900134952067514,0.8005417107549532,0.44025716589741776,2020-03-02,1.8523,1.4824095044786207,-0.06995456999541169,-0.46645073053365593
hong_kong_sar,0.6020685057794274,0.3005504288452268,1.006568562088119,0.5839255765956433,2020-03-03,1.8118,1.4954764747338178,-0.09338966145732282,-0.6423197722218443
hong_kong_sar,0.5987252713234517,0.2871120398193304,1.022910358195879,0.5788903781043742,2020-03-04,1.7938,1.560867726550617,-0.1300749427114472,-0.7849665962466139
hong_kong_sar,0.6542468117782512,0.31373677656821086,1.1177678187949056,0.6325725710670502,2020-03-05,1.7728,1.6047293456143314,-0.1610981889715532,-0.788850563877749
hong_kong_sar,0.7121722553910786,0.34151427832015185,1.2167323006910478,0.6885790293893647,2020-03-06,1.8232,1.6073917786040222,-0.20871832345061114,-0.7490346200669523
hong_kong_sar,0.9240913293992143,0.47749147460489927,1.515666761253645,0.8985527681674953,2020-03-07,1.4807,1.6560325163089402,-0.13053135027946516,-0.5918418144930637
hong_kong_sar,0.822744729035591,0.39453807734198143,1.4056431986264197,0.7954883985805438,2020-03-08,1.2744,1.6631275680243367,0.17902842949075193,-0.4486448013946305
hong_kong_sar,0.8622424838551506,0.41347878604041405,1.4731243364128717,0.8336776505077708,2020-03-09,1.9137,1.684332033631908,0.10663204778371463,-0.3163607350429667
hong_kong_sar,0.9880200512805442,0.4932160497842757,1.6518218654274426,0.9582467320478174,2020-03-10,1.808,1.8556447101571742,0.08281477924259469,0.019581406037640966
hong_kong_sar,1.1167043767741205,0.5770174468688973,1.8315848793034248,1.0858426835662471,2020-03-11,1.797,2.0110444902822375,0.13594361348686965,0.5040679555658433
hong_kong_sar,0.9514996659322389,0.45628107423852443,1.6256184776543305,0.9199778725894652,2020-03-12,1.8342,2.168075630049011,0.1889632223420012,0.7810744985805448
hong_kong_sar,1.1527252932141383,0.595629980024842,1.8906653013581631,1.1208681114102144,2020-03-13,1.8693,2.344092573601487,0.26426361462471054,0.877775846342684
hong_kong_sar,1.3574439666106335,0.7421272481730503,2.155465486747887,1.3252642641302463,2020-03-14,1.4583,2.8059197434510734,0.006810451149686284,0.9032621136939265
hong_kong_sar,2.4142248215199564,1.5623590118601567,3.4484881595895622,2.3821125766256714,2020-03-15,1.2446,3.2120078918370796,-0.6062360393118245,0.928626297758489
hong_kong_sar,2.8696785735771813,1.9498073631188928,3.9644947740952774,2.8388814967219815,2020-03-16,1.86,3.397618051715396,-0.236266473699231,0.9423147507677614
hong_kong_sar,4.176043973125249,3.10933903352126,5.39764055381281,4.148781510118396,2020-03-17,1.7998,3.637987410174075,-0.030206397629301742,0.9238382278600237
hong_kong_sar,3.9095229509533374,2.9686646854475898,4.977908714833514,3.8870775293078568,2020-03-18,1.7864,3.8101555631232045,0.061310574063024585,0.9404026067118209
hong_kong_sar,4.209985989937823,3.343336568992687,5.175004434248225,4.192673676832118,2020-03-19,1.7642,3.952209233733311,0.1199131255577497,0.9502831703036376
hong_kong_sar,3.806225164083224,3.0830546030706176,4.604445042663798,3.793017293600233,2020-03-20,1.8097,4.130828452425216,0.2084637455655365,0.9522046223601194
hong_kong_sar,3.3145331457745044,2.724143141115956,3.961965171166835,3.3044945348422496,2020-03-21,1.4038,4.120270263647118,0.06393355529397396,0.9439891389372846
hong_kong_sar,2.5191454501718398,2.0665038400842772,3.0159430286714692,2.511374590521637,2020-03-22,1.1227,4.0676077640696295,-0.10299139496754683,0.9019399197888881
hong_kong_sar,2.241577293208915,1.8584903445061194,2.660028252508024,2.2353537738443334,2020-03-23,1.7308,4.2657622693932735,-0.019079108635415967,0.820415073412303
hong_kong_sar,1.5163795044732984,1.2296816268978699,1.8326686147109472,1.5111717737936778,NA,NA,NA,NA,NA
hong_kong_sar,1.2088647098271619,0.9708176266584273,1.4726208055029988,1.2043401536431262,NA,NA,NA,NA,NA
hong_kong_sar,0.8062279140408036,0.6222296830875083,1.0136960465761005,0.802097202463727,NA,NA,NA,NA,NA
hong_kong_sar,0.5566493069072829,0.40900497320531026,0.7266944626920017,0.5527064558287684,NA,NA,NA,NA,NA
hong_kong_sar,0.34347177747756874,0.23002843995957556,0.4792946828701335,0.3395319952012369,NA,NA,NA,NA,NA
hong_kong_sar,0.2351265167203685,0.14156152257377905,0.3520433042210502,0.23101460395740672,NA,NA,NA,NA,NA
hong_kong_sar,0.013474180149335057,3.4113670576659525e-4,0.04970462631391193,0.009339589980868377,NA,NA,NA,NA,NA
