"","date","id","month_day","province","movement","year"
"1",2019-01-12,110000,"01-12","beijing",3.8859,"2019"
"2",2019-01-12,810000,"01-12","hong_kong_sar",2.2329,"2019"
"3",2019-01-13,110000,"01-13","beijing",3.6699,"2019"
"4",2019-01-13,810000,"01-13","hong_kong_sar",1.9189,"2019"
"5",2019-01-14,110000,"01-14","beijing",5.2773,"2019"
"6",2019-01-14,810000,"01-14","hong_kong_sar",2.6489,"2019"
"7",2019-01-15,110000,"01-15","beijing",5.396,"2019"
"8",2019-01-15,810000,"01-15","hong_kong_sar",2.7366,"2019"
"9",2019-01-16,110000,"01-16","beijing",5.2085,"2019"
"10",2019-01-16,810000,"01-16","hong_kong_sar",2.6332,"2019"
"11",2019-01-17,110000,"01-17","beijing",5.314,"2019"
"12",2019-01-17,810000,"01-17","hong_kong_sar",2.6803,"2019"
"13",2019-01-18,110000,"01-18","beijing",5.4196,"2019"
"14",2019-01-18,810000,"01-18","hong_kong_sar",2.7275,"2019"
"15",2019-01-19,110000,"01-19","beijing",3.9943,"2019"
"16",2019-01-19,810000,"01-19","hong_kong_sar",2.3542,"2019"
"17",2019-01-20,110000,"01-20","beijing",3.7424,"2019"
"18",2019-01-20,810000,"01-20","hong_kong_sar",2.0639,"2019"
"19",2019-01-21,110000,"01-21","beijing",5.1219,"2019"
"20",2019-01-21,810000,"01-21","hong_kong_sar",2.7556,"2019"
"21",2019-01-22,110000,"01-22","beijing",5.0817,"2019"
"22",2019-01-22,810000,"01-22","hong_kong_sar",2.7567,"2019"
"23",2019-01-23,110000,"01-23","beijing",5.0606,"2019"
"24",2019-01-23,810000,"01-23","hong_kong_sar",2.7645,"2019"
"25",2019-01-24,110000,"01-24","beijing",5.1698,"2019"
"26",2019-01-24,810000,"01-24","hong_kong_sar",2.8495,"2019"
"27",2019-01-25,110000,"01-25","beijing",4.9769,"2019"
"28",2019-01-25,810000,"01-25","hong_kong_sar",2.802,"2019"
"29",2019-01-26,110000,"01-26","beijing",3.6434,"2019"
"30",2019-01-26,810000,"01-26","hong_kong_sar",2.4272,"2019"
"31",2019-01-27,110000,"01-27","beijing",3.3609,"2019"
"32",2019-01-27,810000,"01-27","hong_kong_sar",2.1258,"2019"
"33",2019-01-28,110000,"01-28","beijing",4.7515,"2019"
"34",2019-01-28,810000,"01-28","hong_kong_sar",2.9432,"2019"
"35",2019-01-29,110000,"01-29","beijing",4.5689,"2019"
"36",2019-01-29,810000,"01-29","hong_kong_sar",2.9273,"2019"
"37",2019-01-30,110000,"01-30","beijing",4.3338,"2019"
"38",2019-01-30,810000,"01-30","hong_kong_sar",2.9092,"2019"
"39",2019-01-31,110000,"01-31","beijing",4.2049,"2019"
"40",2019-01-31,810000,"01-31","hong_kong_sar",2.9553,"2019"
"41",2019-02-01,110000,"02-01","beijing",3.5228,"2019"
"42",2019-02-01,810000,"02-01","hong_kong_sar",2.6452,"2019"
"43",2019-02-02,110000,"02-02","beijing",3.1155,"2019"
"44",2019-02-02,810000,"02-02","hong_kong_sar",2.1441,"2019"
"45",2019-02-03,110000,"02-03","beijing",2.3946,"2019"
"46",2019-02-03,810000,"02-03","hong_kong_sar",1.7554,"2019"
"47",2019-02-04,110000,"02-04","beijing",2.0752,"2019"
"48",2019-02-04,810000,"02-04","hong_kong_sar",1.6949,"2019"
"49",2019-02-05,110000,"02-05","beijing",1.9505,"2019"
"50",2019-02-05,810000,"02-05","hong_kong_sar",1.8441,"2019"
"51",2019-02-06,110000,"02-06","beijing",2.0304,"2019"
"52",2019-02-06,810000,"02-06","hong_kong_sar",1.9933,"2019"
"53",2019-02-07,110000,"02-07","beijing",1.9313,"2019"
"54",2019-02-07,810000,"02-07","hong_kong_sar",2.0127,"2019"
"55",2019-02-08,110000,"02-08","beijing",1.9967,"2019"
"56",2019-02-08,810000,"02-08","hong_kong_sar",2.3628,"2019"
"57",2019-02-09,110000,"02-09","beijing",2.0932,"2019"
"58",2019-02-09,810000,"02-09","hong_kong_sar",2.1479,"2019"
"59",2019-02-10,110000,"02-10","beijing",2.1831,"2019"
"60",2019-02-10,810000,"02-10","hong_kong_sar",2.0094,"2019"
"61",2019-02-11,110000,"02-11","beijing",3.4575,"2019"
"62",2019-02-11,810000,"02-11","hong_kong_sar",2.6756,"2019"
"63",2019-02-12,110000,"02-12","beijing",3.7219,"2019"
"64",2019-02-12,810000,"02-12","hong_kong_sar",2.7868,"2019"
"65",2019-02-13,110000,"02-13","beijing",4.14,"2019"
"66",2019-02-13,810000,"02-13","hong_kong_sar",2.7995,"2019"
"67",2019-02-14,110000,"02-14","beijing",4.0488,"2019"
"68",2019-02-14,810000,"02-14","hong_kong_sar",2.7631,"2019"
"69",2019-02-15,110000,"02-15","beijing",4.2197,"2019"
"70",2019-02-15,810000,"02-15","hong_kong_sar",2.7849,"2019"
"71",2019-02-16,110000,"02-16","beijing",3.1755,"2019"
"72",2019-02-16,810000,"02-16","hong_kong_sar",2.379,"2019"
"73",2019-02-17,110000,"02-17","beijing",3.1204,"2019"
"74",2019-02-17,810000,"02-17","hong_kong_sar",1.9642,"2019"
"75",2019-02-18,110000,"02-18","beijing",4.8428,"2019"
"76",2019-02-18,810000,"02-18","hong_kong_sar",2.7234,"2019"
"77",2019-02-19,110000,"02-19","beijing",4.5777,"2019"
"78",2019-02-19,810000,"02-19","hong_kong_sar",2.5294,"2019"
"79",2019-02-20,110000,"02-20","beijing",4.6964,"2019"
"80",2019-02-20,810000,"02-20","hong_kong_sar",2.6466,"2019"
"81",2019-02-21,110000,"02-21","beijing",4.7958,"2019"
"82",2019-02-21,810000,"02-21","hong_kong_sar",2.6692,"2019"
"83",2019-02-22,110000,"02-22","beijing",4.9471,"2019"
"84",2019-02-22,810000,"02-22","hong_kong_sar",2.7075,"2019"
"85",2019-02-23,110000,"02-23","beijing",3.7643,"2019"
"86",2019-02-23,810000,"02-23","hong_kong_sar",2.293,"2019"
"87",2019-02-24,110000,"02-24","beijing",3.598,"2019"
"88",2019-02-24,810000,"02-24","hong_kong_sar",1.9106,"2019"
"89",2019-02-25,110000,"02-25","beijing",5.1283,"2019"
"90",2019-02-25,810000,"02-25","hong_kong_sar",2.6447,"2019"
"91",2019-02-26,110000,"02-26","beijing",5.1492,"2019"
"92",2019-02-26,810000,"02-26","hong_kong_sar",2.6603,"2019"
"93",2019-02-27,110000,"02-27","beijing",5.423,"2019"
"94",2019-02-27,810000,"02-27","hong_kong_sar",2.7875,"2019"
"95",2019-02-28,110000,"02-28","beijing",5.6271,"2019"
"96",2019-02-28,810000,"02-28","hong_kong_sar",2.8904,"2019"
"97",2019-03-01,110000,"03-01","beijing",5.7817,"2019"
"98",2019-03-01,810000,"03-01","hong_kong_sar",2.8757,"2019"
"99",2019-03-02,110000,"03-02","beijing",4.2203,"2019"
"100",2019-03-02,810000,"03-02","hong_kong_sar",2.4125,"2019"
"101",2019-03-03,110000,"03-03","beijing",3.9905,"2019"
"102",2019-03-03,810000,"03-03","hong_kong_sar",1.9298,"2019"
"103",2019-03-04,110000,"03-04","beijing",5.3984,"2019"
"104",2019-03-04,810000,"03-04","hong_kong_sar",2.6785,"2019"
"105",2019-03-05,110000,"03-05","beijing",5.6617,"2019"
"106",2019-03-05,810000,"03-05","hong_kong_sar",2.7736,"2019"
"107",2019-03-06,110000,"03-06","beijing",5.3674,"2019"
"108",2019-03-06,810000,"03-06","hong_kong_sar",2.618,"2019"
"109",2019-03-07,110000,"03-07","beijing",5.3993,"2019"
"110",2019-03-07,810000,"03-07","hong_kong_sar",2.5932,"2019"
"111",2019-03-08,110000,"03-08","beijing",5.5659,"2019"
"112",2019-03-08,810000,"03-08","hong_kong_sar",2.6434,"2019"
"113",2019-03-09,110000,"03-09","beijing",4.1312,"2019"
"114",2019-03-09,810000,"03-09","hong_kong_sar",2.2231,"2019"
"115",2019-03-10,110000,"03-10","beijing",4.0263,"2019"
"116",2019-03-10,810000,"03-10","hong_kong_sar",1.8792,"2019"
"117",2019-03-11,110000,"03-11","beijing",5.5206,"2019"
"118",2019-03-11,810000,"03-11","hong_kong_sar",2.723,"2019"
"119",2019-03-12,110000,"03-12","beijing",5.5746,"2019"
"120",2019-03-12,810000,"03-12","hong_kong_sar",2.7718,"2019"
"121",2019-03-13,110000,"03-13","beijing",5.6005,"2019"
"122",2019-03-13,810000,"03-13","hong_kong_sar",2.7602,"2019"
"123",2019-03-14,110000,"03-14","beijing",5.4631,"2019"
"124",2019-03-14,810000,"03-14","hong_kong_sar",2.6938,"2019"
"125",2019-03-15,110000,"03-15","beijing",5.7468,"2019"
"126",2019-03-15,810000,"03-15","hong_kong_sar",2.7252,"2019"
"127",2019-03-16,110000,"03-16","beijing",4.3296,"2019"
"128",2019-03-16,810000,"03-16","hong_kong_sar",2.3513,"2019"
"129",2019-03-17,110000,"03-17","beijing",3.9862,"2019"
"130",2019-03-17,810000,"03-17","hong_kong_sar",1.9254,"2019"
"131",2019-03-18,110000,"03-18","beijing",5.382,"2019"
"132",2019-03-18,810000,"03-18","hong_kong_sar",2.6526,"2019"
"133",2019-03-19,110000,"03-19","beijing",5.5034,"2019"
"134",2019-03-19,810000,"03-19","hong_kong_sar",2.6993,"2019"
"135",2019-03-20,110000,"03-20","beijing",5.4966,"2019"
"136",2019-03-20,810000,"03-20","hong_kong_sar",2.7225,"2019"
"137",2019-03-21,110000,"03-21","beijing",5.3998,"2019"
"138",2019-03-21,810000,"03-21","hong_kong_sar",2.7225,"2019"
"139",2019-03-22,110000,"03-22","beijing",5.6905,"2019"
"140",2019-03-22,810000,"03-22","hong_kong_sar",2.7825,"2019"
"141",2019-03-23,110000,"03-23","beijing",4.2389,"2019"
"142",2019-03-23,810000,"03-23","hong_kong_sar",2.3144,"2019"
"143",2019-03-24,110000,"03-24","beijing",4.0827,"2019"
"144",2019-03-24,810000,"03-24","hong_kong_sar",1.9403,"2019"
"145",2019-03-25,110000,"03-25","beijing",5.5655,"2019"
"146",2019-03-25,810000,"03-25","hong_kong_sar",2.6701,"2019"
"147",2019-03-26,110000,"03-26","beijing",5.4459,"2019"
"148",2019-03-26,810000,"03-26","hong_kong_sar",2.7013,"2019"
"149",2019-03-27,110000,"03-27","beijing",5.4428,"2019"
"150",2019-03-27,810000,"03-27","hong_kong_sar",2.6997,"2019"
"151",2019-03-28,110000,"03-28","beijing",5.3742,"2019"
"152",2019-03-28,810000,"03-28","hong_kong_sar",2.6808,"2019"
"153",2020-01-01,110000,"01-01","beijing",4.7008,"2020"
"154",2020-01-01,810000,"01-01","hong_kong_sar",1.7542,"2020"
"155",2020-01-02,110000,"01-02","beijing",6.5167,"2020"
"156",2020-01-02,810000,"01-02","hong_kong_sar",2.5403,"2020"
"157",2020-01-03,110000,"01-03","beijing",6.6137,"2020"
"158",2020-01-03,810000,"01-03","hong_kong_sar",2.6295,"2020"
"159",2020-01-04,110000,"01-04","beijing",4.857,"2020"
"160",2020-01-04,810000,"01-04","hong_kong_sar",2.188,"2020"
"161",2020-01-05,110000,"01-05","beijing",4.5687,"2020"
"162",2020-01-05,810000,"01-05","hong_kong_sar",1.8624,"2020"
"163",2020-01-06,110000,"01-06","beijing",6.3456,"2020"
"164",2020-01-06,810000,"01-06","hong_kong_sar",2.6672,"2020"
"165",2020-01-07,110000,"01-07","beijing",6.4933,"2020"
"166",2020-01-07,810000,"01-07","hong_kong_sar",2.7954,"2020"
"167",2020-01-08,110000,"01-08","beijing",6.5695,"2020"
"168",2020-01-08,810000,"01-08","hong_kong_sar",2.8099,"2020"
"169",2020-01-09,110000,"01-09","beijing",6.5505,"2020"
"170",2020-01-09,810000,"01-09","hong_kong_sar",2.7935,"2020"
"171",2020-01-10,110000,"01-10","beijing",6.6375,"2020"
"172",2020-01-10,810000,"01-10","hong_kong_sar",2.6682,"2020"
"173",2020-01-11,110000,"01-11","beijing",5.0008,"2020"
"174",2020-01-11,810000,"01-11","hong_kong_sar",2.2069,"2020"
"175",2020-01-12,110000,"01-12","beijing",4.7315,"2020"
"176",2020-01-12,810000,"01-12","hong_kong_sar",1.9131,"2020"
"177",2020-01-13,110000,"01-13","beijing",6.4348,"2020"
"178",2020-01-13,810000,"01-13","hong_kong_sar",2.6088,"2020"
"179",2020-01-14,110000,"01-14","beijing",6.351,"2020"
"180",2020-01-14,810000,"01-14","hong_kong_sar",2.6711,"2020"
"181",2020-01-15,110000,"01-15","beijing",6.3716,"2020"
"182",2020-01-15,810000,"01-15","hong_kong_sar",2.7508,"2020"
"183",2020-01-16,110000,"01-16","beijing",6.2938,"2020"
"184",2020-01-16,810000,"01-16","hong_kong_sar",2.7079,"2020"
"185",2020-01-17,110000,"01-17","beijing",6.1884,"2020"
"186",2020-01-17,810000,"01-17","hong_kong_sar",2.7022,"2020"
"187",2020-01-18,110000,"01-18","beijing",4.4901,"2020"
"188",2020-01-18,810000,"01-18","hong_kong_sar",2.287,"2020"
"189",2020-01-19,110000,"01-19","beijing",5.3592,"2020"
"190",2020-01-19,810000,"01-19","hong_kong_sar",1.8916,"2020"
"191",2020-01-20,110000,"01-20","beijing",5.2178,"2020"
"192",2020-01-20,810000,"01-20","hong_kong_sar",2.6797,"2020"
"193",2020-01-21,110000,"01-21","beijing",4.6594,"2020"
"194",2020-01-21,810000,"01-21","hong_kong_sar",2.6169,"2020"
"195",2020-01-22,110000,"01-22","beijing",3.9546,"2020"
"196",2020-01-22,810000,"01-22","hong_kong_sar",2.3776,"2020"
"197",2020-01-23,110000,"01-23","beijing",3.0974,"2020"
"198",2020-01-23,810000,"01-23","hong_kong_sar",2.049,"2020"
"199",2020-01-24,110000,"01-24","beijing",2.4029,"2020"
"200",2020-01-24,810000,"01-24","hong_kong_sar",1.7256,"2020"
"201",2020-01-25,110000,"01-25","beijing",1.8254,"2020"
"202",2020-01-25,810000,"01-25","hong_kong_sar",1.2884,"2020"
"203",2020-01-26,110000,"01-26","beijing",1.6544,"2020"
"204",2020-01-26,810000,"01-26","hong_kong_sar",1.2304,"2020"
"205",2020-01-27,110000,"01-27","beijing",1.4808,"2020"
"206",2020-01-27,810000,"01-27","hong_kong_sar",1.1668,"2020"
"207",2020-01-28,110000,"01-28","beijing",1.386,"2020"
"208",2020-01-28,810000,"01-28","hong_kong_sar",1.1724,"2020"
"209",2020-01-29,110000,"01-29","beijing",1.4498,"2020"
"210",2020-01-29,810000,"01-29","hong_kong_sar",1.3369,"2020"
"211",2020-01-30,110000,"01-30","beijing",1.3431,"2020"
"212",2020-01-30,810000,"01-30","hong_kong_sar",1.3555,"2020"
"213",2020-01-31,110000,"01-31","beijing",1.5133,"2020"
"214",2020-01-31,810000,"01-31","hong_kong_sar",1.4108,"2020"
"215",2020-02-01,110000,"02-01","beijing",1.4764,"2020"
"216",2020-02-01,810000,"02-01","hong_kong_sar",1.2769,"2020"
"217",2020-02-02,110000,"02-02","beijing",1.3508,"2020"
"218",2020-02-02,810000,"02-02","hong_kong_sar",1.139,"2020"
"219",2020-02-03,110000,"02-03","beijing",1.8071,"2020"
"220",2020-02-03,810000,"02-03","hong_kong_sar",1.6456,"2020"
"221",2020-02-04,110000,"02-04","beijing",1.6746,"2020"
"222",2020-02-04,810000,"02-04","hong_kong_sar",1.5681,"2020"
"223",2020-02-05,110000,"02-05","beijing",1.563,"2020"
"224",2020-02-05,810000,"02-05","hong_kong_sar",1.5648,"2020"
"225",2020-02-06,110000,"02-06","beijing",1.4363,"2020"
"226",2020-02-06,810000,"02-06","hong_kong_sar",1.5709,"2020"
"227",2020-02-07,110000,"02-07","beijing",1.6097,"2020"
"228",2020-02-07,810000,"02-07","hong_kong_sar",1.612,"2020"
"229",2020-02-08,110000,"02-08","beijing",1.3753,"2020"
"230",2020-02-08,810000,"02-08","hong_kong_sar",1.3584,"2020"
"231",2020-02-09,110000,"02-09","beijing",1.3557,"2020"
"232",2020-02-09,810000,"02-09","hong_kong_sar",1.1033,"2020"
"233",2020-02-10,110000,"02-10","beijing",2.2462,"2020"
"234",2020-02-10,810000,"02-10","hong_kong_sar",1.6097,"2020"
"235",2020-02-11,110000,"02-11","beijing",2.0881,"2020"
"236",2020-02-11,810000,"02-11","hong_kong_sar",1.5548,"2020"
"237",2020-02-12,110000,"02-12","beijing",2.0954,"2020"
"238",2020-02-12,810000,"02-12","hong_kong_sar",1.6719,"2020"
"239",2020-02-13,110000,"02-13","beijing",2.1563,"2020"
"240",2020-02-13,810000,"02-13","hong_kong_sar",1.5483,"2020"
"241",2020-02-14,110000,"02-14","beijing",1.863,"2020"
"242",2020-02-14,810000,"02-14","hong_kong_sar",1.6461,"2020"
"243",2020-02-15,110000,"02-15","beijing",1.3779,"2020"
"244",2020-02-15,810000,"02-15","hong_kong_sar",1.3561,"2020"
"245",2020-02-16,110000,"02-16","beijing",1.4317,"2020"
"246",2020-02-16,810000,"02-16","hong_kong_sar",1.0912,"2020"
"247",2020-02-17,110000,"02-17","beijing",2.4975,"2020"
"248",2020-02-17,810000,"02-17","hong_kong_sar",1.6941,"2020"
"249",2020-02-18,110000,"02-18","beijing",2.4258,"2020"
"250",2020-02-18,810000,"02-18","hong_kong_sar",1.7398,"2020"
"251",2020-02-19,110000,"02-19","beijing",2.417,"2020"
"252",2020-02-19,810000,"02-19","hong_kong_sar",1.6912,"2020"
"253",2020-02-20,110000,"02-20","beijing",2.4069,"2020"
"254",2020-02-20,810000,"02-20","hong_kong_sar",1.7161,"2020"
"255",2020-02-21,110000,"02-21","beijing",2.4652,"2020"
"256",2020-02-21,810000,"02-21","hong_kong_sar",1.7005,"2020"
"257",2020-02-22,110000,"02-22","beijing",1.5908,"2020"
"258",2020-02-22,810000,"02-22","hong_kong_sar",1.439,"2020"
"259",2020-02-23,110000,"02-23","beijing",1.5594,"2020"
"260",2020-02-23,810000,"02-23","hong_kong_sar",1.1923,"2020"
"261",2020-02-24,110000,"02-24","beijing",2.7557,"2020"
"262",2020-02-24,810000,"02-24","hong_kong_sar",1.8193,"2020"
"263",2020-02-25,110000,"02-25","beijing",2.6773,"2020"
"264",2020-02-25,810000,"02-25","hong_kong_sar",1.7762,"2020"
"265",2020-02-26,110000,"02-26","beijing",2.7353,"2020"
"266",2020-02-26,810000,"02-26","hong_kong_sar",1.702,"2020"
"267",2020-02-27,110000,"02-27","beijing",2.7116,"2020"
"268",2020-02-27,810000,"02-27","hong_kong_sar",1.686,"2020"
"269",2020-02-28,110000,"02-28","beijing",2.792,"2020"
"270",2020-02-28,810000,"02-28","hong_kong_sar",1.758,"2020"
"271",2020-02-29,110000,"02-29","beijing",1.7131,"2020"
"272",2020-02-29,810000,"02-29","hong_kong_sar",1.4897,"2020"
"273",2020-03-01,110000,"03-01","beijing",1.8045,"2020"
"274",2020-03-01,810000,"03-01","hong_kong_sar",1.1727,"2020"
"275",2020-03-02,110000,"03-02","beijing",3.1671,"2020"
"276",2020-03-02,810000,"03-02","hong_kong_sar",1.8523,"2020"
"277",2020-03-03,110000,"03-03","beijing",3.0333,"2020"
"278",2020-03-03,810000,"03-03","hong_kong_sar",1.8118,"2020"
"279",2020-03-04,110000,"03-04","beijing",3.1057,"2020"
"280",2020-03-04,810000,"03-04","hong_kong_sar",1.7938,"2020"
"281",2020-03-05,110000,"03-05","beijing",3.0999,"2020"
"282",2020-03-05,810000,"03-05","hong_kong_sar",1.7728,"2020"
"283",2020-03-06,110000,"03-06","beijing",3.1469,"2020"
"284",2020-03-06,810000,"03-06","hong_kong_sar",1.8232,"2020"
"285",2020-03-07,110000,"03-07","beijing",2.0726,"2020"
"286",2020-03-07,810000,"03-07","hong_kong_sar",1.4807,"2020"
"287",2020-03-08,110000,"03-08","beijing",1.8734,"2020"
"288",2020-03-08,810000,"03-08","hong_kong_sar",1.2744,"2020"
"289",2020-03-09,110000,"03-09","beijing",3.3765,"2020"
"290",2020-03-09,810000,"03-09","hong_kong_sar",1.9137,"2020"
"291",2020-03-10,110000,"03-10","beijing",3.3717,"2020"
"292",2020-03-10,810000,"03-10","hong_kong_sar",1.808,"2020"
"293",2020-03-11,110000,"03-11","beijing",3.4222,"2020"
"294",2020-03-11,810000,"03-11","hong_kong_sar",1.797,"2020"
"295",2020-03-12,110000,"03-12","beijing",3.3891,"2020"
"296",2020-03-12,810000,"03-12","hong_kong_sar",1.8342,"2020"
"297",2020-03-13,110000,"03-13","beijing",3.4999,"2020"
"298",2020-03-13,810000,"03-13","hong_kong_sar",1.8693,"2020"
"299",2020-03-14,110000,"03-14","beijing",2.2523,"2020"
"300",2020-03-14,810000,"03-14","hong_kong_sar",1.4583,"2020"
"301",2020-03-15,110000,"03-15","beijing",2.2133,"2020"
"302",2020-03-15,810000,"03-15","hong_kong_sar",1.2446,"2020"
"303",2020-03-16,110000,"03-16","beijing",3.6972,"2020"
"304",2020-03-16,810000,"03-16","hong_kong_sar",1.86,"2020"
"305",2020-03-17,110000,"03-17","beijing",3.6903,"2020"
"306",2020-03-17,810000,"03-17","hong_kong_sar",1.7998,"2020"
"307",2020-03-18,110000,"03-18","beijing",3.6853,"2020"
"308",2020-03-18,810000,"03-18","hong_kong_sar",1.7864,"2020"
"309",2020-03-19,110000,"03-19","beijing",3.6655,"2020"
"310",2020-03-19,810000,"03-19","hong_kong_sar",1.7642,"2020"
"311",2020-03-20,110000,"03-20","beijing",3.8176,"2020"
"312",2020-03-20,810000,"03-20","hong_kong_sar",1.8097,"2020"
"313",2020-03-21,110000,"03-21","beijing",2.5395,"2020"
"314",2020-03-21,810000,"03-21","hong_kong_sar",1.4038,"2020"
"315",2020-03-22,110000,"03-22","beijing",2.4417,"2020"
"316",2020-03-22,810000,"03-22","hong_kong_sar",1.1227,"2020"
"317",2020-03-23,110000,"03-23","beijing",3.9845,"2020"
"318",2020-03-23,810000,"03-23","hong_kong_sar",1.7308,"2020"
"319",2020-03-24,110000,"03-24","beijing",3.9459,"2020"
"320",2020-03-24,810000,"03-24","hong_kong_sar",1.6602,"2020"
"321",2019-01-12,330100,"01-12","zhejiang",4.54657473941084,"2019"
"322",2019-01-13,330100,"01-13","zhejiang",4.3208047481262,"2019"
"323",2019-01-14,330100,"01-14","zhejiang",4.86777966358724,"2019"
"324",2019-01-15,330100,"01-15","zhejiang",4.92103906745686,"2019"
"325",2019-01-16,330100,"01-16","zhejiang",4.76704015861949,"2019"
"326",2019-01-17,330100,"01-17","zhejiang",4.87951386438905,"2019"
"327",2019-01-18,330100,"01-18","zhejiang",4.99203214572076,"2019"
"328",2019-01-19,330100,"01-19","zhejiang",4.52839288129685,"2019"
"329",2019-01-20,330100,"01-20","zhejiang",4.17770500610075,"2019"
"330",2019-01-21,330100,"01-21","zhejiang",4.61994315844518,"2019"
"331",2019-01-22,330100,"01-22","zhejiang",4.55806294927663,"2019"
"332",2019-01-23,330100,"01-23","zhejiang",4.53031833710999,"2019"
"333",2019-01-24,330100,"01-24","zhejiang",4.53393364127593,"2019"
"334",2019-01-25,330100,"01-25","zhejiang",4.3478380024403,"2019"
"335",2019-01-26,330100,"01-26","zhejiang",3.79103356981001,"2019"
"336",2019-01-27,330100,"01-27","zhejiang",3.50512159316716,"2019"
"337",2019-01-28,330100,"01-28","zhejiang",3.91680780721632,"2019"
"338",2019-01-29,330100,"01-29","zhejiang",3.76071656614956,"2019"
"339",2019-01-30,330100,"01-30","zhejiang",3.62092434373366,"2019"
"340",2019-01-31,330100,"01-31","zhejiang",3.44687492069026,"2019"
"341",2019-02-01,330100,"02-01","zhejiang",3.144683643019,"2019"
"342",2019-02-02,330100,"02-02","zhejiang",3.02074468188949,"2019"
"343",2019-02-03,330100,"02-03","zhejiang",2.70291054383824,"2019"
"344",2019-02-04,330100,"02-04","zhejiang",2.41292719888443,"2019"
"345",2019-02-05,330100,"02-05","zhejiang",2.60183027366219,"2019"
"346",2019-02-06,330100,"02-06","zhejiang",2.79072147986753,"2019"
"347",2019-02-07,330100,"02-07","zhejiang",2.67171012201499,"2019"
"348",2019-02-08,330100,"02-08","zhejiang",2.63309960257975,"2019"
"349",2019-02-09,330100,"02-09","zhejiang",2.5771858044274,"2019"
"350",2019-02-10,330100,"02-10","zhejiang",2.58192691302074,"2019"
"351",2019-02-11,330100,"02-11","zhejiang",3.03069908837371,"2019"
"352",2019-02-12,330100,"02-12","zhejiang",3.35695195572599,"2019"
"353",2019-02-13,330100,"02-13","zhejiang",3.49047878682238,"2019"
"354",2019-02-14,330100,"02-14","zhejiang",3.70657119923305,"2019"
"355",2019-02-15,330100,"02-15","zhejiang",3.73390038347568,"2019"
"356",2019-02-16,330100,"02-16","zhejiang",3.37740235140317,"2019"
"357",2019-02-17,330100,"02-17","zhejiang",3.38000140142932,"2019"
"358",2019-02-18,330100,"02-18","zhejiang",4.17714679100575,"2019"
"359",2019-02-19,330100,"02-19","zhejiang",4.18951056301203,"2019"
"360",2019-02-20,330100,"02-20","zhejiang",4.26574847481262,"2019"
"361",2019-02-21,330100,"02-21","zhejiang",4.23050445006101,"2019"
"362",2019-02-22,330100,"02-22","zhejiang",4.57632262157922,"2019"
"363",2019-02-23,330100,"02-23","zhejiang",4.20613441171344,"2019"
"364",2019-02-24,330100,"02-24","zhejiang",4.03568598919296,"2019"
"365",2019-02-25,330100,"02-25","zhejiang",4.689943643019,"2019"
"366",2019-02-26,330100,"02-26","zhejiang",4.72557640927314,"2019"
"367",2019-02-27,330100,"02-27","zhejiang",4.79507731741328,"2019"
"368",2019-02-28,330100,"02-28","zhejiang",5.00469474115391,"2019"
"369",2019-03-01,330100,"03-01","zhejiang",5.11692572598919,"2019"
"370",2019-03-02,330100,"03-02","zhejiang",4.53864833885306,"2019"
"371",2019-03-03,330100,"03-03","zhejiang",4.36977450235315,"2019"
"372",2019-03-04,330100,"03-04","zhejiang",4.96568040439254,"2019"
"373",2019-03-05,330100,"03-05","zhejiang",5.00366625588287,"2019"
"374",2019-03-06,330100,"03-06","zhejiang",4.97641463831271,"2019"
"375",2019-03-07,330100,"03-07","zhejiang",4.99233523095695,"2019"
"376",2019-03-08,330100,"03-08","zhejiang",5.2037359804776,"2019"
"377",2019-03-09,330100,"03-09","zhejiang",4.6157021370054,"2019"
"378",2019-03-10,330100,"03-10","zhejiang",4.57893996688165,"2019"
"379",2019-03-11,330100,"03-11","zhejiang",5.09116117483005,"2019"
"380",2019-03-12,330100,"03-12","zhejiang",5.12696310440997,"2019"
"381",2019-03-13,330100,"03-13","zhejiang",5.13967816454593,"2019"
"382",2019-03-14,330100,"03-14","zhejiang",4.97028479867527,"2019"
"383",2019-03-15,330100,"03-15","zhejiang",5.31715539131951,"2019"
"384",2019-03-16,330100,"03-16","zhejiang",4.91456962001046,"2019"
"385",2019-03-17,330100,"03-17","zhejiang",4.5667541833711,"2019"
"386",2019-03-18,330100,"03-18","zhejiang",4.99914095520307,"2019"
"387",2019-03-19,330100,"03-19","zhejiang",5.12286599442217,"2019"
"388",2019-03-20,330100,"03-20","zhejiang",5.18893299459648,"2019"
"389",2019-03-21,330100,"03-21","zhejiang",5.05220078263901,"2019"
"390",2019-03-22,330100,"03-22","zhejiang",5.21688113473941,"2019"
"391",2019-03-23,330100,"03-23","zhejiang",4.8297813177619,"2019"
"392",2019-03-24,330100,"03-24","zhejiang",4.57981756492941,"2019"
"393",2019-03-25,330100,"03-25","zhejiang",5.10801434024752,"2019"
"394",2019-03-26,330100,"03-26","zhejiang",5.09726717448144,"2019"
"395",2019-03-27,330100,"03-27","zhejiang",5.06479860902911,"2019"
"396",2019-03-28,330100,"03-28","zhejiang",5.03628793968973,"2019"
"397",2020-01-01,330100,"01-01","zhejiang",5.29265434547673,"2020"
"398",2020-01-02,330100,"01-02","zhejiang",6.02085281506014,"2020"
"399",2020-01-03,330100,"01-03","zhejiang",6.03584664110162,"2020"
"400",2020-01-04,330100,"01-04","zhejiang",5.38084514728952,"2020"
"401",2020-01-05,330100,"01-05","zhejiang",5.20410489628726,"2020"
"402",2020-01-06,330100,"01-06","zhejiang",6.03372765382604,"2020"
"403",2020-01-07,330100,"01-07","zhejiang",5.98709716402301,"2020"
"404",2020-01-08,330100,"01-08","zhejiang",5.95718560048806,"2020"
"405",2020-01-09,330100,"01-09","zhejiang",5.85774099355064,"2020"
"406",2020-01-10,330100,"01-10","zhejiang",5.84852921387485,"2020"
"407",2020-01-11,330100,"01-11","zhejiang",5.18643100575214,"2020"
"408",2020-01-12,330100,"01-12","zhejiang",5.0326034547673,"2020"
"409",2020-01-13,330100,"01-13","zhejiang",5.55283547150078,"2020"
"410",2020-01-14,330100,"01-14","zhejiang",5.41189552727907,"2020"
"411",2020-01-15,330100,"01-15","zhejiang",5.17748693045146,"2020"
"412",2020-01-16,330100,"01-16","zhejiang",5.00672298588112,"2020"
"413",2020-01-17,330100,"01-17","zhejiang",4.92675207076869,"2020"
"414",2020-01-18,330100,"01-18","zhejiang",4.27223632909186,"2020"
"415",2020-01-19,330100,"01-19","zhejiang",4.32297606763117,"2020"
"416",2020-01-20,330100,"01-20","zhejiang",4.2446551368311,"2020"
"417",2020-01-21,330100,"01-21","zhejiang",4.02102284469235,"2020"
"418",2020-01-22,330100,"01-22","zhejiang",3.76154284294928,"2020"
"419",2020-01-23,330100,"01-23","zhejiang",3.40551315670211,"2020"
"420",2020-01-24,330100,"01-24","zhejiang",2.84875316367439,"2020"
"421",2020-01-25,330100,"01-25","zhejiang",2.18639247864738,"2020"
"422",2020-01-26,330100,"01-26","zhejiang",1.91568326477253,"2020"
"423",2020-01-27,330100,"01-27","zhejiang",1.79661982220673,"2020"
"424",2020-01-28,330100,"01-28","zhejiang",1.64338878507931,"2020"
"425",2020-01-29,330100,"01-29","zhejiang",1.60383516472024,"2020"
"426",2020-01-30,330100,"01-30","zhejiang",1.50305842600662,"2020"
"427",2020-01-31,330100,"01-31","zhejiang",1.50629919470106,"2020"
"428",2020-02-01,330100,"02-01","zhejiang",1.46953339898902,"2020"
"429",2020-02-02,330100,"02-02","zhejiang",1.36339089942479,"2020"
"430",2020-02-03,330100,"02-03","zhejiang",1.37540720062751,"2020"
"431",2020-02-04,330100,"02-04","zhejiang",1.21632482830748,"2020"
"432",2020-02-05,330100,"02-05","zhejiang",1.20670005752135,"2020"
"433",2020-02-06,330100,"02-06","zhejiang",1.02302281680321,"2020"
"434",2020-02-07,330100,"02-07","zhejiang",1.05863645459299,"2020"
"435",2020-02-08,330100,"02-08","zhejiang",1.02669118877462,"2020"
"436",2020-02-09,330100,"02-09","zhejiang",1.07258385741677,"2020"
"437",2020-02-10,330100,"02-10","zhejiang",1.29675014641799,"2020"
"438",2020-02-11,330100,"02-11","zhejiang",1.2553557678229,"2020"
"439",2020-02-12,330100,"02-12","zhejiang",1.36825033118355,"2020"
"440",2020-02-13,330100,"02-13","zhejiang",1.46767700017431,"2020"
"441",2020-02-14,330100,"02-14","zhejiang",1.61548420080181,"2020"
"442",2020-02-15,330100,"02-15","zhejiang",1.48775640753007,"2020"
"443",2020-02-16,330100,"02-16","zhejiang",1.51067286735227,"2020"
"444",2020-02-17,330100,"02-17","zhejiang",2.07858190691999,"2020"
"445",2020-02-18,330100,"02-18","zhejiang",2.26731945267561,"2020"
"446",2020-02-19,330100,"02-19","zhejiang",2.44665548370228,"2020"
"447",2020-02-20,330100,"02-20","zhejiang",2.75817573121841,"2020"
"448",2020-02-21,330100,"02-21","zhejiang",2.96343284817849,"2020"
"449",2020-02-22,330100,"02-22","zhejiang",2.71312206379641,"2020"
"450",2020-02-23,330100,"02-23","zhejiang",2.61500368833885,"2020"
"451",2020-02-24,330100,"02-24","zhejiang",3.52112287432456,"2020"
"452",2020-02-25,330100,"02-25","zhejiang",3.59802008366742,"2020"
"453",2020-02-26,330100,"02-26","zhejiang",3.55387533379815,"2020"
"454",2020-02-27,330100,"02-27","zhejiang",3.72867426529545,"2020"
"455",2020-02-28,330100,"02-28","zhejiang",3.878355403521,"2020"
"456",2020-02-29,330100,"02-29","zhejiang",3.53737163500087,"2020"
"457",2020-03-01,330100,"03-01","zhejiang",3.27759877810702,"2020"
"458",2020-03-02,330100,"03-02","zhejiang",4.32106453198536,"2020"
"459",2020-03-03,330100,"03-03","zhejiang",4.3247396723026,"2020"
"460",2020-03-04,330100,"03-04","zhejiang",4.36290396025797,"2020"
"461",2020-03-05,330100,"03-05","zhejiang",4.54420083493115,"2020"
"462",2020-03-06,330100,"03-06","zhejiang",4.56563284294928,"2020"
"463",2020-03-07,330100,"03-07","zhejiang",4.1636702126547,"2020"
"464",2020-03-08,330100,"03-08","zhejiang",3.84971279414328,"2020"
"465",2020-03-09,330100,"03-09","zhejiang",4.76434952414154,"2020"
"466",2020-03-10,330100,"03-10","zhejiang",4.88152295276277,"2020"
"467",2020-03-11,330100,"03-11","zhejiang",4.97708662715705,"2020"
"468",2020-03-12,330100,"03-12","zhejiang",4.88221163500087,"2020"
"469",2020-03-13,330100,"03-13","zhejiang",5.02078113996862,"2020"
"470",2020-03-14,330100,"03-14","zhejiang",4.57610861251525,"2020"
"471",2020-03-15,330100,"03-15","zhejiang",4.39223680320725,"2020"
"472",2020-03-16,330100,"03-16","zhejiang",5.22886452501307,"2020"
"473",2020-03-17,330100,"03-17","zhejiang",5.23553308349311,"2020"
"474",2020-03-18,330100,"03-18","zhejiang",5.29347093428621,"2020"
"475",2020-03-19,330100,"03-19","zhejiang",5.32142194178142,"2020"
"476",2020-03-20,330100,"03-20","zhejiang",5.40786305560397,"2020"
"477",2020-03-21,330100,"03-21","zhejiang",4.93679625065365,"2020"
"478",2020-03-22,330100,"03-22","zhejiang",4.57697582534426,"2020"
"479",2020-03-23,330100,"03-23","zhejiang",5.47096880599616,"2020"
"480",2020-03-24,330100,"03-24","zhejiang",5.48088196269827,"2020"
"481",2019-01-12,340100,"01-12","anhui",4.58065083138989,"2019"
"482",2019-01-13,340100,"01-13","anhui",4.47131049459369,"2019"
"483",2019-01-14,340100,"01-14","anhui",4.833312563225,"2019"
"484",2019-01-15,340100,"01-15","anhui",4.89621055516855,"2019"
"485",2019-01-16,340100,"01-16","anhui",4.75853167762062,"2019"
"486",2019-01-17,340100,"01-17","anhui",4.88831892812793,"2019"
"487",2019-01-18,340100,"01-18","anhui",5.01807834751795,"2019"
"488",2019-01-19,340100,"01-19","anhui",4.69243685374201,"2019"
"489",2019-01-20,340100,"01-20","anhui",4.53916680195051,"2019"
"490",2019-01-21,340100,"01-21","anhui",4.98837731320229,"2019"
"491",2019-01-22,340100,"01-22","anhui",5.01300747645152,"2019"
"492",2019-01-23,340100,"01-23","anhui",5.17155263954932,"2019"
"493",2019-01-24,340100,"01-24","anhui",5.32847200835933,"2019"
"494",2019-01-25,340100,"01-25","anhui",5.34590091165157,"2019"
"495",2019-01-26,340100,"01-26","anhui",5.04753735651331,"2019"
"496",2019-01-27,340100,"01-27","anhui",5.08893914801466,"2019"
"497",2019-01-28,340100,"01-28","anhui",5.69456776206197,"2019"
"498",2019-01-29,340100,"01-29","anhui",5.78450492473574,"2019"
"499",2019-01-30,340100,"01-30","anhui",5.68303982645304,"2019"
"500",2019-01-31,340100,"01-31","anhui",5.86962810370415,"2019"
"501",2019-02-01,340100,"02-01","anhui",5.82126823908895,"2019"
"502",2019-02-02,340100,"02-02","anhui",6.00813379774056,"2019"
"503",2019-02-03,340100,"02-03","anhui",5.54700983129903,"2019"
"504",2019-02-04,340100,"02-04","anhui",4.86928802283672,"2019"
"505",2019-02-05,340100,"02-05","anhui",5.59038935094042,"2019"
"506",2019-02-06,340100,"02-06","anhui",6.31151420026047,"2019"
"507",2019-02-07,340100,"02-07","anhui",6.05968648272102,"2019"
"508",2019-02-08,340100,"02-08","anhui",5.79438659781325,"2019"
"509",2019-02-09,340100,"02-09","anhui",5.44229443619953,"2019"
"510",2019-02-10,340100,"02-10","anhui",5.53356706847987,"2019"
"511",2019-02-11,340100,"02-11","anhui",5.87584070630281,"2019"
"512",2019-02-12,340100,"02-12","anhui",5.77497916224975,"2019"
"513",2019-02-13,340100,"02-13","anhui",5.62104263409759,"2019"
"514",2019-02-14,340100,"02-14","anhui",5.51453319047763,"2019"
"515",2019-02-15,340100,"02-15","anhui",5.26871201502256,"2019"
"516",2019-02-16,340100,"02-16","anhui",5.0082839809795,"2019"
"517",2019-02-17,340100,"02-17","anhui",4.8275121876609,"2019"
"518",2019-02-18,340100,"02-18","anhui",5.08495567586395,"2019"
"519",2019-02-19,340100,"02-19","anhui",5.05316500742042,"2019"
"520",2019-02-20,340100,"02-20","anhui",5.17193385225793,"2019"
"521",2019-02-21,340100,"02-21","anhui",4.90050619226459,"2019"
"522",2019-02-22,340100,"02-22","anhui",4.9573445437199,"2019"
"523",2019-02-23,340100,"02-23","anhui",4.67600882424206,"2019"
"524",2019-02-24,340100,"02-24","anhui",4.53555406608717,"2019"
"525",2019-02-25,340100,"02-25","anhui",4.82163637671503,"2019"
"526",2019-02-26,340100,"02-26","anhui",4.71078478662507,"2019"
"527",2019-02-27,340100,"02-27","anhui",4.76822978314202,"2019"
"528",2019-02-28,340100,"02-28","anhui",5.0410108701578,"2019"
"529",2019-03-01,340100,"03-01","anhui",5.1987993700215,"2019"
"530",2019-03-02,340100,"03-02","anhui",4.75442307447678,"2019"
"531",2019-03-03,340100,"03-03","anhui",4.68339958506224,"2019"
"532",2019-03-04,340100,"03-04","anhui",4.85214991216646,"2019"
"533",2019-03-05,340100,"03-05","anhui",4.90419318835751,"2019"
"534",2019-03-06,340100,"03-06","anhui",4.81829741042493,"2019"
"535",2019-03-07,340100,"03-07","anhui",4.78525621195142,"2019"
"536",2019-03-08,340100,"03-08","anhui",5.10075885604386,"2019"
"537",2019-03-09,340100,"03-09","anhui",4.72889981070358,"2019"
"538",2019-03-10,340100,"03-10","anhui",4.76952286852228,"2019"
"539",2019-03-11,340100,"03-11","anhui",4.91558863009965,"2019"
"540",2019-03-12,340100,"03-12","anhui",4.9576523018445,"2019"
"541",2019-03-13,340100,"03-13","anhui",4.96436831935064,"2019"
"542",2019-03-14,340100,"03-14","anhui",4.89536904776327,"2019"
"543",2019-03-15,340100,"03-15","anhui",5.20850296513917,"2019"
"544",2019-03-16,340100,"03-16","anhui",4.99089921858436,"2019"
"545",2019-03-17,340100,"03-17","anhui",4.64354825998728,"2019"
"546",2019-03-18,340100,"03-18","anhui",4.85165328012842,"2019"
"547",2019-03-19,340100,"03-19","anhui",4.96321058242723,"2019"
"548",2019-03-20,340100,"03-20","anhui",4.93528021473786,"2019"
"549",2019-03-21,340100,"03-21","anhui",4.85813090529121,"2019"
"550",2019-03-22,340100,"03-22","anhui",5.12860995093437,"2019"
"551",2019-03-23,340100,"03-23","anhui",4.80646097767817,"2019"
"552",2019-03-24,340100,"03-24","anhui",4.7372871293576,"2019"
"553",2019-03-25,340100,"03-25","anhui",4.97296796953085,"2019"
"554",2019-03-26,340100,"03-26","anhui",4.88815908319956,"2019"
"555",2019-03-27,340100,"03-27","anhui",4.85714300057546,"2019"
"556",2019-03-28,340100,"03-28","anhui",4.83394702880334,"2019"
"557",2020-01-01,340100,"01-01","anhui",5.13189682739195,"2020"
"558",2020-01-02,340100,"01-02","anhui",5.58596846170155,"2020"
"559",2020-01-03,340100,"01-03","anhui",5.67587776145622,"2020"
"560",2020-01-04,340100,"01-04","anhui",5.1916289744677,"2020"
"561",2020-01-05,340100,"01-05","anhui",4.82194145288791,"2020"
"562",2020-01-06,340100,"01-06","anhui",5.4219921676712,"2020"
"563",2020-01-07,340100,"01-07","anhui",5.30170018021019,"2020"
"564",2020-01-08,340100,"01-08","anhui",5.63614515098283,"2020"
"565",2020-01-09,340100,"01-09","anhui",5.46302282763425,"2020"
"566",2020-01-10,340100,"01-10","anhui",5.63398577853833,"2020"
"567",2020-01-11,340100,"01-11","anhui",5.30398327073932,"2020"
"568",2020-01-12,340100,"01-12","anhui",5.31380334827513,"2020"
"569",2020-01-13,340100,"01-13","anhui",5.89082843383711,"2020"
"570",2020-01-14,340100,"01-14","anhui",6.01697978768513,"2020"
"571",2020-01-15,340100,"01-15","anhui",5.87332290335282,"2020"
"572",2020-01-16,340100,"01-16","anhui",5.87789150891965,"2020"
"573",2020-01-17,340100,"01-17","anhui",6.18737765696459,"2020"
"574",2020-01-18,340100,"01-18","anhui",5.95717864887785,"2020"
"575",2020-01-19,340100,"01-19","anhui",6.32600482024412,"2020"
"576",2020-01-20,340100,"01-20","anhui",6.69646947027289,"2020"
"577",2020-01-21,340100,"01-21","anhui",6.54558053275585,"2020"
"578",2020-01-22,340100,"01-22","anhui",6.56562359693491,"2020"
"579",2020-01-23,340100,"01-23","anhui",6.42872524154224,"2020"
"580",2020-01-24,340100,"01-24","anhui",5.25025147348336,"2020"
"581",2020-01-25,340100,"01-25","anhui",4.63989188448375,"2020"
"582",2020-01-26,340100,"01-26","anhui",4.39038245752188,"2020"
"583",2020-01-27,340100,"01-27","anhui",3.72791621437441,"2020"
"584",2020-01-28,340100,"01-28","anhui",3.40739356846473,"2020"
"585",2020-01-29,340100,"01-29","anhui",3.19183694763304,"2020"
"586",2020-01-30,340100,"01-30","anhui",3.1138763970076,"2020"
"587",2020-01-31,340100,"01-31","anhui",3.00415178695823,"2020"
"588",2020-02-01,340100,"02-01","anhui",2.94977233697792,"2020"
"589",2020-02-02,340100,"02-02","anhui",2.75801442741618,"2020"
"590",2020-02-03,340100,"02-03","anhui",2.85000862585941,"2020"
"591",2020-02-04,340100,"02-04","anhui",2.7507594148469,"2020"
"592",2020-02-05,340100,"02-05","anhui",2.59883171850865,"2020"
"593",2020-02-06,340100,"02-06","anhui",2.24321756519369,"2020"
"594",2020-02-07,340100,"02-07","anhui",2.36734020050277,"2020"
"595",2020-02-08,340100,"02-08","anhui",2.29430317866554,"2020"
"596",2020-02-09,340100,"02-09","anhui",2.32455857285641,"2020"
"597",2020-02-10,340100,"02-10","anhui",2.5274803979768,"2020"
"598",2020-02-11,340100,"02-11","anhui",2.39082065451131,"2020"
"599",2020-02-12,340100,"02-12","anhui",2.51107261713663,"2020"
"600",2020-02-13,340100,"02-13","anhui",2.56305074658509,"2020"
"601",2020-02-14,340100,"02-14","anhui",2.56770789744677,"2020"
"602",2020-02-15,340100,"02-15","anhui",2.13480996759245,"2020"
"603",2020-02-16,340100,"02-16","anhui",2.21934197837478,"2020"
"604",2020-02-17,340100,"02-17","anhui",2.73538667353182,"2020"
"605",2020-02-18,340100,"02-18","anhui",2.81816845715843,"2020"
"606",2020-02-19,340100,"02-19","anhui",2.86654358360844,"2020"
"607",2020-02-20,340100,"02-20","anhui",3.05278248478057,"2020"
"608",2020-02-21,340100,"02-21","anhui",3.19941430929521,"2020"
"609",2020-02-22,340100,"02-22","anhui",3.25936371263289,"2020"
"610",2020-02-23,340100,"02-23","anhui",3.33027724808432,"2020"
"611",2020-02-24,340100,"02-24","anhui",4.06051198927825,"2020"
"612",2020-02-25,340100,"02-25","anhui",3.98212484326256,"2020"
"613",2020-02-26,340100,"02-26","anhui",3.95263812884272,"2020"
"614",2020-02-27,340100,"02-27","anhui",4.00272998606778,"2020"
"615",2020-02-28,340100,"02-28","anhui",3.87906591907199,"2020"
"616",2020-02-29,340100,"02-29","anhui",3.92653448223642,"2020"
"617",2020-03-01,340100,"03-01","anhui",3.97571201653694,"2020"
"618",2020-03-02,340100,"03-02","anhui",4.48613320410697,"2020"
"619",2020-03-03,340100,"03-03","anhui",4.47883573916467,"2020"
"620",2020-03-04,340100,"03-04","anhui",4.56350111457734,"2020"
"621",2020-03-05,340100,"03-05","anhui",4.61541929157707,"2020"
"622",2020-03-06,340100,"03-06","anhui",4.60068092346367,"2020"
"623",2020-03-07,340100,"03-07","anhui",4.51161160159918,"2020"
"624",2020-03-08,340100,"03-08","anhui",4.37910975255172,"2020"
"625",2020-03-09,340100,"03-09","anhui",4.59934390314081,"2020"
"626",2020-03-10,340100,"03-10","anhui",4.84388993245904,"2020"
"627",2020-03-11,340100,"03-11","anhui",5.00571096404882,"2020"
"628",2020-03-12,340100,"03-12","anhui",4.99763126268286,"2020"
"629",2020-03-13,340100,"03-13","anhui",4.86152250053003,"2020"
"630",2020-03-14,340100,"03-14","anhui",4.77933736862828,"2020"
"631",2020-03-15,340100,"03-15","anhui",4.74492163885271,"2020"
"632",2020-03-16,340100,"03-16","anhui",5.16501725929067,"2020"
"633",2020-03-17,340100,"03-17","anhui",5.1998485446891,"2020"
"634",2020-03-18,340100,"03-18","anhui",5.2391770693885,"2020"
"635",2020-03-19,340100,"03-19","anhui",5.24917656358845,"2020"
"636",2020-03-20,340100,"03-20","anhui",5.3579403261956,"2020"
"637",2020-03-21,340100,"03-21","anhui",5.0488122512645,"2020"
"638",2020-03-22,340100,"03-22","anhui",4.88248910106915,"2020"
"639",2020-03-23,340100,"03-23","anhui",5.3395916224975,"2020"
"640",2020-03-24,340100,"03-24","anhui",5.3423515507163,"2020"
"641",2019-01-12,410100,"01-12","henan",4.57596347074745,"2019"
"642",2019-01-13,410100,"01-13","henan",4.5159270976473,"2019"
"643",2019-01-14,410100,"01-14","henan",4.76332067457839,"2019"
"644",2019-01-15,410100,"01-15","henan",4.78379067249636,"2019"
"645",2019-01-16,410100,"01-16","henan",4.71091557359983,"2019"
"646",2019-01-17,410100,"01-17","henan",4.89016233603997,"2019"
"647",2019-01-18,410100,"01-18","henan",5.06938189673121,"2019"
"648",2019-01-19,410100,"01-19","henan",4.73294693941287,"2019"
"649",2019-01-20,410100,"01-20","henan",4.63959878201124,"2019"
"650",2019-01-21,410100,"01-21","henan",5.03852787840933,"2019"
"651",2019-01-22,410100,"01-22","henan",5.08549205704768,"2019"
"652",2019-01-23,410100,"01-23","henan",5.21533754944826,"2019"
"653",2019-01-24,410100,"01-24","henan",5.35485375806787,"2019"
"654",2019-01-25,410100,"01-25","henan",5.22347888819488,"2019"
"655",2019-01-26,410100,"01-26","henan",5.07722152821153,"2019"
"656",2019-01-27,410100,"01-27","henan",5.09794967728503,"2019"
"657",2019-01-28,410100,"01-28","henan",5.55225972308974,"2019"
"658",2019-01-29,410100,"01-29","henan",5.70020084322299,"2019"
"659",2019-01-30,410100,"01-30","henan",5.32836215906725,"2019"
"660",2019-01-31,410100,"01-31","henan",5.63337617114304,"2019"
"661",2019-02-01,410100,"02-01","henan",5.53961057672288,"2019"
"662",2019-02-02,410100,"02-02","henan",5.69040701644805,"2019"
"663",2019-02-03,410100,"02-03","henan",5.31304668956902,"2019"
"664",2019-02-04,410100,"02-04","henan",4.55880791172184,"2019"
"665",2019-02-05,410100,"02-05","henan",5.32894785550697,"2019"
"666",2019-02-06,410100,"02-06","henan",6.09911984176556,"2019"
"667",2019-02-07,410100,"02-07","henan",5.50735238392671,"2019"
"668",2019-02-08,410100,"02-08","henan",5.14340755777639,"2019"
"669",2019-02-09,410100,"02-09","henan",4.8669307724339,"2019"
"670",2019-02-10,410100,"02-10","henan",4.81199378513429,"2019"
"671",2019-02-11,410100,"02-11","henan",5.56766133666458,"2019"
"672",2019-02-12,410100,"02-12","henan",5.52752340204039,"2019"
"673",2019-02-13,410100,"02-13","henan",5.16277870081199,"2019"
"674",2019-02-14,410100,"02-14","henan",4.48542797210077,"2019"
"675",2019-02-15,410100,"02-15","henan",4.95052866958151,"2019"
"676",2019-02-16,410100,"02-16","henan",4.89796469914637,"2019"
"677",2019-02-17,410100,"02-17","henan",4.7663993962107,"2019"
"678",2019-02-18,410100,"02-18","henan",5.12116275244639,"2019"
"679",2019-02-19,410100,"02-19","henan",5.00732605663127,"2019"
"680",2019-02-20,410100,"02-20","henan",5.25599422236102,"2019"
"681",2019-02-21,410100,"02-21","henan",4.90302194461795,"2019"
"682",2019-02-22,410100,"02-22","henan",5.00431879033937,"2019"
"683",2019-02-23,410100,"02-23","henan",4.74364533624818,"2019"
"684",2019-02-24,410100,"02-24","henan",4.57015953570685,"2019"
"685",2019-02-25,410100,"02-25","henan",4.70677478659171,"2019"
"686",2019-02-26,410100,"02-26","henan",4.59296236727046,"2019"
"687",2019-02-27,410100,"02-27","henan",4.65046984176556,"2019"
"688",2019-02-28,410100,"02-28","henan",4.8352961170102,"2019"
"689",2019-03-01,410100,"03-01","henan",5.14928549864668,"2019"
"690",2019-03-02,410100,"03-02","henan",4.74796063918384,"2019"
"691",2019-03-03,410100,"03-03","henan",4.81030974391006,"2019"
"692",2019-03-04,410100,"03-04","henan",4.70543913179263,"2019"
"693",2019-03-05,410100,"03-05","henan",4.85392693108474,"2019"
"694",2019-03-06,410100,"03-06","henan",4.64304774099521,"2019"
"695",2019-03-07,410100,"03-07","henan",4.63478706017073,"2019"
"696",2019-03-08,410100,"03-08","henan",5.06643792421403,"2019"
"697",2019-03-09,410100,"03-09","henan",4.7713716947741,"2019"
"698",2019-03-10,410100,"03-10","henan",4.83134528419738,"2019"
"699",2019-03-11,410100,"03-11","henan",4.78654640849469,"2019"
"700",2019-03-12,410100,"03-12","henan",4.8149955132209,"2019"
"701",2019-03-13,410100,"03-13","henan",4.78798200083281,"2019"
"702",2019-03-14,410100,"03-14","henan",4.77914940662086,"2019"
"703",2019-03-15,410100,"03-15","henan",5.18664782427649,"2019"
"704",2019-03-16,410100,"03-16","henan",5.02871671871747,"2019"
"705",2019-03-17,410100,"03-17","henan",4.69569455548615,"2019"
"706",2019-03-18,410100,"03-18","henan",4.73844160941078,"2019"
"707",2019-03-19,410100,"03-19","henan",4.78372279825109,"2019"
"708",2019-03-20,410100,"03-20","henan",4.79053936081616,"2019"
"709",2019-03-21,410100,"03-21","henan",4.64810587133042,"2019"
"710",2019-03-22,410100,"03-22","henan",5.04139704351447,"2019"
"711",2019-03-23,410100,"03-23","henan",4.72340337289194,"2019"
"712",2019-03-24,410100,"03-24","henan",4.69940026025401,"2019"
"713",2019-03-25,410100,"03-25","henan",4.7760571101395,"2019"
"714",2019-03-26,410100,"03-26","henan",4.66273124089111,"2019"
"715",2019-03-27,410100,"03-27","henan",4.66327779512805,"2019"
"716",2019-03-28,410100,"03-28","henan",4.62862464084947,"2019"
"717",2020-01-01,410100,"01-01","henan",5.03961938371851,"2020"
"718",2020-01-02,410100,"01-02","henan",5.41640785967104,"2020"
"719",2020-01-03,410100,"01-03","henan",5.59839366021237,"2020"
"720",2020-01-04,410100,"01-04","henan",5.22555751613575,"2020"
"721",2020-01-05,410100,"01-05","henan",4.42701135748491,"2020"
"722",2020-01-06,410100,"01-06","henan",5.14984230689153,"2020"
"723",2020-01-07,410100,"01-07","henan",4.94816578180304,"2020"
"724",2020-01-08,410100,"01-08","henan",5.38179613783052,"2020"
"725",2020-01-09,410100,"01-09","henan",5.47477521340829,"2020"
"726",2020-01-10,410100,"01-10","henan",5.68882117426608,"2020"
"727",2020-01-11,410100,"01-11","henan",5.39407145534041,"2020"
"728",2020-01-12,410100,"01-12","henan",5.37448354153654,"2020"
"729",2020-01-13,410100,"01-13","henan",5.87845873412451,"2020"
"730",2020-01-14,410100,"01-14","henan",5.88905730793254,"2020"
"731",2020-01-15,410100,"01-15","henan",5.7706151884239,"2020"
"732",2020-01-16,410100,"01-16","henan",5.905768571726,"2020"
"733",2020-01-17,410100,"01-17","henan",6.0381420258172,"2020"
"734",2020-01-18,410100,"01-18","henan",5.88411517801374,"2020"
"735",2020-01-19,410100,"01-19","henan",6.20014763689361,"2020"
"736",2020-01-20,410100,"01-20","henan",6.46983403081407,"2020"
"737",2020-01-21,410100,"01-21","henan",6.29220286279409,"2020"
"738",2020-01-22,410100,"01-22","henan",6.26467870081199,"2020"
"739",2020-01-23,410100,"01-23","henan",5.964915844264,"2020"
"740",2020-01-24,410100,"01-24","henan",4.67861328336456,"2020"
"741",2020-01-25,410100,"01-25","henan",3.80646430356027,"2020"
"742",2020-01-26,410100,"01-26","henan",3.05841128461378,"2020"
"743",2020-01-27,410100,"01-27","henan",2.34271689569019,"2020"
"744",2020-01-28,410100,"01-28","henan",2.3367073703935,"2020"
"745",2020-01-29,410100,"01-29","henan",2.24513990214449,"2020"
"746",2020-01-30,410100,"01-30","henan",2.28508065792213,"2020"
"747",2020-01-31,410100,"01-31","henan",2.17307584842807,"2020"
"748",2020-02-01,410100,"02-01","henan",2.06854088069956,"2020"
"749",2020-02-02,410100,"02-02","henan",2.02338265667291,"2020"
"750",2020-02-03,410100,"02-03","henan",2.08309368103269,"2020"
"751",2020-02-04,410100,"02-04","henan",1.98239516968561,"2020"
"752",2020-02-05,410100,"02-05","henan",1.79522907557776,"2020"
"753",2020-02-06,410100,"02-06","henan",1.65856982094524,"2020"
"754",2020-02-07,410100,"02-07","henan",1.84263015823444,"2020"
"755",2020-02-08,410100,"02-08","henan",1.76803007495315,"2020"
"756",2020-02-09,410100,"02-09","henan",1.8439729544035,"2020"
"757",2020-02-10,410100,"02-10","henan",1.98919826150323,"2020"
"758",2020-02-11,410100,"02-11","henan",1.95934567978347,"2020"
"759",2020-02-12,410100,"02-12","henan",1.97720342494274,"2020"
"760",2020-02-13,410100,"02-13","henan",2.00645216531335,"2020"
"761",2020-02-14,410100,"02-14","henan",1.93428393712263,"2020"
"762",2020-02-15,410100,"02-15","henan",1.73594198417656,"2020"
"763",2020-02-16,410100,"02-16","henan",1.8495112013325,"2020"
"764",2020-02-17,410100,"02-17","henan",2.10179981261711,"2020"
"765",2020-02-18,410100,"02-18","henan",2.13127596293983,"2020"
"766",2020-02-19,410100,"02-19","henan",2.19507720174891,"2020"
"767",2020-02-20,410100,"02-20","henan",2.28462570268582,"2020"
"768",2020-02-21,410100,"02-21","henan",2.53991868623777,"2020"
"769",2020-02-22,410100,"02-22","henan",2.76310079117218,"2020"
"770",2020-02-23,410100,"02-23","henan",2.76545747449511,"2020"
"771",2020-02-24,410100,"02-24","henan",3.13787298563398,"2020"
"772",2020-02-25,410100,"02-25","henan",3.09087418280241,"2020"
"773",2020-02-26,410100,"02-26","henan",3.0284775452842,"2020"
"774",2020-02-27,410100,"02-27","henan",2.78840725588174,"2020"
"775",2020-02-28,410100,"02-28","henan",3.08436554236935,"2020"
"776",2020-02-29,410100,"02-29","henan",3.29163949614824,"2020"
"777",2020-03-01,410100,"03-01","henan",3.43950236310639,"2020"
"778",2020-03-02,410100,"03-02","henan",3.73200158234437,"2020"
"779",2020-03-03,410100,"03-03","henan",3.8115388507183,"2020"
"780",2020-03-04,410100,"03-04","henan",3.85213146991464,"2020"
"781",2020-03-05,410100,"03-05","henan",3.93978085571518,"2020"
"782",2020-03-06,410100,"03-06","henan",4.0018513116802,"2020"
"783",2020-03-07,410100,"03-07","henan",4.02787079950031,"2020"
"784",2020-03-08,410100,"03-08","henan",3.91156716635436,"2020"
"785",2020-03-09,410100,"03-09","henan",3.85358354153654,"2020"
"786",2020-03-10,410100,"03-10","henan",4.3051927337081,"2020"
"787",2020-03-11,410100,"03-11","henan",4.44651555277951,"2020"
"788",2020-03-12,410100,"03-12","henan",4.47997059129711,"2020"
"789",2020-03-13,410100,"03-13","henan",4.3185808244847,"2020"
"790",2020-03-14,410100,"03-14","henan",4.39416161773891,"2020"
"791",2020-03-15,410100,"03-15","henan",4.45336540703727,"2020"
"792",2020-03-16,410100,"03-16","henan",4.63250635019779,"2020"
"793",2020-03-17,410100,"03-17","henan",4.73110245679784,"2020"
"794",2020-03-18,410100,"03-18","henan",4.76798137622319,"2020"
"795",2020-03-19,410100,"03-19","henan",4.80472810743285,"2020"
"796",2020-03-20,410100,"03-20","henan",4.88626516760358,"2020"
"797",2020-03-21,410100,"03-21","henan",4.82836975848428,"2020"
"798",2020-03-22,410100,"03-22","henan",4.75505844264002,"2020"
"799",2020-03-23,410100,"03-23","henan",4.99561677076827,"2020"
"800",2020-03-24,410100,"03-24","henan",4.97447743077243,"2020"
"801",2019-01-12,420100,"01-12","hubei",3.96207934578334,"2019"
"802",2019-01-13,420100,"01-13","hubei",3.94099729389893,"2019"
"803",2019-01-14,420100,"01-14","hubei",4.21348979330742,"2019"
"804",2019-01-15,420100,"01-15","hubei",4.36083706422173,"2019"
"805",2019-01-16,420100,"01-16","hubei",4.24039276643569,"2019"
"806",2019-01-17,420100,"01-17","hubei",4.36118101014027,"2019"
"807",2019-01-18,420100,"01-18","hubei",4.48199443636978,"2019"
"808",2019-01-19,420100,"01-19","hubei",4.11151239716072,"2019"
"809",2019-01-20,420100,"01-20","hubei",4.03038807520703,"2019"
"810",2019-01-21,420100,"01-21","hubei",4.45341858965692,"2019"
"811",2019-01-22,420100,"01-22","hubei",4.47711592158188,"2019"
"812",2019-01-23,420100,"01-23","hubei",4.62144461264154,"2019"
"813",2019-01-24,420100,"01-24","hubei",4.74415753811053,"2019"
"814",2019-01-25,420100,"01-25","hubei",4.74701529930708,"2019"
"815",2019-01-26,420100,"01-26","hubei",4.41978702653372,"2019"
"816",2019-01-27,420100,"01-27","hubei",4.40634751394288,"2019"
"817",2019-01-28,420100,"01-28","hubei",4.93200873770492,"2019"
"818",2019-01-29,420100,"01-29","hubei",5.01982846493155,"2019"
"819",2019-01-30,420100,"01-30","hubei",4.88185830471523,"2019"
"820",2019-01-31,420100,"01-31","hubei",5.08992523086023,"2019"
"821",2019-02-01,420100,"02-01","hubei",4.86251551056279,"2019"
"822",2019-02-02,420100,"02-02","hubei",4.9838843890485,"2019"
"823",2019-02-03,420100,"02-03","hubei",4.45661207233395,"2019"
"824",2019-02-04,420100,"02-04","hubei",4.11306224015548,"2019"
"825",2019-02-05,420100,"02-05","hubei",4.5633107813081,"2019"
"826",2019-02-06,420100,"02-06","hubei",5.24018326888626,"2019"
"827",2019-02-07,420100,"02-07","hubei",5.04085341946933,"2019"
"828",2019-02-08,420100,"02-08","hubei",4.8272354482001,"2019"
"829",2019-02-09,420100,"02-09","hubei",4.66135143958087,"2019"
"830",2019-02-10,420100,"02-10","hubei",4.50270677387189,"2019"
"831",2019-02-11,420100,"02-11","hubei",4.88882284552983,"2019"
"832",2019-02-12,420100,"02-12","hubei",4.90223743789082,"2019"
"833",2019-02-13,420100,"02-13","hubei",4.79491470627007,"2019"
"834",2019-02-14,420100,"02-14","hubei",4.73032036606388,"2019"
"835",2019-02-15,420100,"02-15","hubei",4.4547357926314,"2019"
"836",2019-02-16,420100,"02-16","hubei",4.16934159591009,"2019"
"837",2019-02-17,420100,"02-17","hubei",4.02003220145344,"2019"
"838",2019-02-18,420100,"02-18","hubei",4.50328766908907,"2019"
"839",2019-02-19,420100,"02-19","hubei",4.50999949822545,"2019"
"840",2019-02-20,420100,"02-20","hubei",4.49065377251986,"2019"
"841",2019-02-21,420100,"02-21","hubei",4.18065501335136,"2019"
"842",2019-02-22,420100,"02-22","hubei",4.38458895724184,"2019"
"843",2019-02-23,420100,"02-23","hubei",3.99075609447355,"2019"
"844",2019-02-24,420100,"02-24","hubei",3.89087195352375,"2019"
"845",2019-02-25,420100,"02-25","hubei",4.21086913942876,"2019"
"846",2019-02-26,420100,"02-26","hubei",4.09223047726889,"2019"
"847",2019-02-27,420100,"02-27","hubei",4.14256303532195,"2019"
"848",2019-02-28,420100,"02-28","hubei",4.41070112472537,"2019"
"849",2019-03-01,420100,"03-01","hubei",4.51051533631908,"2019"
"850",2019-03-02,420100,"03-02","hubei",4.08839828612473,"2019"
"851",2019-03-03,420100,"03-03","hubei",4.12469609717762,"2019"
"852",2019-03-04,420100,"03-04","hubei",4.24648353811053,"2019"
"853",2019-03-05,420100,"03-05","hubei",4.27471607368599,"2019"
"854",2019-03-06,420100,"03-06","hubei",4.20040205982762,"2019"
"855",2019-03-07,420100,"03-07","hubei",4.22293376981578,"2019"
"856",2019-03-08,420100,"03-08","hubei",4.52299924928173,"2019"
"857",2019-03-09,420100,"03-09","hubei",4.10997614990705,"2019"
"858",2019-03-10,420100,"03-10","hubei",4.16299533429103,"2019"
"859",2019-03-11,420100,"03-11","hubei",4.32789250667568,"2019"
"860",2019-03-12,420100,"03-12","hubei",4.36444409227649,"2019"
"861",2019-03-13,420100,"03-13","hubei",4.33464478570221,"2019"
"862",2019-03-14,420100,"03-14","hubei",4.29780068108839,"2019"
"863",2019-03-15,420100,"03-15","hubei",4.59833113368261,"2019"
"864",2019-03-16,420100,"03-16","hubei",4.32240935051546,"2019"
"865",2019-03-17,420100,"03-17","hubei",3.99943871218523,"2019"
"866",2019-03-18,420100,"03-18","hubei",4.24317837197904,"2019"
"867",2019-03-19,420100,"03-19","hubei",4.29796148031097,"2019"
"868",2019-03-20,420100,"03-20","hubei",4.35266831637654,"2019"
"869",2019-03-21,420100,"03-21","hubei",4.21628865810377,"2019"
"870",2019-03-22,420100,"03-22","hubei",4.42776783978367,"2019"
"871",2019-03-23,420100,"03-23","hubei",4.15405397228325,"2019"
"872",2019-03-24,420100,"03-24","hubei",4.06048102720973,"2019"
"873",2019-03-25,420100,"03-25","hubei",4.32801955653203,"2019"
"874",2019-03-26,420100,"03-26","hubei",4.22642450701369,"2019"
"875",2019-03-27,420100,"03-27","hubei",4.19159555872909,"2019"
"876",2019-03-28,420100,"03-28","hubei",4.20829326415413,"2019"
"877",2020-01-01,420100,"01-01","hubei",4.50355705374345,"2020"
"878",2020-01-02,420100,"01-02","hubei",4.95698988913301,"2020"
"879",2020-01-03,420100,"01-03","hubei",4.98537694625655,"2020"
"880",2020-01-04,420100,"01-04","hubei",4.5059152112557,"2020"
"881",2020-01-05,420100,"01-05","hubei",4.29660348656414,"2020"
"882",2020-01-06,420100,"01-06","hubei",4.84078761027548,"2020"
"883",2020-01-07,420100,"01-07","hubei",4.96240992377894,"2020"
"884",2020-01-08,420100,"01-08","hubei",4.97770782846037,"2020"
"885",2020-01-09,420100,"01-09","hubei",4.81472717948285,"2020"
"886",2020-01-10,420100,"01-10","hubei",4.97340503126584,"2020"
"887",2020-01-11,420100,"01-11","hubei",4.79551197532533,"2020"
"888",2020-01-12,420100,"01-12","hubei",4.80294016038533,"2020"
"889",2020-01-13,420100,"01-13","hubei",5.30643539868176,"2020"
"890",2020-01-14,420100,"01-14","hubei",5.342081074024,"2020"
"891",2020-01-15,420100,"01-15","hubei",5.08978735609261,"2020"
"892",2020-01-16,420100,"01-16","hubei",5.41896956481325,"2020"
"893",2020-01-17,420100,"01-17","hubei",5.49595721429779,"2020"
"894",2020-01-18,420100,"01-18","hubei",5.21978020635457,"2020"
"895",2020-01-19,420100,"01-19","hubei",5.52229206084164,"2020"
"896",2020-01-20,420100,"01-20","hubei",5.74769854588474,"2020"
"897",2020-01-21,420100,"01-21","hubei",5.52230337366909,"2020"
"898",2020-01-22,420100,"01-22","hubei",5.36899544769309,"2020"
"899",2020-01-23,420100,"01-23","hubei",4.79265835761366,"2020"
"900",2020-01-24,420100,"01-24","hubei",3.77473117542674,"2020"
"901",2020-01-25,420100,"01-25","hubei",2.57385144853811,"2020"
"902",2020-01-26,420100,"01-26","hubei",2.02048775612642,"2020"
"903",2020-01-27,420100,"01-27","hubei",1.87684853033632,"2020"
"904",2020-01-28,420100,"01-28","hubei",1.81755549585939,"2020"
"905",2020-01-29,420100,"01-29","hubei",1.76629765404766,"2020"
"906",2020-01-30,420100,"01-30","hubei",1.66297493155315,"2020"
"907",2020-01-31,420100,"01-31","hubei",1.60311085414906,"2020"
"908",2020-02-01,420100,"02-01","hubei",1.54646936809194,"2020"
"909",2020-02-02,420100,"02-02","hubei",1.49961220838263,"2020"
"910",2020-02-03,420100,"02-03","hubei",1.51328478249113,"2020"
"911",2020-02-04,420100,"02-04","hubei",1.47124430471523,"2020"
"912",2020-02-05,420100,"02-05","hubei",1.437467962819,"2020"
"913",2020-02-06,420100,"02-06","hubei",1.34789405847558,"2020"
"914",2020-02-07,420100,"02-07","hubei",1.40598872705763,"2020"
"915",2020-02-08,420100,"02-08","hubei",1.42005292158188,"2020"
"916",2020-02-09,420100,"02-09","hubei",1.41569917153963,"2020"
"917",2020-02-10,420100,"02-10","hubei",1.39068828088558,"2020"
"918",2020-02-11,420100,"02-11","hubei",1.38968559979719,"2020"
"919",2020-02-12,420100,"02-12","hubei",1.40556683657259,"2020"
"920",2020-02-13,420100,"02-13","hubei",1.44505497583235,"2020"
"921",2020-02-14,420100,"02-14","hubei",1.47809707453101,"2020"
"922",2020-02-15,420100,"02-15","hubei",1.42757728375866,"2020"
"923",2020-02-16,420100,"02-16","hubei",1.33668151157681,"2020"
"924",2020-02-17,420100,"02-17","hubei",1.34163855163089,"2020"
"925",2020-02-18,420100,"02-18","hubei",1.30731886209228,"2020"
"926",2020-02-19,420100,"02-19","hubei",1.29966422798716,"2020"
"927",2020-02-20,420100,"02-20","hubei",1.32400863004901,"2020"
"928",2020-02-21,420100,"02-21","hubei",1.32407757630556,"2020"
"929",2020-02-22,420100,"02-22","hubei",1.31719907233395,"2020"
"930",2020-02-23,420100,"02-23","hubei",1.31704702873078,"2020"
"931",2020-02-24,420100,"02-24","hubei",1.3938674666216,"2020"
"932",2020-02-25,420100,"02-25","hubei",1.39480552171709,"2020"
"933",2020-02-26,420100,"02-26","hubei",1.37759146273449,"2020"
"934",2020-02-27,420100,"02-27","hubei",1.33765548555011,"2020"
"935",2020-02-28,420100,"02-28","hubei",1.3542739815785,"2020"
"936",2020-02-29,420100,"02-29","hubei",1.46701750042251,"2020"
"937",2020-03-01,420100,"03-01","hubei",1.48854829339192,"2020"
"938",2020-03-02,420100,"03-02","hubei",1.48240950447862,"2020"
"939",2020-03-03,420100,"03-03","hubei",1.49547647473382,"2020"
"940",2020-03-04,420100,"03-04","hubei",1.56086772655062,"2020"
"941",2020-03-05,420100,"03-05","hubei",1.60472934561433,"2020"
"942",2020-03-06,420100,"03-06","hubei",1.60739177860402,"2020"
"943",2020-03-07,420100,"03-07","hubei",1.65603251630894,"2020"
"944",2020-03-08,420100,"03-08","hubei",1.66312756802434,"2020"
"945",2020-03-09,420100,"03-09","hubei",1.68433203363191,"2020"
"946",2020-03-10,420100,"03-10","hubei",1.85564471015717,"2020"
"947",2020-03-11,420100,"03-11","hubei",2.01104449028224,"2020"
"948",2020-03-12,420100,"03-12","hubei",2.16807563004901,"2020"
"949",2020-03-13,420100,"03-13","hubei",2.34409257360149,"2020"
"950",2020-03-14,420100,"03-14","hubei",2.80591974345107,"2020"
"951",2020-03-15,420100,"03-15","hubei",3.21200789183708,"2020"
"952",2020-03-16,420100,"03-16","hubei",3.3976180517154,"2020"
"953",2020-03-17,420100,"03-17","hubei",3.63798741017408,"2020"
"954",2020-03-18,420100,"03-18","hubei",3.8101555631232,"2020"
"955",2020-03-19,420100,"03-19","hubei",3.95220923373331,"2020"
"956",2020-03-20,420100,"03-20","hubei",4.13082845242522,"2020"
"957",2020-03-21,420100,"03-21","hubei",4.12027026364712,"2020"
"958",2020-03-22,420100,"03-22","hubei",4.06760776406963,"2020"
"959",2020-03-23,420100,"03-23","hubei",4.26576226939327,"2020"
"960",2020-03-24,420100,"03-24","hubei",4.28811555737705,"2020"
"961",2019-01-12,430100,"01-12","hunan",4.17436576128788,"2019"
"962",2019-01-13,430100,"01-13","hunan",4.16629972937205,"2019"
"963",2019-01-14,430100,"01-14","hunan",4.43845506097464,"2019"
"964",2019-01-15,430100,"01-15","hunan",4.60808058494485,"2019"
"965",2019-01-16,430100,"01-16","hunan",4.40188303277251,"2019"
"966",2019-01-17,430100,"01-17","hunan",4.61327693965736,"2019"
"967",2019-01-18,430100,"01-18","hunan",4.82464363154591,"2019"
"968",2019-01-19,430100,"01-19","hunan",4.4467837108644,"2019"
"969",2019-01-20,430100,"01-20","hunan",4.35103781891555,"2019"
"970",2019-01-21,430100,"01-21","hunan",4.74383808157106,"2019"
"971",2019-01-22,430100,"01-22","hunan",4.77854822888718,"2019"
"972",2019-01-23,430100,"01-23","hunan",4.88706421304087,"2019"
"973",2019-01-24,430100,"01-24","hunan",5.03628127535778,"2019"
"974",2019-01-25,430100,"01-25","hunan",4.99353666769584,"2019"
"975",2019-01-26,430100,"01-26","hunan",4.81517744916847,"2019"
"976",2019-01-27,430100,"01-27","hunan",4.88658405570848,"2019"
"977",2019-01-28,430100,"01-28","hunan",5.45689666360815,"2019"
"978",2019-01-29,430100,"01-29","hunan",5.63468287245408,"2019"
"979",2019-01-30,430100,"01-30","hunan",5.57645482397587,"2019"
"980",2019-01-31,430100,"01-31","hunan",5.73048088673778,"2019"
"981",2019-02-01,430100,"02-01","hunan",5.52618248194968,"2019"
"982",2019-02-02,430100,"02-02","hunan",5.74941611200257,"2019"
"983",2019-02-03,430100,"02-03","hunan",5.20666943005782,"2019"
"984",2019-02-04,430100,"02-04","hunan",4.70442961238018,"2019"
"985",2019-02-05,430100,"02-05","hunan",5.64700519686843,"2019"
"986",2019-02-06,430100,"02-06","hunan",6.58958412818517,"2019"
"987",2019-02-07,430100,"02-07","hunan",6.26848279823795,"2019"
"988",2019-02-08,430100,"02-08","hunan",6.03230425206232,"2019"
"989",2019-02-09,430100,"02-09","hunan",5.68915637135315,"2019"
"990",2019-02-10,430100,"02-10","hunan",5.43463823406201,"2019"
"991",2019-02-11,430100,"02-11","hunan",5.42989391630682,"2019"
"992",2019-02-12,430100,"02-12","hunan",5.4862150974739,"2019"
"993",2019-02-13,430100,"02-13","hunan",5.20255879207453,"2019"
"994",2019-02-14,430100,"02-14","hunan",5.10668671821209,"2019"
"995",2019-02-15,430100,"02-15","hunan",4.7864434786201,"2019"
"996",2019-02-16,430100,"02-16","hunan",4.49316874268891,"2019"
"997",2019-02-17,430100,"02-17","hunan",4.24707968927794,"2019"
"998",2019-02-18,430100,"02-18","hunan",4.70484476942991,"2019"
"999",2019-02-19,430100,"02-19","hunan",4.70848197968623,"2019"
"1000",2019-02-20,430100,"02-20","hunan",4.71295616638908,"2019"
"1001",2019-02-21,430100,"02-21","hunan",4.36472246487417,"2019"
"1002",2019-02-22,430100,"02-22","hunan",4.5883543979579,"2019"
"1003",2019-02-23,430100,"02-23","hunan",4.07210148910603,"2019"
"1004",2019-02-24,430100,"02-24","hunan",4.1156896642445,"2019"
"1005",2019-02-25,430100,"02-25","hunan",4.37181604938272,"2019"
"1006",2019-02-26,430100,"02-26","hunan",4.2788004421078,"2019"
"1007",2019-02-27,430100,"02-27","hunan",4.29651235017257,"2019"
"1008",2019-02-28,430100,"02-28","hunan",4.50248810483608,"2019"
"1009",2019-03-01,430100,"03-01","hunan",4.76015338719801,"2019"
"1010",2019-03-02,430100,"03-02","hunan",4.32499208250166,"2019"
"1011",2019-03-03,430100,"03-03","hunan",4.43948900369196,"2019"
"1012",2019-03-04,430100,"03-04","hunan",4.39272381294057,"2019"
"1013",2019-03-05,430100,"03-05","hunan",4.38960610572609,"2019"
"1014",2019-03-06,430100,"03-06","hunan",4.25754905758563,"2019"
"1015",2019-03-07,430100,"03-07","hunan",4.31841720176205,"2019"
"1016",2019-03-08,430100,"03-08","hunan",4.69414353486201,"2019"
"1017",2019-03-09,430100,"03-09","hunan",4.24829783410666,"2019"
"1018",2019-03-10,430100,"03-10","hunan",4.47621226682438,"2019"
"1019",2019-03-11,430100,"03-11","hunan",4.49420726767235,"2019"
"1020",2019-03-12,430100,"03-12","hunan",4.55551233712676,"2019"
"1021",2019-03-13,430100,"03-13","hunan",4.52917852211336,"2019"
"1022",2019-03-14,430100,"03-14","hunan",4.4545463789922,"2019"
"1023",2019-03-15,430100,"03-15","hunan",4.84228112228702,"2019"
"1024",2019-03-16,430100,"03-16","hunan",4.49799095548917,"2019"
"1025",2019-03-17,430100,"03-17","hunan",4.2299833007913,"2019"
"1026",2019-03-18,430100,"03-18","hunan",4.40649932060353,"2019"
"1027",2019-03-19,430100,"03-19","hunan",4.49594583077853,"2019"
"1028",2019-03-20,430100,"03-20","hunan",4.54309815706278,"2019"
"1029",2019-03-21,430100,"03-21","hunan",4.47592422837694,"2019"
"1030",2019-03-22,430100,"03-22","hunan",4.63788529940845,"2019"
"1031",2019-03-23,430100,"03-23","hunan",4.25589132555513,"2019"
"1032",2019-03-24,430100,"03-24","hunan",4.26202950728898,"2019"
"1033",2019-03-25,430100,"03-25","hunan",4.48637316942006,"2019"
"1034",2019-03-26,430100,"03-26","hunan",4.38341239742737,"2019"
"1035",2019-03-27,430100,"03-27","hunan",4.37137652726501,"2019"
"1036",2019-03-28,430100,"03-28","hunan",4.35863854208794,"2019"
"1037",2020-01-01,430100,"01-01","hunan",4.68153011870232,"2020"
"1038",2020-01-02,430100,"01-02","hunan",4.98548352691857,"2020"
"1039",2020-01-03,430100,"01-03","hunan",4.99111022849001,"2020"
"1040",2020-01-04,430100,"01-04","hunan",4.49835712177678,"2020"
"1041",2020-01-05,430100,"01-05","hunan",4.51394447082596,"2020"
"1042",2020-01-06,430100,"01-06","hunan",5.02165001050912,"2020"
"1043",2020-01-07,430100,"01-07","hunan",5.02814946070097,"2020"
"1044",2020-01-08,430100,"01-08","hunan",5.0641178476743,"2020"
"1045",2020-01-09,430100,"01-09","hunan",5.04331945694667,"2020"
"1046",2020-01-10,430100,"01-10","hunan",5.08365450348395,"2020"
"1047",2020-01-11,430100,"01-11","hunan",4.80430870256582,"2020"
"1048",2020-01-12,430100,"01-12","hunan",4.95925426112191,"2020"
"1049",2020-01-13,430100,"01-13","hunan",5.3556962428085,"2020"
"1050",2020-01-14,430100,"01-14","hunan",5.23896383964098,"2020"
"1051",2020-01-15,430100,"01-15","hunan",5.29993051862868,"2020"
"1052",2020-01-16,430100,"01-16","hunan",5.51257464287112,"2020"
"1053",2020-01-17,430100,"01-17","hunan",5.68423558083542,"2020"
"1054",2020-01-18,430100,"01-18","hunan",5.60179367843833,"2020"
"1055",2020-01-19,430100,"01-19","hunan",5.88556472820517,"2020"
"1056",2020-01-20,430100,"01-20","hunan",6.11488355518447,"2020"
"1057",2020-01-21,430100,"01-21","hunan",6.10695209943222,"2020"
"1058",2020-01-22,430100,"01-22","hunan",6.07425372783844,"2020"
"1059",2020-01-23,430100,"01-23","hunan",5.63958471379681,"2020"
"1060",2020-01-24,430100,"01-24","hunan",4.76673667146462,"2020"
"1061",2020-01-25,430100,"01-25","hunan",4.45990413233084,"2020"
"1062",2020-01-26,430100,"01-26","hunan",4.42022870656653,"2020"
"1063",2020-01-27,430100,"01-27","hunan",3.60208201853374,"2020"
"1064",2020-01-28,430100,"01-28","hunan",3.50412490545416,"2020"
"1065",2020-01-29,430100,"01-29","hunan",3.24257157116413,"2020"
"1066",2020-01-30,430100,"01-30","hunan",3.11753139472689,"2020"
"1067",2020-01-31,430100,"01-31","hunan",2.86825432461149,"2020"
"1068",2020-02-01,430100,"02-01","hunan",2.6974102176185,"2020"
"1069",2020-02-02,430100,"02-02","hunan",2.47031038996807,"2020"
"1070",2020-02-03,430100,"02-03","hunan",2.57553444048722,"2020"
"1071",2020-02-04,430100,"02-04","hunan",2.58648409426608,"2020"
"1072",2020-02-05,430100,"02-05","hunan",2.69077463344915,"2020"
"1073",2020-02-06,430100,"02-06","hunan",2.47542797368227,"2020"
"1074",2020-02-07,430100,"02-07","hunan",2.7677951736324,"2020"
"1075",2020-02-08,430100,"02-08","hunan",2.89171492135555,"2020"
"1076",2020-02-09,430100,"02-09","hunan",2.96483296109306,"2020"
"1077",2020-02-10,430100,"02-10","hunan",3.17622916143023,"2020"
"1078",2020-02-11,430100,"02-11","hunan",3.07558348038853,"2020"
"1079",2020-02-12,430100,"02-12","hunan",3.17368121389755,"2020"
"1080",2020-02-13,430100,"02-13","hunan",3.20435608028678,"2020"
"1081",2020-02-14,430100,"02-14","hunan",3.21181779534613,"2020"
"1082",2020-02-15,430100,"02-15","hunan",2.49964562146586,"2020"
"1083",2020-02-16,430100,"02-16","hunan",2.79544536286903,"2020"
"1084",2020-02-17,430100,"02-17","hunan",3.29364953491709,"2020"
"1085",2020-02-18,430100,"02-18","hunan",3.30559676580028,"2020"
"1086",2020-02-19,430100,"02-19","hunan",3.32410410826858,"2020"
"1087",2020-02-20,430100,"02-20","hunan",3.53195223655811,"2020"
"1088",2020-02-21,430100,"02-21","hunan",3.51711869811575,"2020"
"1089",2020-02-22,430100,"02-22","hunan",3.45498970874518,"2020"
"1090",2020-02-23,430100,"02-23","hunan",3.57782784902236,"2020"
"1091",2020-02-24,430100,"02-24","hunan",4.17169863091537,"2020"
"1092",2020-02-25,430100,"02-25","hunan",4.0726230887535,"2020"
"1093",2020-02-26,430100,"02-26","hunan",4.04150912756912,"2020"
"1094",2020-02-27,430100,"02-27","hunan",3.94556747173772,"2020"
"1095",2020-02-28,430100,"02-28","hunan",3.92896596509233,"2020"
"1096",2020-02-29,430100,"02-29","hunan",3.64593440192962,"2020"
"1097",2020-03-01,430100,"03-01","hunan",3.86959846016029,"2020"
"1098",2020-03-02,430100,"03-02","hunan",4.11673642460902,"2020"
"1099",2020-03-03,430100,"03-03","hunan",3.85804789607423,"2020"
"1100",2020-03-04,430100,"03-04","hunan",4.07625985907633,"2020"
"1101",2020-03-05,430100,"03-05","hunan",4.21756135195114,"2020"
"1102",2020-03-06,430100,"03-06","hunan",4.15524425136655,"2020"
"1103",2020-03-07,430100,"03-07","hunan",3.84256771105574,"2020"
"1104",2020-03-08,430100,"03-08","hunan",3.93377332756419,"2020"
"1105",2020-03-09,430100,"03-09","hunan",4.20561458636829,"2020"
"1106",2020-03-10,430100,"03-10","hunan",4.43604500396447,"2020"
"1107",2020-03-11,430100,"03-11","hunan",4.33675954133853,"2020"
"1108",2020-03-12,430100,"03-12","hunan",4.26709136440264,"2020"
"1109",2020-03-13,430100,"03-13","hunan",4.36235497545215,"2020"
"1110",2020-03-14,430100,"03-14","hunan",4.19521295419328,"2020"
"1111",2020-03-15,430100,"03-15","hunan",4.17982744170338,"2020"
"1112",2020-03-16,430100,"03-16","hunan",4.49406048744921,"2020"
"1113",2020-03-17,430100,"03-17","hunan",4.35706773613267,"2020"
"1114",2020-03-18,430100,"03-18","hunan",4.47682628048188,"2020"
"1115",2020-03-19,430100,"03-19","hunan",4.54741047578046,"2020"
"1116",2020-03-20,430100,"03-20","hunan",4.65870571159786,"2020"
"1117",2020-03-21,430100,"03-21","hunan",4.38977157464302,"2020"
"1118",2020-03-22,430100,"03-22","hunan",4.16426562300236,"2020"
"1119",2020-03-23,430100,"03-23","hunan",4.63615132016287,"2020"
"1120",2020-03-24,430100,"03-24","hunan",4.61099382281189,"2020"
"1121",2019-01-12,440100,"01-12","guangdong",3.94385260373475,"2019"
"1122",2019-01-13,440100,"01-13","guangdong",3.80895442764352,"2019"
"1123",2019-01-14,440100,"01-14","guangdong",4.11113506964762,"2019"
"1124",2019-01-15,440100,"01-15","guangdong",4.26080282221231,"2019"
"1125",2019-01-16,440100,"01-16","guangdong",4.06213142330343,"2019"
"1126",2019-01-17,440100,"01-17","guangdong",4.19912799638397,"2019"
"1127",2019-01-18,440100,"01-18","guangdong",4.33614650046516,"2019"
"1128",2019-01-19,440100,"01-19","guangdong",4.06452086502801,"2019"
"1129",2019-01-20,440100,"01-20","guangdong",3.84442136723173,"2019"
"1130",2019-01-21,440100,"01-21","guangdong",4.00667286700231,"2019"
"1131",2019-01-22,440100,"01-22","guangdong",3.96964457889397,"2019"
"1132",2019-01-23,440100,"01-23","guangdong",3.99680370264741,"2019"
"1133",2019-01-24,440100,"01-24","guangdong",4.08533372079073,"2019"
"1134",2019-01-25,440100,"01-25","guangdong",3.9797281702399,"2019"
"1135",2019-01-26,440100,"01-26","guangdong",3.69554607434972,"2019"
"1136",2019-01-27,440100,"01-27","guangdong",3.50953217934524,"2019"
"1137",2019-01-28,440100,"01-28","guangdong",3.89550679132657,"2019"
"1138",2019-01-29,440100,"01-29","guangdong",3.90016261560578,"2019"
"1139",2019-01-30,440100,"01-30","guangdong",3.83451118139952,"2019"
"1140",2019-01-31,440100,"01-31","guangdong",3.90005916427071,"2019"
"1141",2019-02-01,440100,"02-01","guangdong",3.64082057519796,"2019"
"1142",2019-02-02,440100,"02-02","guangdong",3.66334022870686,"2019"
"1143",2019-02-03,440100,"02-03","guangdong",3.42708749394872,"2019"
"1144",2019-02-04,440100,"02-04","guangdong",2.97735679069513,"2019"
"1145",2019-02-05,440100,"02-05","guangdong",3.56316744663296,"2019"
"1146",2019-02-06,440100,"02-06","guangdong",4.14518289623789,"2019"
"1147",2019-02-07,440100,"02-07","guangdong",3.76331700631017,"2019"
"1148",2019-02-08,440100,"02-08","guangdong",3.86929388652217,"2019"
"1149",2019-02-09,440100,"02-09","guangdong",3.70515650549562,"2019"
"1150",2019-02-10,440100,"02-10","guangdong",3.60775534143959,"2019"
"1151",2019-02-11,440100,"02-11","guangdong",3.6431914877943,"2019"
"1152",2019-02-12,440100,"02-12","guangdong",3.91276017920211,"2019"
"1153",2019-02-13,440100,"02-13","guangdong",3.88574472223041,"2019"
"1154",2019-02-14,440100,"02-14","guangdong",3.96239435105008,"2019"
"1155",2019-02-15,440100,"02-15","guangdong",3.89919199336569,"2019"
"1156",2019-02-16,440100,"02-16","guangdong",3.7366258820137,"2019"
"1157",2019-02-17,440100,"02-17","guangdong",3.58109681144839,"2019"
"1158",2019-02-18,440100,"02-18","guangdong",3.81643617424322,"2019"
"1159",2019-02-19,440100,"02-19","guangdong",3.79587973683767,"2019"
"1160",2019-02-20,440100,"02-20","guangdong",3.96549477758648,"2019"
"1161",2019-02-21,440100,"02-21","guangdong",3.87983052518806,"2019"
"1162",2019-02-22,440100,"02-22","guangdong",4.0626790461497,"2019"
"1163",2019-02-23,440100,"02-23","guangdong",3.5570641908332,"2019"
"1164",2019-02-24,440100,"02-24","guangdong",3.51617782347518,"2019"
"1165",2019-02-25,440100,"02-25","guangdong",3.84673972187259,"2019"
"1166",2019-02-26,440100,"02-26","guangdong",3.88902883461796,"2019"
"1167",2019-02-27,440100,"02-27","guangdong",4.0599625180486,"2019"
"1168",2019-02-28,440100,"02-28","guangdong",4.19576651263087,"2019"
"1169",2019-03-01,440100,"03-01","guangdong",4.40858646965098,"2019"
"1170",2019-03-02,440100,"03-02","guangdong",4.08801899744478,"2019"
"1171",2019-03-03,440100,"03-03","guangdong",3.88404882941912,"2019"
"1172",2019-03-04,440100,"03-04","guangdong",4.04519921606968,"2019"
"1173",2019-03-05,440100,"03-05","guangdong",4.08909897654418,"2019"
"1174",2019-03-06,440100,"03-06","guangdong",3.93880801936831,"2019"
"1175",2019-03-07,440100,"03-07","guangdong",3.85505054040572,"2019"
"1176",2019-03-08,440100,"03-08","guangdong",4.25882403842511,"2019"
"1177",2019-03-09,440100,"03-09","guangdong",3.68094193674675,"2019"
"1178",2019-03-10,440100,"03-10","guangdong",3.80399373550323,"2019"
"1179",2019-03-11,440100,"03-11","guangdong",4.15893328793995,"2019"
"1180",2019-03-12,440100,"03-12","guangdong",4.23506347341435,"2019"
"1181",2019-03-13,440100,"03-13","guangdong",4.21394393808961,"2019"
"1182",2019-03-14,440100,"03-14","guangdong",4.10696223421721,"2019"
"1183",2019-03-15,440100,"03-15","guangdong",4.41114989486557,"2019"
"1184",2019-03-16,440100,"03-16","guangdong",4.1947791618081,"2019"
"1185",2019-03-17,440100,"03-17","guangdong",3.90143952265389,"2019"
"1186",2019-03-18,440100,"03-18","guangdong",4.0940997615269,"2019"
"1187",2019-03-19,440100,"03-19","guangdong",4.17274815914764,"2019"
"1188",2019-03-20,440100,"03-20","guangdong",4.17645904050886,"2019"
"1189",2019-03-21,440100,"03-21","guangdong",4.17857747723666,"2019"
"1190",2019-03-22,440100,"03-22","guangdong",4.39012514470455,"2019"
"1191",2019-03-23,440100,"03-23","guangdong",3.88471384133225,"2019"
"1192",2019-03-24,440100,"03-24","guangdong",3.72186945565832,"2019"
"1193",2019-03-25,440100,"03-25","guangdong",4.09432719266858,"2019"
"1194",2019-03-26,440100,"03-26","guangdong",4.08791577037545,"2019"
"1195",2019-03-27,440100,"03-27","guangdong",4.08865802021023,"2019"
"1196",2019-03-28,440100,"03-28","guangdong",4.09136255803968,"2019"
"1197",2020-01-01,440100,"01-01","guangdong",4.37560476188472,"2020"
"1198",2020-01-02,440100,"01-02","guangdong",4.70144562908067,"2020"
"1199",2020-01-03,440100,"01-03","guangdong",4.76206937115086,"2020"
"1200",2020-01-04,440100,"01-04","guangdong",4.34754228067,"2020"
"1201",2020-01-05,440100,"01-05","guangdong",4.19227251192366,"2020"
"1202",2020-01-06,440100,"01-06","guangdong",4.65404604467214,"2020"
"1203",2020-01-07,440100,"01-07","guangdong",4.65998408534096,"2020"
"1204",2020-01-08,440100,"01-08","guangdong",4.63629480315972,"2020"
"1205",2020-01-09,440100,"01-09","guangdong",4.60522334847381,"2020"
"1206",2020-01-10,440100,"01-10","guangdong",4.76088715191978,"2020"
"1207",2020-01-11,440100,"01-11","guangdong",4.33297651850324,"2020"
"1208",2020-01-12,440100,"01-12","guangdong",4.14555227370313,"2020"
"1209",2020-01-13,440100,"01-13","guangdong",4.52718461153932,"2020"
"1210",2020-01-14,440100,"01-14","guangdong",4.45350058807929,"2020"
"1211",2020-01-15,440100,"01-15","guangdong",4.51213104949211,"2020"
"1212",2020-01-16,440100,"01-16","guangdong",4.46980247460567,"2020"
"1213",2020-01-17,440100,"01-17","guangdong",4.43541258266576,"2020"
"1214",2020-01-18,440100,"01-18","guangdong",4.13860892242994,"2020"
"1215",2020-01-19,440100,"01-19","guangdong",4.17455088874904,"2020"
"1216",2020-01-20,440100,"01-20","guangdong",4.2342737251266,"2020"
"1217",2020-01-21,440100,"01-21","guangdong",4.1904264913514,"2020"
"1218",2020-01-22,440100,"01-22","guangdong",4.14835063733146,"2020"
"1219",2020-01-23,440100,"01-23","guangdong",3.96686338027724,"2020"
"1220",2020-01-24,440100,"01-24","guangdong",3.21213220933855,"2020"
"1221",2020-01-25,440100,"01-25","guangdong",2.70981147775444,"2020"
"1222",2020-01-26,440100,"01-26","guangdong",2.9256560486502,"2020"
"1223",2020-01-27,440100,"01-27","guangdong",2.43808399883394,"2020"
"1224",2020-01-28,440100,"01-28","guangdong",2.51469650446427,"2020"
"1225",2020-01-29,440100,"01-29","guangdong",2.43900026709829,"2020"
"1226",2020-01-30,440100,"01-30","guangdong",2.37074856221559,"2020"
"1227",2020-01-31,440100,"01-31","guangdong",2.31126436121623,"2020"
"1228",2020-02-01,440100,"02-01","guangdong",2.31351219348945,"2020"
"1229",2020-02-02,440100,"02-02","guangdong",2.24001476091651,"2020"
"1230",2020-02-03,440100,"02-03","guangdong",2.28722761731066,"2020"
"1231",2020-02-04,440100,"02-04","guangdong",2.13905306100112,"2020"
"1232",2020-02-05,440100,"02-05","guangdong",2.20724550437166,"2020"
"1233",2020-02-06,440100,"02-06","guangdong",2.18543251042925,"2020"
"1234",2020-02-07,440100,"02-07","guangdong",2.21331521986672,"2020"
"1235",2020-02-08,440100,"02-08","guangdong",2.07509966912647,"2020"
"1236",2020-02-09,440100,"02-09","guangdong",2.06117759784132,"2020"
"1237",2020-02-10,440100,"02-10","guangdong",2.42101049134298,"2020"
"1238",2020-02-11,440100,"02-11","guangdong",2.36049689206198,"2020"
"1239",2020-02-12,440100,"02-12","guangdong",2.43531151827171,"2020"
"1240",2020-02-13,440100,"02-13","guangdong",2.35119783395705,"2020"
"1241",2020-02-14,440100,"02-14","guangdong",2.36073741912331,"2020"
"1242",2020-02-15,440100,"02-15","guangdong",2.17415814744499,"2020"
"1243",2020-02-16,440100,"02-16","guangdong",2.00274011788948,"2020"
"1244",2020-02-17,440100,"02-17","guangdong",2.58094998074114,"2020"
"1245",2020-02-18,440100,"02-18","guangdong",2.64719394945549,"2020"
"1246",2020-02-19,440100,"02-19","guangdong",2.72850697518028,"2020"
"1247",2020-02-20,440100,"02-20","guangdong",2.85609095949115,"2020"
"1248",2020-02-21,440100,"02-21","guangdong",3.02219915934549,"2020"
"1249",2020-02-22,440100,"02-22","guangdong",2.86431482816466,"2020"
"1250",2020-02-23,440100,"02-23","guangdong",2.74647220241378,"2020"
"1251",2020-02-24,440100,"02-24","guangdong",3.37402836082895,"2020"
"1252",2020-02-25,440100,"02-25","guangdong",3.37409539292284,"2020"
"1253",2020-02-26,440100,"02-26","guangdong",3.42588894804528,"2020"
"1254",2020-02-27,440100,"02-27","guangdong",3.45707944027228,"2020"
"1255",2020-02-28,440100,"02-28","guangdong",3.54089100306037,"2020"
"1256",2020-02-29,440100,"02-29","guangdong",3.42489922954036,"2020"
"1257",2020-03-01,440100,"03-01","guangdong",3.30265647592327,"2020"
"1258",2020-03-02,440100,"03-02","guangdong",3.77227218694355,"2020"
"1259",2020-03-03,440100,"03-03","guangdong",3.72558838332919,"2020"
"1260",2020-03-04,440100,"03-04","guangdong",3.53353005866059,"2020"
"1261",2020-03-05,440100,"03-05","guangdong",3.71924183255947,"2020"
"1262",2020-03-06,440100,"03-06","guangdong",3.79364624704803,"2020"
"1263",2020-03-07,440100,"03-07","guangdong",3.57936745873552,"2020"
"1264",2020-03-08,440100,"03-08","guangdong",3.44174102495022,"2020"
"1265",2020-03-09,440100,"03-09","guangdong",3.95801393520604,"2020"
"1266",2020-03-10,440100,"03-10","guangdong",3.95155061986167,"2020"
"1267",2020-03-11,440100,"03-11","guangdong",3.90987410725186,"2020"
"1268",2020-03-12,440100,"03-12","guangdong",3.91059032984218,"2020"
"1269",2020-03-13,440100,"03-13","guangdong",4.00006070866291,"2020"
"1270",2020-03-14,440100,"03-14","guangdong",3.73893077502705,"2020"
"1271",2020-03-15,440100,"03-15","guangdong",3.60559196063615,"2020"
"1272",2020-03-16,440100,"03-16","guangdong",4.08480469537324,"2020"
"1273",2020-03-17,440100,"03-17","guangdong",4.04810222708196,"2020"
"1274",2020-03-18,440100,"03-18","guangdong",3.95212169105421,"2020"
"1275",2020-03-19,440100,"03-19","guangdong",3.94715530692098,"2020"
"1276",2020-03-20,440100,"03-20","guangdong",4.12040977971232,"2020"
"1277",2020-03-21,440100,"03-21","guangdong",3.85563731493604,"2020"
"1278",2020-03-22,440100,"03-22","guangdong",3.75850837497316,"2020"
"1279",2020-03-23,440100,"03-23","guangdong",4.20138010559749,"2020"
"1280",2020-03-24,440100,"03-24","guangdong",4.16367177019444,"2020"
